force_call_index,state_time,edge_count,edge_identity_sha256,duplicate_edge_count,nonreciprocal_edge_count,dimensionless_cutoff_margin,full_audit,omitted_strict_support_edge_count,unexpected_edge_count
1,0.0,82944,6a242012867dc8b837e29b1a8324e93d22fc3f743ff363b5f117270d386b5a71,0,0,0.0,True,0,0
2,0.00025,82944,6a242012867dc8b837e29b1a8324e93d22fc3f743ff363b5f117270d386b5a71,0,0,0.0,False,0,0
3,0.0005,82944,6a242012867dc8b837e29b1a8324e93d22fc3f743ff363b5f117270d386b5a71,0,0,0.0,False,0,0
4,0.00075,82944,6a242012867dc8b837e29b1a8324e93d22fc3f743ff363b5f117270d386b5a71,0,0,0.0,False,0,0
5,0.001,82944,6a242012867dc8b837e29b1a8324e93d22fc3f743ff363b5f117270d386b5a71,0,0,0.0,False,0,0
6,0.00125,82944,6a242012867dc8b837e29b1a8324e93d22fc3f743ff363b5f117270d386b5a71,0,0,0.0,False,0,0
7,0.0015,82944,6a242012867dc8b837e29b1a8324e93d22fc3f743ff363b5f117270d386b5a71,0,0,0.0,False,0,0
8,0.00175,82944,6a242012867dc8b837e29b1a8324e93d22fc3f743ff363b5f117270d386b5a71,0,0,0.0,False,0,0
9,0.002,82944,6a242012867dc8b837e29b1a8324e93d22fc3f743ff363b5f117270d386b5a71,0,0,0.0,False,0,0
10,0.0022500000000000003,82944,6a242012867dc8b837e29b1a8324e93d22fc3f743ff363b5f117270d386b5a71,0,0,0.0,False,0,0
11,0.0025,82944,6a242012867dc8b837e29b1a8324e93d22fc3f743ff363b5f117270d386b5a71,0,0,0.0,False,0,0
12,0.00275,82944,6a242012867dc8b837e29b1a8324e93d22fc3f743ff363b5f117270d386b5a71,0,0,0.0,False,0,0
13,0.003,82944,6a242012867dc8b837e29b1a8324e93d22fc3f743ff363b5f117270d386b5a71,0,0,0.0,False,0,0
14,0.0032500000000000003,82944,6a242012867dc8b837e29b1a8324e93d22fc3f743ff363b5f117270d386b5a71,0,0,0.0,False,0,0
15,0.0035,82944,6a242012867dc8b837e29b1a8324e93d22fc3f743ff363b5f117270d386b5a71,0,0,0.0,False,0,0
16,0.00375,82944,6a242012867dc8b837e29b1a8324e93d22fc3f743ff363b5f117270d386b5a71,0,0,0.0,False,0,0
17,0.004,82944,6a242012867dc8b837e29b1a8324e93d22fc3f743ff363b5f117270d386b5a71,0,0,0.0,False,0,0
18,0.00425,82944,6a242012867dc8b837e29b1a8324e93d22fc3f743ff363b5f117270d386b5a71,0,0,0.0,False,0,0
19,0.0045000000000000005,82944,6a242012867dc8b837e29b1a8324e93d22fc3f743ff363b5f117270d386b5a71,0,0,0.0,False,0,0
20,0.004750000000000001,82944,6a242012867dc8b837e29b1a8324e93d22fc3f743ff363b5f117270d386b5a71,0,0,0.0,False,0,0
21,0.005000000000000001,82944,6a242012867dc8b837e29b1a8324e93d22fc3f743ff363b5f117270d386b5a71,0,0,0.0,False,0,0
22,0.005250000000000001,82944,6a242012867dc8b837e29b1a8324e93d22fc3f743ff363b5f117270d386b5a71,0,0,0.0,False,0,0
23,0.005500000000000001,82944,6a242012867dc8b837e29b1a8324e93d22fc3f743ff363b5f117270d386b5a71,0,0,0.0,False,0,0
24,0.005750000000000002,82944,6a242012867dc8b837e29b1a8324e93d22fc3f743ff363b5f117270d386b5a71,0,0,0.0,False,0,0
25,0.006000000000000002,82944,6a242012867dc8b837e29b1a8324e93d22fc3f743ff363b5f117270d386b5a71,0,0,0.0,False,0,0
26,0.006250000000000002,82944,6a242012867dc8b837e29b1a8324e93d22fc3f743ff363b5f117270d386b5a71,0,0,0.0,False,0,0
27,0.006500000000000002,82944,6a242012867dc8b837e29b1a8324e93d22fc3f743ff363b5f117270d386b5a71,0,0,0.0,False,0,0
28,0.0067500000000000025,82944,6a242012867dc8b837e29b1a8324e93d22fc3f743ff363b5f117270d386b5a71,0,0,0.0,False,0,0
29,0.007000000000000003,82944,6a242012867dc8b837e29b1a8324e93d22fc3f743ff363b5f117270d386b5a71,0,0,0.0,False,0,0
30,0.007250000000000003,82944,6a242012867dc8b837e29b1a8324e93d22fc3f743ff363b5f117270d386b5a71,0,0,0.0,False,0,0
31,0.007500000000000003,82944,6a242012867dc8b837e29b1a8324e93d22fc3f743ff363b5f117270d386b5a71,0,0,0.0,False,0,0
32,0.007750000000000003,82944,6a242012867dc8b837e29b1a8324e93d22fc3f743ff363b5f117270d386b5a71,0,0,0.0,False,0,0
33,0.008000000000000004,82944,6a242012867dc8b837e29b1a8324e93d22fc3f743ff363b5f117270d386b5a71,0,0,0.0,False,0,0
34,0.008250000000000004,82944,6a242012867dc8b837e29b1a8324e93d22fc3f743ff363b5f117270d386b5a71,0,0,0.0,False,0,0
35,0.008500000000000004,82944,6a242012867dc8b837e29b1a8324e93d22fc3f743ff363b5f117270d386b5a71,0,0,0.0,False,0,0
36,0.008750000000000004,82944,6a242012867dc8b837e29b1a8324e93d22fc3f743ff363b5f117270d386b5a71,0,0,0.0,False,0,0
37,0.009000000000000005,82944,6a242012867dc8b837e29b1a8324e93d22fc3f743ff363b5f117270d386b5a71,0,0,0.0,False,0,0
38,0.009250000000000005,82944,6a242012867dc8b837e29b1a8324e93d22fc3f743ff363b5f117270d386b5a71,0,0,0.0,False,0,0
39,0.009500000000000005,82944,6a242012867dc8b837e29b1a8324e93d22fc3f743ff363b5f117270d386b5a71,0,0,0.0,False,0,0
40,0.009750000000000005,82944,6a242012867dc8b837e29b1a8324e93d22fc3f743ff363b5f117270d386b5a71,0,0,0.0,False,0,0
41,0.010000000000000005,82944,6a242012867dc8b837e29b1a8324e93d22fc3f743ff363b5f117270d386b5a71,0,0,0.0,False,0,0
42,0.010250000000000006,82944,6a242012867dc8b837e29b1a8324e93d22fc3f743ff363b5f117270d386b5a71,0,0,0.0,False,0,0
43,0.010500000000000006,82944,6a242012867dc8b837e29b1a8324e93d22fc3f743ff363b5f117270d386b5a71,0,0,0.0,False,0,0
44,0.010750000000000006,82944,6a242012867dc8b837e29b1a8324e93d22fc3f743ff363b5f117270d386b5a71,0,0,0.0,False,0,0
45,0.011000000000000006,82944,6a242012867dc8b837e29b1a8324e93d22fc3f743ff363b5f117270d386b5a71,0,0,0.0,False,0,0
46,0.011250000000000007,82944,6a242012867dc8b837e29b1a8324e93d22fc3f743ff363b5f117270d386b5a71,0,0,0.0,False,0,0
47,0.011500000000000007,82944,6a242012867dc8b837e29b1a8324e93d22fc3f743ff363b5f117270d386b5a71,0,0,0.0,False,0,0
48,0.011750000000000007,82944,6a242012867dc8b837e29b1a8324e93d22fc3f743ff363b5f117270d386b5a71,0,0,0.0,False,0,0
49,0.012000000000000007,82944,6a242012867dc8b837e29b1a8324e93d22fc3f743ff363b5f117270d386b5a71,0,0,0.0,False,0,0
50,0.012250000000000007,82944,6a242012867dc8b837e29b1a8324e93d22fc3f743ff363b5f117270d386b5a71,0,0,0.0,False,0,0
51,0.012500000000000008,82944,6a242012867dc8b837e29b1a8324e93d22fc3f743ff363b5f117270d386b5a71,0,0,0.0,False,0,0
52,0.012750000000000008,82944,6a242012867dc8b837e29b1a8324e93d22fc3f743ff363b5f117270d386b5a71,0,0,0.0,False,0,0
53,0.013000000000000008,82944,6a242012867dc8b837e29b1a8324e93d22fc3f743ff363b5f117270d386b5a71,0,0,0.0,False,0,0
54,0.013250000000000008,82944,6a242012867dc8b837e29b1a8324e93d22fc3f743ff363b5f117270d386b5a71,0,0,0.0,False,0,0
55,0.013500000000000009,82944,6a242012867dc8b837e29b1a8324e93d22fc3f743ff363b5f117270d386b5a71,0,0,0.0,False,0,0
56,0.013750000000000009,82944,6a242012867dc8b837e29b1a8324e93d22fc3f743ff363b5f117270d386b5a71,0,0,0.0,False,0,0
57,0.014000000000000009,82944,6a242012867dc8b837e29b1a8324e93d22fc3f743ff363b5f117270d386b5a71,0,0,0.0,False,0,0
58,0.01425000000000001,82944,6a242012867dc8b837e29b1a8324e93d22fc3f743ff363b5f117270d386b5a71,0,0,0.0,False,0,0
59,0.01450000000000001,82944,6a242012867dc8b837e29b1a8324e93d22fc3f743ff363b5f117270d386b5a71,0,0,0.0,False,0,0
60,0.01475000000000001,82944,6a242012867dc8b837e29b1a8324e93d22fc3f743ff363b5f117270d386b5a71,0,0,0.0,False,0,0
61,0.01500000000000001,82944,6a242012867dc8b837e29b1a8324e93d22fc3f743ff363b5f117270d386b5a71,0,0,0.0,False,0,0
62,0.01525000000000001,82944,6a242012867dc8b837e29b1a8324e93d22fc3f743ff363b5f117270d386b5a71,0,0,0.0,False,0,0
63,0.01550000000000001,82944,6a242012867dc8b837e29b1a8324e93d22fc3f743ff363b5f117270d386b5a71,0,0,0.0,False,0,0
64,0.01575000000000001,82944,6a242012867dc8b837e29b1a8324e93d22fc3f743ff363b5f117270d386b5a71,0,0,0.0,False,0,0
65,0.01600000000000001,82944,6a242012867dc8b837e29b1a8324e93d22fc3f743ff363b5f117270d386b5a71,0,0,0.0,False,0,0
66,0.01625000000000001,82944,6a242012867dc8b837e29b1a8324e93d22fc3f743ff363b5f117270d386b5a71,0,0,0.0,False,0,0
67,0.01650000000000001,82944,6a242012867dc8b837e29b1a8324e93d22fc3f743ff363b5f117270d386b5a71,0,0,0.0,False,0,0
68,0.01675000000000001,82944,6a242012867dc8b837e29b1a8324e93d22fc3f743ff363b5f117270d386b5a71,0,0,0.0,False,0,0
69,0.01700000000000001,82944,6a242012867dc8b837e29b1a8324e93d22fc3f743ff363b5f117270d386b5a71,0,0,0.0,False,0,0
70,0.017250000000000012,82944,6a242012867dc8b837e29b1a8324e93d22fc3f743ff363b5f117270d386b5a71,0,0,0.0,False,0,0
71,0.017500000000000012,82944,6a242012867dc8b837e29b1a8324e93d22fc3f743ff363b5f117270d386b5a71,0,0,0.0,False,0,0
72,0.017750000000000012,82944,6a242012867dc8b837e29b1a8324e93d22fc3f743ff363b5f117270d386b5a71,0,0,0.0,False,0,0
73,0.018000000000000013,82944,6a242012867dc8b837e29b1a8324e93d22fc3f743ff363b5f117270d386b5a71,0,0,0.0,False,0,0
74,0.018250000000000013,82944,6a242012867dc8b837e29b1a8324e93d22fc3f743ff363b5f117270d386b5a71,0,0,0.0,False,0,0
75,0.018500000000000013,82944,6a242012867dc8b837e29b1a8324e93d22fc3f743ff363b5f117270d386b5a71,0,0,0.0,False,0,0
76,0.018750000000000013,82944,6a242012867dc8b837e29b1a8324e93d22fc3f743ff363b5f117270d386b5a71,0,0,0.0,False,0,0
77,0.019000000000000013,82944,6a242012867dc8b837e29b1a8324e93d22fc3f743ff363b5f117270d386b5a71,0,0,0.0,False,0,0
78,0.019250000000000014,82944,6a242012867dc8b837e29b1a8324e93d22fc3f743ff363b5f117270d386b5a71,0,0,0.0,False,0,0
79,0.019500000000000014,82944,6a242012867dc8b837e29b1a8324e93d22fc3f743ff363b5f117270d386b5a71,0,0,0.0,False,0,0
80,0.019750000000000014,82944,6a242012867dc8b837e29b1a8324e93d22fc3f743ff363b5f117270d386b5a71,0,0,0.0,False,0,0
81,0.020000000000000014,82944,6a242012867dc8b837e29b1a8324e93d22fc3f743ff363b5f117270d386b5a71,0,0,0.0,False,0,0
82,0.020250000000000015,82944,6a242012867dc8b837e29b1a8324e93d22fc3f743ff363b5f117270d386b5a71,0,0,0.0,False,0,0
83,0.020500000000000015,82944,6a242012867dc8b837e29b1a8324e93d22fc3f743ff363b5f117270d386b5a71,0,0,0.0,False,0,0
84,0.020750000000000015,82944,6a242012867dc8b837e29b1a8324e93d22fc3f743ff363b5f117270d386b5a71,0,0,0.0,False,0,0
85,0.021000000000000015,82944,6a242012867dc8b837e29b1a8324e93d22fc3f743ff363b5f117270d386b5a71,0,0,0.0,False,0,0
86,0.021250000000000015,82944,6a242012867dc8b837e29b1a8324e93d22fc3f743ff363b5f117270d386b5a71,0,0,0.0,False,0,0
87,0.021500000000000016,82944,6a242012867dc8b837e29b1a8324e93d22fc3f743ff363b5f117270d386b5a71,0,0,0.0,False,0,0
88,0.021750000000000016,82944,6a242012867dc8b837e29b1a8324e93d22fc3f743ff363b5f117270d386b5a71,0,0,0.0,False,0,0
89,0.022000000000000016,82944,6a242012867dc8b837e29b1a8324e93d22fc3f743ff363b5f117270d386b5a71,0,0,0.0,False,0,0
90,0.022250000000000016,82944,6a242012867dc8b837e29b1a8324e93d22fc3f743ff363b5f117270d386b5a71,0,0,0.0,False,0,0
91,0.022500000000000017,82944,6a242012867dc8b837e29b1a8324e93d22fc3f743ff363b5f117270d386b5a71,0,0,0.0,False,0,0
92,0.022750000000000017,82944,6a242012867dc8b837e29b1a8324e93d22fc3f743ff363b5f117270d386b5a71,0,0,0.0,False,0,0
93,0.023000000000000017,82944,6a242012867dc8b837e29b1a8324e93d22fc3f743ff363b5f117270d386b5a71,0,0,0.0,False,0,0
94,0.023250000000000017,82944,6a242012867dc8b837e29b1a8324e93d22fc3f743ff363b5f117270d386b5a71,0,0,0.0,False,0,0
95,0.023500000000000017,82944,6a242012867dc8b837e29b1a8324e93d22fc3f743ff363b5f117270d386b5a71,0,0,0.0,False,0,0
96,0.023750000000000018,82944,6a242012867dc8b837e29b1a8324e93d22fc3f743ff363b5f117270d386b5a71,0,0,0.0,False,0,0
97,0.024000000000000018,82944,6a242012867dc8b837e29b1a8324e93d22fc3f743ff363b5f117270d386b5a71,0,0,0.0,False,0,0
98,0.024250000000000018,82944,6a242012867dc8b837e29b1a8324e93d22fc3f743ff363b5f117270d386b5a71,0,0,0.0,False,0,0
99,0.02450000000000002,82944,6a242012867dc8b837e29b1a8324e93d22fc3f743ff363b5f117270d386b5a71,0,0,0.0,False,0,0
100,0.02475000000000002,82944,6a242012867dc8b837e29b1a8324e93d22fc3f743ff363b5f117270d386b5a71,0,0,0.0,False,0,0
101,0.02500000000000002,82944,6a242012867dc8b837e29b1a8324e93d22fc3f743ff363b5f117270d386b5a71,0,0,0.0,False,0,0
102,0.02525000000000002,82944,6a242012867dc8b837e29b1a8324e93d22fc3f743ff363b5f117270d386b5a71,0,0,0.0,False,0,0
103,0.02550000000000002,82944,6a242012867dc8b837e29b1a8324e93d22fc3f743ff363b5f117270d386b5a71,0,0,0.0,False,0,0
104,0.02575000000000002,82944,6a242012867dc8b837e29b1a8324e93d22fc3f743ff363b5f117270d386b5a71,0,0,0.0,False,0,0
105,0.02600000000000002,82944,6a242012867dc8b837e29b1a8324e93d22fc3f743ff363b5f117270d386b5a71,0,0,0.0,False,0,0
106,0.02625000000000002,82944,6a242012867dc8b837e29b1a8324e93d22fc3f743ff363b5f117270d386b5a71,0,0,0.0,False,0,0
107,0.02650000000000002,82944,6a242012867dc8b837e29b1a8324e93d22fc3f743ff363b5f117270d386b5a71,0,0,0.0,False,0,0
108,0.02675000000000002,82944,6a242012867dc8b837e29b1a8324e93d22fc3f743ff363b5f117270d386b5a71,0,0,0.0,False,0,0
109,0.02700000000000002,82944,6a242012867dc8b837e29b1a8324e93d22fc3f743ff363b5f117270d386b5a71,0,0,0.0,False,0,0
110,0.02725000000000002,82944,6a242012867dc8b837e29b1a8324e93d22fc3f743ff363b5f117270d386b5a71,0,0,0.0,False,0,0
111,0.02750000000000002,82944,6a242012867dc8b837e29b1a8324e93d22fc3f743ff363b5f117270d386b5a71,0,0,0.0,False,0,0
112,0.02775000000000002,82944,6a242012867dc8b837e29b1a8324e93d22fc3f743ff363b5f117270d386b5a71,0,0,0.0,False,0,0
113,0.02800000000000002,82944,6a242012867dc8b837e29b1a8324e93d22fc3f743ff363b5f117270d386b5a71,0,0,0.0,False,0,0
114,0.02825000000000002,82944,6a242012867dc8b837e29b1a8324e93d22fc3f743ff363b5f117270d386b5a71,0,0,0.0,False,0,0
115,0.028500000000000022,82944,6a242012867dc8b837e29b1a8324e93d22fc3f743ff363b5f117270d386b5a71,0,0,0.0,False,0,0
116,0.028750000000000022,82944,6a242012867dc8b837e29b1a8324e93d22fc3f743ff363b5f117270d386b5a71,0,0,0.0,False,0,0
117,0.029000000000000022,82944,6a242012867dc8b837e29b1a8324e93d22fc3f743ff363b5f117270d386b5a71,0,0,0.0,False,0,0
118,0.029250000000000023,82944,6a242012867dc8b837e29b1a8324e93d22fc3f743ff363b5f117270d386b5a71,0,0,0.0,False,0,0
119,0.029500000000000023,82944,6a242012867dc8b837e29b1a8324e93d22fc3f743ff363b5f117270d386b5a71,0,0,0.0,False,0,0
120,0.029750000000000023,82944,6a242012867dc8b837e29b1a8324e93d22fc3f743ff363b5f117270d386b5a71,0,0,0.0,False,0,0
121,0.030000000000000023,82944,6a242012867dc8b837e29b1a8324e93d22fc3f743ff363b5f117270d386b5a71,0,0,0.0,False,0,0
122,0.030250000000000023,82944,6a242012867dc8b837e29b1a8324e93d22fc3f743ff363b5f117270d386b5a71,0,0,0.0,False,0,0
123,0.030500000000000024,82944,6a242012867dc8b837e29b1a8324e93d22fc3f743ff363b5f117270d386b5a71,0,0,0.0,False,0,0
124,0.030750000000000024,82944,6a242012867dc8b837e29b1a8324e93d22fc3f743ff363b5f117270d386b5a71,0,0,0.0,False,0,0
125,0.031000000000000024,82944,6a242012867dc8b837e29b1a8324e93d22fc3f743ff363b5f117270d386b5a71,0,0,0.0,False,0,0
126,0.03125000000000002,82944,6a242012867dc8b837e29b1a8324e93d22fc3f743ff363b5f117270d386b5a71,0,0,0.0,False,0,0
127,0.03150000000000002,82944,6a242012867dc8b837e29b1a8324e93d22fc3f743ff363b5f117270d386b5a71,0,0,0.0,False,0,0
128,0.03175000000000002,82944,6a242012867dc8b837e29b1a8324e93d22fc3f743ff363b5f117270d386b5a71,0,0,0.0,False,0,0
129,0.03200000000000002,82944,6a242012867dc8b837e29b1a8324e93d22fc3f743ff363b5f117270d386b5a71,0,0,0.0,False,0,0
130,0.03225000000000002,82944,6a242012867dc8b837e29b1a8324e93d22fc3f743ff363b5f117270d386b5a71,0,0,0.0,False,0,0
131,0.03250000000000002,82944,6a242012867dc8b837e29b1a8324e93d22fc3f743ff363b5f117270d386b5a71,0,0,0.0,False,0,0
132,0.03275000000000002,82944,6a242012867dc8b837e29b1a8324e93d22fc3f743ff363b5f117270d386b5a71,0,0,0.0,False,0,0
133,0.03300000000000002,82944,6a242012867dc8b837e29b1a8324e93d22fc3f743ff363b5f117270d386b5a71,0,0,0.0,False,0,0
134,0.03325000000000002,82944,6a242012867dc8b837e29b1a8324e93d22fc3f743ff363b5f117270d386b5a71,0,0,0.0,False,0,0
135,0.03350000000000002,82944,6a242012867dc8b837e29b1a8324e93d22fc3f743ff363b5f117270d386b5a71,0,0,0.0,False,0,0
136,0.03375000000000002,82944,6a242012867dc8b837e29b1a8324e93d22fc3f743ff363b5f117270d386b5a71,0,0,0.0,False,0,0
137,0.03400000000000002,82944,6a242012867dc8b837e29b1a8324e93d22fc3f743ff363b5f117270d386b5a71,0,0,0.0,False,0,0
138,0.034250000000000023,82944,6a242012867dc8b837e29b1a8324e93d22fc3f743ff363b5f117270d386b5a71,0,0,0.0,False,0,0
139,0.034500000000000024,82944,6a242012867dc8b837e29b1a8324e93d22fc3f743ff363b5f117270d386b5a71,0,0,0.0,False,0,0
140,0.034750000000000024,82944,6a242012867dc8b837e29b1a8324e93d22fc3f743ff363b5f117270d386b5a71,0,0,0.0,False,0,0
141,0.035000000000000024,82944,6a242012867dc8b837e29b1a8324e93d22fc3f743ff363b5f117270d386b5a71,0,0,0.0,False,0,0
142,0.035250000000000024,82944,6a242012867dc8b837e29b1a8324e93d22fc3f743ff363b5f117270d386b5a71,0,0,0.0,False,0,0
143,0.035500000000000025,82944,6a242012867dc8b837e29b1a8324e93d22fc3f743ff363b5f117270d386b5a71,0,0,0.0,False,0,0
144,0.035750000000000025,82944,6a242012867dc8b837e29b1a8324e93d22fc3f743ff363b5f117270d386b5a71,0,0,0.0,False,0,0
145,0.036000000000000025,82944,6a242012867dc8b837e29b1a8324e93d22fc3f743ff363b5f117270d386b5a71,0,0,0.0,False,0,0
146,0.036250000000000025,82944,6a242012867dc8b837e29b1a8324e93d22fc3f743ff363b5f117270d386b5a71,0,0,0.0,False,0,0
147,0.036500000000000025,82944,6a242012867dc8b837e29b1a8324e93d22fc3f743ff363b5f117270d386b5a71,0,0,0.0,False,0,0
148,0.036750000000000026,82944,6a242012867dc8b837e29b1a8324e93d22fc3f743ff363b5f117270d386b5a71,0,0,0.0,False,0,0
149,0.037000000000000026,82944,6a242012867dc8b837e29b1a8324e93d22fc3f743ff363b5f117270d386b5a71,0,0,0.0,False,0,0
150,0.037250000000000026,82944,6a242012867dc8b837e29b1a8324e93d22fc3f743ff363b5f117270d386b5a71,0,0,0.0,False,0,0
151,0.037500000000000026,82944,6a242012867dc8b837e29b1a8324e93d22fc3f743ff363b5f117270d386b5a71,0,0,0.0,False,0,0
152,0.03775000000000003,82944,6a242012867dc8b837e29b1a8324e93d22fc3f743ff363b5f117270d386b5a71,0,0,0.0,False,0,0
153,0.03800000000000003,82944,6a242012867dc8b837e29b1a8324e93d22fc3f743ff363b5f117270d386b5a71,0,0,0.0,False,0,0
154,0.03825000000000003,82944,6a242012867dc8b837e29b1a8324e93d22fc3f743ff363b5f117270d386b5a71,0,0,0.0,False,0,0
155,0.03850000000000003,82944,6a242012867dc8b837e29b1a8324e93d22fc3f743ff363b5f117270d386b5a71,0,0,0.0,False,0,0
156,0.03875000000000003,82944,6a242012867dc8b837e29b1a8324e93d22fc3f743ff363b5f117270d386b5a71,0,0,0.0,False,0,0
157,0.03900000000000003,82944,6a242012867dc8b837e29b1a8324e93d22fc3f743ff363b5f117270d386b5a71,0,0,0.0,False,0,0
158,0.03925000000000003,82944,6a242012867dc8b837e29b1a8324e93d22fc3f743ff363b5f117270d386b5a71,0,0,0.0,False,0,0
159,0.03950000000000003,82944,6a242012867dc8b837e29b1a8324e93d22fc3f743ff363b5f117270d386b5a71,0,0,0.0,False,0,0
160,0.03975000000000003,82944,6a242012867dc8b837e29b1a8324e93d22fc3f743ff363b5f117270d386b5a71,0,0,0.0,False,0,0
161,0.04000000000000003,82944,6a242012867dc8b837e29b1a8324e93d22fc3f743ff363b5f117270d386b5a71,0,0,0.0,False,0,0
162,0.04025000000000003,82944,6a242012867dc8b837e29b1a8324e93d22fc3f743ff363b5f117270d386b5a71,0,0,0.0,False,0,0
163,0.04050000000000003,82944,6a242012867dc8b837e29b1a8324e93d22fc3f743ff363b5f117270d386b5a71,0,0,0.0,False,0,0
164,0.04075000000000003,82944,6a242012867dc8b837e29b1a8324e93d22fc3f743ff363b5f117270d386b5a71,0,0,0.0,False,0,0
165,0.04100000000000003,82944,6a242012867dc8b837e29b1a8324e93d22fc3f743ff363b5f117270d386b5a71,0,0,0.0,False,0,0
166,0.04125000000000003,82944,6a242012867dc8b837e29b1a8324e93d22fc3f743ff363b5f117270d386b5a71,0,0,0.0,False,0,0
167,0.04150000000000003,82944,6a242012867dc8b837e29b1a8324e93d22fc3f743ff363b5f117270d386b5a71,0,0,0.0,False,0,0
168,0.04175000000000003,82944,6a242012867dc8b837e29b1a8324e93d22fc3f743ff363b5f117270d386b5a71,0,0,0.0,False,0,0
169,0.04200000000000003,82944,6a242012867dc8b837e29b1a8324e93d22fc3f743ff363b5f117270d386b5a71,0,0,0.0,False,0,0
170,0.04225000000000003,82944,6a242012867dc8b837e29b1a8324e93d22fc3f743ff363b5f117270d386b5a71,0,0,0.0,False,0,0
171,0.04250000000000003,82944,6a242012867dc8b837e29b1a8324e93d22fc3f743ff363b5f117270d386b5a71,0,0,0.0,False,0,0
172,0.04275000000000003,82944,6a242012867dc8b837e29b1a8324e93d22fc3f743ff363b5f117270d386b5a71,0,0,0.0,False,0,0
173,0.04300000000000003,82944,6a242012867dc8b837e29b1a8324e93d22fc3f743ff363b5f117270d386b5a71,0,0,0.0,False,0,0
174,0.04325000000000003,82944,6a242012867dc8b837e29b1a8324e93d22fc3f743ff363b5f117270d386b5a71,0,0,0.0,False,0,0
175,0.04350000000000003,82944,6a242012867dc8b837e29b1a8324e93d22fc3f743ff363b5f117270d386b5a71,0,0,0.0,False,0,0
176,0.04375000000000003,82944,6a242012867dc8b837e29b1a8324e93d22fc3f743ff363b5f117270d386b5a71,0,0,0.0,False,0,0
177,0.04400000000000003,82944,6a242012867dc8b837e29b1a8324e93d22fc3f743ff363b5f117270d386b5a71,0,0,0.0,False,0,0
178,0.04425000000000003,82944,6a242012867dc8b837e29b1a8324e93d22fc3f743ff363b5f117270d386b5a71,0,0,0.0,False,0,0
179,0.04450000000000003,82944,6a242012867dc8b837e29b1a8324e93d22fc3f743ff363b5f117270d386b5a71,0,0,0.0,False,0,0
180,0.04475000000000003,82944,6a242012867dc8b837e29b1a8324e93d22fc3f743ff363b5f117270d386b5a71,0,0,0.0,False,0,0
181,0.04500000000000003,82944,6a242012867dc8b837e29b1a8324e93d22fc3f743ff363b5f117270d386b5a71,0,0,0.0,False,0,0
182,0.04525000000000003,82944,6a242012867dc8b837e29b1a8324e93d22fc3f743ff363b5f117270d386b5a71,0,0,0.0,False,0,0
183,0.045500000000000033,82944,6a242012867dc8b837e29b1a8324e93d22fc3f743ff363b5f117270d386b5a71,0,0,0.0,False,0,0
184,0.045750000000000034,82944,6a242012867dc8b837e29b1a8324e93d22fc3f743ff363b5f117270d386b5a71,0,0,0.0,False,0,0
185,0.046000000000000034,82944,6a242012867dc8b837e29b1a8324e93d22fc3f743ff363b5f117270d386b5a71,0,0,0.0,False,0,0
186,0.046250000000000034,82944,6a242012867dc8b837e29b1a8324e93d22fc3f743ff363b5f117270d386b5a71,0,0,0.0,False,0,0
187,0.046500000000000034,82944,6a242012867dc8b837e29b1a8324e93d22fc3f743ff363b5f117270d386b5a71,0,0,0.0,False,0,0
188,0.046750000000000035,82944,6a242012867dc8b837e29b1a8324e93d22fc3f743ff363b5f117270d386b5a71,0,0,0.0,False,0,0
189,0.047000000000000035,82944,6a242012867dc8b837e29b1a8324e93d22fc3f743ff363b5f117270d386b5a71,0,0,0.0,False,0,0
190,0.047250000000000035,82944,6a242012867dc8b837e29b1a8324e93d22fc3f743ff363b5f117270d386b5a71,0,0,0.0,False,0,0
191,0.047500000000000035,82944,6a242012867dc8b837e29b1a8324e93d22fc3f743ff363b5f117270d386b5a71,0,0,0.0,False,0,0
192,0.047750000000000035,82944,6a242012867dc8b837e29b1a8324e93d22fc3f743ff363b5f117270d386b5a71,0,0,0.0,False,0,0
193,0.048000000000000036,82944,6a242012867dc8b837e29b1a8324e93d22fc3f743ff363b5f117270d386b5a71,0,0,0.0,False,0,0
194,0.048250000000000036,82944,6a242012867dc8b837e29b1a8324e93d22fc3f743ff363b5f117270d386b5a71,0,0,0.0,False,0,0
195,0.048500000000000036,82944,6a242012867dc8b837e29b1a8324e93d22fc3f743ff363b5f117270d386b5a71,0,0,0.0,False,0,0
196,0.048750000000000036,82944,6a242012867dc8b837e29b1a8324e93d22fc3f743ff363b5f117270d386b5a71,0,0,0.0,False,0,0
197,0.04900000000000004,82944,6a242012867dc8b837e29b1a8324e93d22fc3f743ff363b5f117270d386b5a71,0,0,0.0,False,0,0
198,0.04925000000000004,82944,6a242012867dc8b837e29b1a8324e93d22fc3f743ff363b5f117270d386b5a71,0,0,0.0,False,0,0
199,0.04950000000000004,82944,6a242012867dc8b837e29b1a8324e93d22fc3f743ff363b5f117270d386b5a71,0,0,0.0,False,0,0
200,0.04975000000000004,82944,6a242012867dc8b837e29b1a8324e93d22fc3f743ff363b5f117270d386b5a71,0,0,0.0,False,0,0
201,0.05000000000000004,82944,6a242012867dc8b837e29b1a8324e93d22fc3f743ff363b5f117270d386b5a71,0,0,0.0,True,0,0
202,0.05025000000000004,82944,6a242012867dc8b837e29b1a8324e93d22fc3f743ff363b5f117270d386b5a71,0,0,0.0,False,0,0
203,0.05050000000000004,82944,6a242012867dc8b837e29b1a8324e93d22fc3f743ff363b5f117270d386b5a71,0,0,0.0,False,0,0
204,0.05075000000000004,82944,6a242012867dc8b837e29b1a8324e93d22fc3f743ff363b5f117270d386b5a71,0,0,0.0,False,0,0
205,0.05100000000000004,82944,6a242012867dc8b837e29b1a8324e93d22fc3f743ff363b5f117270d386b5a71,0,0,0.0,False,0,0
206,0.05125000000000004,82944,6a242012867dc8b837e29b1a8324e93d22fc3f743ff363b5f117270d386b5a71,0,0,0.0,False,0,0
207,0.05150000000000004,82944,6a242012867dc8b837e29b1a8324e93d22fc3f743ff363b5f117270d386b5a71,0,0,0.0,False,0,0
208,0.05175000000000004,82944,6a242012867dc8b837e29b1a8324e93d22fc3f743ff363b5f117270d386b5a71,0,0,0.0,False,0,0
209,0.05200000000000004,82944,6a242012867dc8b837e29b1a8324e93d22fc3f743ff363b5f117270d386b5a71,0,0,0.0,False,0,0
210,0.05225000000000004,82944,6a242012867dc8b837e29b1a8324e93d22fc3f743ff363b5f117270d386b5a71,0,0,0.0,False,0,0
211,0.05250000000000004,82944,6a242012867dc8b837e29b1a8324e93d22fc3f743ff363b5f117270d386b5a71,0,0,0.0,False,0,0
212,0.05275000000000004,82944,6a242012867dc8b837e29b1a8324e93d22fc3f743ff363b5f117270d386b5a71,0,0,0.0,False,0,0
213,0.05300000000000004,82944,6a242012867dc8b837e29b1a8324e93d22fc3f743ff363b5f117270d386b5a71,0,0,0.0,False,0,0
214,0.05325000000000004,82944,6a242012867dc8b837e29b1a8324e93d22fc3f743ff363b5f117270d386b5a71,0,0,0.0,False,0,0
215,0.05350000000000004,82944,6a242012867dc8b837e29b1a8324e93d22fc3f743ff363b5f117270d386b5a71,0,0,0.0,False,0,0
216,0.05375000000000004,82944,6a242012867dc8b837e29b1a8324e93d22fc3f743ff363b5f117270d386b5a71,0,0,0.0,False,0,0
217,0.05400000000000004,82944,6a242012867dc8b837e29b1a8324e93d22fc3f743ff363b5f117270d386b5a71,0,0,0.0,False,0,0
218,0.05425000000000004,82944,6a242012867dc8b837e29b1a8324e93d22fc3f743ff363b5f117270d386b5a71,0,0,0.0,False,0,0
219,0.05450000000000004,82944,6a242012867dc8b837e29b1a8324e93d22fc3f743ff363b5f117270d386b5a71,0,0,0.0,False,0,0
220,0.05475000000000004,82944,6a242012867dc8b837e29b1a8324e93d22fc3f743ff363b5f117270d386b5a71,0,0,0.0,False,0,0
221,0.05500000000000004,82944,6a242012867dc8b837e29b1a8324e93d22fc3f743ff363b5f117270d386b5a71,0,0,0.0,False,0,0
222,0.05525000000000004,82944,6a242012867dc8b837e29b1a8324e93d22fc3f743ff363b5f117270d386b5a71,0,0,0.0,False,0,0
223,0.05550000000000004,82944,6a242012867dc8b837e29b1a8324e93d22fc3f743ff363b5f117270d386b5a71,0,0,0.0,False,0,0
224,0.05575000000000004,82944,6a242012867dc8b837e29b1a8324e93d22fc3f743ff363b5f117270d386b5a71,0,0,0.0,False,0,0
225,0.05600000000000004,82944,6a242012867dc8b837e29b1a8324e93d22fc3f743ff363b5f117270d386b5a71,0,0,0.0,False,0,0
226,0.05625000000000004,82944,6a242012867dc8b837e29b1a8324e93d22fc3f743ff363b5f117270d386b5a71,0,0,0.0,False,0,0
227,0.05650000000000004,82944,6a242012867dc8b837e29b1a8324e93d22fc3f743ff363b5f117270d386b5a71,0,0,0.0,False,0,0
228,0.05675000000000004,82944,6a242012867dc8b837e29b1a8324e93d22fc3f743ff363b5f117270d386b5a71,0,0,0.0,False,0,0
229,0.057000000000000044,82944,6a242012867dc8b837e29b1a8324e93d22fc3f743ff363b5f117270d386b5a71,0,0,0.0,False,0,0
230,0.057250000000000044,82944,6a242012867dc8b837e29b1a8324e93d22fc3f743ff363b5f117270d386b5a71,0,0,0.0,False,0,0
231,0.057500000000000044,82944,6a242012867dc8b837e29b1a8324e93d22fc3f743ff363b5f117270d386b5a71,0,0,0.0,False,0,0
232,0.057750000000000044,82944,6a242012867dc8b837e29b1a8324e93d22fc3f743ff363b5f117270d386b5a71,0,0,0.0,False,0,0
233,0.058000000000000045,82944,6a242012867dc8b837e29b1a8324e93d22fc3f743ff363b5f117270d386b5a71,0,0,0.0,False,0,0
234,0.058250000000000045,82944,6a242012867dc8b837e29b1a8324e93d22fc3f743ff363b5f117270d386b5a71,0,0,0.0,False,0,0
235,0.058500000000000045,82944,6a242012867dc8b837e29b1a8324e93d22fc3f743ff363b5f117270d386b5a71,0,0,0.0,False,0,0
236,0.058750000000000045,82944,6a242012867dc8b837e29b1a8324e93d22fc3f743ff363b5f117270d386b5a71,0,0,0.0,False,0,0
237,0.059000000000000045,82944,6a242012867dc8b837e29b1a8324e93d22fc3f743ff363b5f117270d386b5a71,0,0,0.0,False,0,0
238,0.059250000000000046,82944,6a242012867dc8b837e29b1a8324e93d22fc3f743ff363b5f117270d386b5a71,0,0,0.0,False,0,0
239,0.059500000000000046,82944,6a242012867dc8b837e29b1a8324e93d22fc3f743ff363b5f117270d386b5a71,0,0,0.0,False,0,0
240,0.059750000000000046,82944,6a242012867dc8b837e29b1a8324e93d22fc3f743ff363b5f117270d386b5a71,0,0,0.0,False,0,0
241,0.060000000000000046,82944,6a242012867dc8b837e29b1a8324e93d22fc3f743ff363b5f117270d386b5a71,0,0,0.0,False,0,0
242,0.06025000000000005,82944,6a242012867dc8b837e29b1a8324e93d22fc3f743ff363b5f117270d386b5a71,0,0,0.0,False,0,0
243,0.06050000000000005,82944,6a242012867dc8b837e29b1a8324e93d22fc3f743ff363b5f117270d386b5a71,0,0,0.0,False,0,0
244,0.06075000000000005,82944,6a242012867dc8b837e29b1a8324e93d22fc3f743ff363b5f117270d386b5a71,0,0,0.0,False,0,0
245,0.06100000000000005,82944,6a242012867dc8b837e29b1a8324e93d22fc3f743ff363b5f117270d386b5a71,0,0,0.0,False,0,0
246,0.06125000000000005,82944,6a242012867dc8b837e29b1a8324e93d22fc3f743ff363b5f117270d386b5a71,0,0,0.0,False,0,0
247,0.06150000000000005,82944,6a242012867dc8b837e29b1a8324e93d22fc3f743ff363b5f117270d386b5a71,0,0,0.0,False,0,0
248,0.06175000000000005,82944,6a242012867dc8b837e29b1a8324e93d22fc3f743ff363b5f117270d386b5a71,0,0,0.0,False,0,0
249,0.06200000000000005,82944,6a242012867dc8b837e29b1a8324e93d22fc3f743ff363b5f117270d386b5a71,0,0,0.0,False,0,0
250,0.06225000000000005,82944,6a242012867dc8b837e29b1a8324e93d22fc3f743ff363b5f117270d386b5a71,0,0,0.0,False,0,0
251,0.06250000000000004,82944,6a242012867dc8b837e29b1a8324e93d22fc3f743ff363b5f117270d386b5a71,0,0,0.0,False,0,0
252,0.06275000000000004,82944,6a242012867dc8b837e29b1a8324e93d22fc3f743ff363b5f117270d386b5a71,0,0,0.0,False,0,0
253,0.06300000000000004,82944,6a242012867dc8b837e29b1a8324e93d22fc3f743ff363b5f117270d386b5a71,0,0,0.0,False,0,0
254,0.06325000000000004,82944,6a242012867dc8b837e29b1a8324e93d22fc3f743ff363b5f117270d386b5a71,0,0,0.0,False,0,0
255,0.06350000000000004,82944,6a242012867dc8b837e29b1a8324e93d22fc3f743ff363b5f117270d386b5a71,0,0,0.0,False,0,0
256,0.06375000000000004,82944,6a242012867dc8b837e29b1a8324e93d22fc3f743ff363b5f117270d386b5a71,0,0,0.0,False,0,0
257,0.06400000000000004,82944,6a242012867dc8b837e29b1a8324e93d22fc3f743ff363b5f117270d386b5a71,0,0,0.0,False,0,0
258,0.06425000000000004,82944,6a242012867dc8b837e29b1a8324e93d22fc3f743ff363b5f117270d386b5a71,0,0,0.0,False,0,0
259,0.06450000000000004,82944,6a242012867dc8b837e29b1a8324e93d22fc3f743ff363b5f117270d386b5a71,0,0,0.0,False,0,0
260,0.06475000000000004,82944,6a242012867dc8b837e29b1a8324e93d22fc3f743ff363b5f117270d386b5a71,0,0,0.0,False,0,0
261,0.06500000000000004,82944,6a242012867dc8b837e29b1a8324e93d22fc3f743ff363b5f117270d386b5a71,0,0,0.0,False,0,0
262,0.06525000000000004,82944,6a242012867dc8b837e29b1a8324e93d22fc3f743ff363b5f117270d386b5a71,0,0,0.0,False,0,0
263,0.06550000000000004,82944,6a242012867dc8b837e29b1a8324e93d22fc3f743ff363b5f117270d386b5a71,0,0,0.0,False,0,0
264,0.06575000000000004,82944,6a242012867dc8b837e29b1a8324e93d22fc3f743ff363b5f117270d386b5a71,0,0,0.0,False,0,0
265,0.06600000000000004,82944,6a242012867dc8b837e29b1a8324e93d22fc3f743ff363b5f117270d386b5a71,0,0,0.0,False,0,0
266,0.06625000000000004,82944,6a242012867dc8b837e29b1a8324e93d22fc3f743ff363b5f117270d386b5a71,0,0,0.0,False,0,0
267,0.06650000000000005,82944,6a242012867dc8b837e29b1a8324e93d22fc3f743ff363b5f117270d386b5a71,0,0,0.0,False,0,0
268,0.06675000000000005,82944,6a242012867dc8b837e29b1a8324e93d22fc3f743ff363b5f117270d386b5a71,0,0,0.0,False,0,0
269,0.06700000000000005,82944,6a242012867dc8b837e29b1a8324e93d22fc3f743ff363b5f117270d386b5a71,0,0,0.0,False,0,0
270,0.06725000000000005,82944,6a242012867dc8b837e29b1a8324e93d22fc3f743ff363b5f117270d386b5a71,0,0,0.0,False,0,0
271,0.06750000000000005,82944,6a242012867dc8b837e29b1a8324e93d22fc3f743ff363b5f117270d386b5a71,0,0,0.0,False,0,0
272,0.06775000000000005,82944,6a242012867dc8b837e29b1a8324e93d22fc3f743ff363b5f117270d386b5a71,0,0,0.0,False,0,0
273,0.06800000000000005,82944,6a242012867dc8b837e29b1a8324e93d22fc3f743ff363b5f117270d386b5a71,0,0,0.0,False,0,0
274,0.06825000000000005,82944,6a242012867dc8b837e29b1a8324e93d22fc3f743ff363b5f117270d386b5a71,0,0,0.0,False,0,0
275,0.06850000000000005,82944,6a242012867dc8b837e29b1a8324e93d22fc3f743ff363b5f117270d386b5a71,0,0,0.0,False,0,0
276,0.06875000000000005,82944,6a242012867dc8b837e29b1a8324e93d22fc3f743ff363b5f117270d386b5a71,0,0,0.0,False,0,0
277,0.06900000000000005,82944,6a242012867dc8b837e29b1a8324e93d22fc3f743ff363b5f117270d386b5a71,0,0,0.0,False,0,0
278,0.06925000000000005,82944,6a242012867dc8b837e29b1a8324e93d22fc3f743ff363b5f117270d386b5a71,0,0,0.0,False,0,0
279,0.06950000000000005,82944,6a242012867dc8b837e29b1a8324e93d22fc3f743ff363b5f117270d386b5a71,0,0,0.0,False,0,0
280,0.06975000000000005,82944,6a242012867dc8b837e29b1a8324e93d22fc3f743ff363b5f117270d386b5a71,0,0,0.0,False,0,0
281,0.07000000000000005,82944,6a242012867dc8b837e29b1a8324e93d22fc3f743ff363b5f117270d386b5a71,0,0,0.0,False,0,0
282,0.07025000000000005,82944,6a242012867dc8b837e29b1a8324e93d22fc3f743ff363b5f117270d386b5a71,0,0,0.0,False,0,0
283,0.07050000000000005,82944,6a242012867dc8b837e29b1a8324e93d22fc3f743ff363b5f117270d386b5a71,0,0,0.0,False,0,0
284,0.07075000000000005,82944,6a242012867dc8b837e29b1a8324e93d22fc3f743ff363b5f117270d386b5a71,0,0,0.0,False,0,0
285,0.07100000000000005,82944,6a242012867dc8b837e29b1a8324e93d22fc3f743ff363b5f117270d386b5a71,0,0,0.0,False,0,0
286,0.07125000000000005,82944,6a242012867dc8b837e29b1a8324e93d22fc3f743ff363b5f117270d386b5a71,0,0,0.0,False,0,0
287,0.07150000000000005,82944,6a242012867dc8b837e29b1a8324e93d22fc3f743ff363b5f117270d386b5a71,0,0,0.0,False,0,0
288,0.07175000000000005,82944,6a242012867dc8b837e29b1a8324e93d22fc3f743ff363b5f117270d386b5a71,0,0,0.0,False,0,0
289,0.07200000000000005,82944,6a242012867dc8b837e29b1a8324e93d22fc3f743ff363b5f117270d386b5a71,0,0,0.0,False,0,0
290,0.07225000000000005,82944,6a242012867dc8b837e29b1a8324e93d22fc3f743ff363b5f117270d386b5a71,0,0,0.0,False,0,0
291,0.07250000000000005,82944,6a242012867dc8b837e29b1a8324e93d22fc3f743ff363b5f117270d386b5a71,0,0,0.0,False,0,0
292,0.07275000000000005,82944,6a242012867dc8b837e29b1a8324e93d22fc3f743ff363b5f117270d386b5a71,0,0,0.0,False,0,0
293,0.07300000000000005,82944,6a242012867dc8b837e29b1a8324e93d22fc3f743ff363b5f117270d386b5a71,0,0,0.0,False,0,0
294,0.07325000000000005,82944,6a242012867dc8b837e29b1a8324e93d22fc3f743ff363b5f117270d386b5a71,0,0,0.0,False,0,0
295,0.07350000000000005,82944,6a242012867dc8b837e29b1a8324e93d22fc3f743ff363b5f117270d386b5a71,0,0,0.0,False,0,0
296,0.07375000000000005,82944,6a242012867dc8b837e29b1a8324e93d22fc3f743ff363b5f117270d386b5a71,0,0,0.0,False,0,0
297,0.07400000000000005,82944,6a242012867dc8b837e29b1a8324e93d22fc3f743ff363b5f117270d386b5a71,0,0,0.0,False,0,0
298,0.07425000000000005,82944,6a242012867dc8b837e29b1a8324e93d22fc3f743ff363b5f117270d386b5a71,0,0,0.0,False,0,0
299,0.07450000000000005,82944,6a242012867dc8b837e29b1a8324e93d22fc3f743ff363b5f117270d386b5a71,0,0,0.0,False,0,0
300,0.07475000000000005,82944,6a242012867dc8b837e29b1a8324e93d22fc3f743ff363b5f117270d386b5a71,0,0,0.0,False,0,0
301,0.07500000000000005,82944,6a242012867dc8b837e29b1a8324e93d22fc3f743ff363b5f117270d386b5a71,0,0,0.0,False,0,0
302,0.07525000000000005,82944,6a242012867dc8b837e29b1a8324e93d22fc3f743ff363b5f117270d386b5a71,0,0,0.0,False,0,0
303,0.07550000000000005,82944,6a242012867dc8b837e29b1a8324e93d22fc3f743ff363b5f117270d386b5a71,0,0,0.0,False,0,0
304,0.07575000000000005,82944,6a242012867dc8b837e29b1a8324e93d22fc3f743ff363b5f117270d386b5a71,0,0,0.0,False,0,0
305,0.07600000000000005,82944,6a242012867dc8b837e29b1a8324e93d22fc3f743ff363b5f117270d386b5a71,0,0,0.0,False,0,0
306,0.07625000000000005,82944,6a242012867dc8b837e29b1a8324e93d22fc3f743ff363b5f117270d386b5a71,0,0,0.0,False,0,0
307,0.07650000000000005,82944,6a242012867dc8b837e29b1a8324e93d22fc3f743ff363b5f117270d386b5a71,0,0,0.0,False,0,0
308,0.07675000000000005,82944,6a242012867dc8b837e29b1a8324e93d22fc3f743ff363b5f117270d386b5a71,0,0,0.0,False,0,0
309,0.07700000000000005,82944,6a242012867dc8b837e29b1a8324e93d22fc3f743ff363b5f117270d386b5a71,0,0,0.0,False,0,0
310,0.07725000000000005,82944,6a242012867dc8b837e29b1a8324e93d22fc3f743ff363b5f117270d386b5a71,0,0,0.0,False,0,0
311,0.07750000000000005,82944,6a242012867dc8b837e29b1a8324e93d22fc3f743ff363b5f117270d386b5a71,0,0,0.0,False,0,0
312,0.07775000000000006,82944,6a242012867dc8b837e29b1a8324e93d22fc3f743ff363b5f117270d386b5a71,0,0,0.0,False,0,0
313,0.07800000000000006,82944,6a242012867dc8b837e29b1a8324e93d22fc3f743ff363b5f117270d386b5a71,0,0,0.0,False,0,0
314,0.07825000000000006,82944,6a242012867dc8b837e29b1a8324e93d22fc3f743ff363b5f117270d386b5a71,0,0,0.0,False,0,0
315,0.07850000000000006,82944,6a242012867dc8b837e29b1a8324e93d22fc3f743ff363b5f117270d386b5a71,0,0,0.0,False,0,0
316,0.07875000000000006,82944,6a242012867dc8b837e29b1a8324e93d22fc3f743ff363b5f117270d386b5a71,0,0,0.0,False,0,0
317,0.07900000000000006,82944,6a242012867dc8b837e29b1a8324e93d22fc3f743ff363b5f117270d386b5a71,0,0,0.0,False,0,0
318,0.07925000000000006,82944,6a242012867dc8b837e29b1a8324e93d22fc3f743ff363b5f117270d386b5a71,0,0,0.0,False,0,0
319,0.07950000000000006,82944,6a242012867dc8b837e29b1a8324e93d22fc3f743ff363b5f117270d386b5a71,0,0,0.0,False,0,0
320,0.07975000000000006,82944,6a242012867dc8b837e29b1a8324e93d22fc3f743ff363b5f117270d386b5a71,0,0,0.0,False,0,0
321,0.08000000000000006,82944,6a242012867dc8b837e29b1a8324e93d22fc3f743ff363b5f117270d386b5a71,0,0,0.0,False,0,0
322,0.08025000000000006,82944,6a242012867dc8b837e29b1a8324e93d22fc3f743ff363b5f117270d386b5a71,0,0,0.0,False,0,0
323,0.08050000000000006,82944,6a242012867dc8b837e29b1a8324e93d22fc3f743ff363b5f117270d386b5a71,0,0,0.0,False,0,0
324,0.08075000000000006,82944,6a242012867dc8b837e29b1a8324e93d22fc3f743ff363b5f117270d386b5a71,0,0,0.0,False,0,0
325,0.08100000000000006,82944,6a242012867dc8b837e29b1a8324e93d22fc3f743ff363b5f117270d386b5a71,0,0,0.0,False,0,0
326,0.08125000000000006,82944,6a242012867dc8b837e29b1a8324e93d22fc3f743ff363b5f117270d386b5a71,0,0,0.0,False,0,0
327,0.08150000000000006,82944,6a242012867dc8b837e29b1a8324e93d22fc3f743ff363b5f117270d386b5a71,0,0,0.0,False,0,0
328,0.08175000000000006,82944,6a242012867dc8b837e29b1a8324e93d22fc3f743ff363b5f117270d386b5a71,0,0,0.0,False,0,0
329,0.08200000000000006,82944,6a242012867dc8b837e29b1a8324e93d22fc3f743ff363b5f117270d386b5a71,0,0,0.0,False,0,0
330,0.08225000000000006,82944,6a242012867dc8b837e29b1a8324e93d22fc3f743ff363b5f117270d386b5a71,0,0,0.0,False,0,0
331,0.08250000000000006,82944,6a242012867dc8b837e29b1a8324e93d22fc3f743ff363b5f117270d386b5a71,0,0,0.0,False,0,0
332,0.08275000000000006,82944,6a242012867dc8b837e29b1a8324e93d22fc3f743ff363b5f117270d386b5a71,0,0,0.0,False,0,0
333,0.08300000000000006,82944,6a242012867dc8b837e29b1a8324e93d22fc3f743ff363b5f117270d386b5a71,0,0,0.0,False,0,0
334,0.08325000000000006,82944,6a242012867dc8b837e29b1a8324e93d22fc3f743ff363b5f117270d386b5a71,0,0,0.0,False,0,0
335,0.08350000000000006,82944,6a242012867dc8b837e29b1a8324e93d22fc3f743ff363b5f117270d386b5a71,0,0,0.0,False,0,0
336,0.08375000000000006,82944,6a242012867dc8b837e29b1a8324e93d22fc3f743ff363b5f117270d386b5a71,0,0,0.0,False,0,0
337,0.08400000000000006,82944,6a242012867dc8b837e29b1a8324e93d22fc3f743ff363b5f117270d386b5a71,0,0,0.0,False,0,0
338,0.08425000000000006,82944,6a242012867dc8b837e29b1a8324e93d22fc3f743ff363b5f117270d386b5a71,0,0,0.0,False,0,0
339,0.08450000000000006,82944,6a242012867dc8b837e29b1a8324e93d22fc3f743ff363b5f117270d386b5a71,0,0,0.0,False,0,0
340,0.08475000000000006,82944,6a242012867dc8b837e29b1a8324e93d22fc3f743ff363b5f117270d386b5a71,0,0,0.0,False,0,0
341,0.08500000000000006,82944,6a242012867dc8b837e29b1a8324e93d22fc3f743ff363b5f117270d386b5a71,0,0,0.0,False,0,0
342,0.08525000000000006,82944,6a242012867dc8b837e29b1a8324e93d22fc3f743ff363b5f117270d386b5a71,0,0,0.0,False,0,0
343,0.08550000000000006,82944,6a242012867dc8b837e29b1a8324e93d22fc3f743ff363b5f117270d386b5a71,0,0,0.0,False,0,0
344,0.08575000000000006,82944,6a242012867dc8b837e29b1a8324e93d22fc3f743ff363b5f117270d386b5a71,0,0,0.0,False,0,0
345,0.08600000000000006,82944,6a242012867dc8b837e29b1a8324e93d22fc3f743ff363b5f117270d386b5a71,0,0,0.0,False,0,0
346,0.08625000000000006,82944,6a242012867dc8b837e29b1a8324e93d22fc3f743ff363b5f117270d386b5a71,0,0,0.0,False,0,0
347,0.08650000000000006,82944,6a242012867dc8b837e29b1a8324e93d22fc3f743ff363b5f117270d386b5a71,0,0,0.0,False,0,0
348,0.08675000000000006,82944,6a242012867dc8b837e29b1a8324e93d22fc3f743ff363b5f117270d386b5a71,0,0,0.0,False,0,0
349,0.08700000000000006,82944,6a242012867dc8b837e29b1a8324e93d22fc3f743ff363b5f117270d386b5a71,0,0,0.0,False,0,0
350,0.08725000000000006,82944,6a242012867dc8b837e29b1a8324e93d22fc3f743ff363b5f117270d386b5a71,0,0,0.0,False,0,0
351,0.08750000000000006,82944,6a242012867dc8b837e29b1a8324e93d22fc3f743ff363b5f117270d386b5a71,0,0,0.0,False,0,0
352,0.08775000000000006,82944,6a242012867dc8b837e29b1a8324e93d22fc3f743ff363b5f117270d386b5a71,0,0,0.0,False,0,0
353,0.08800000000000006,82944,6a242012867dc8b837e29b1a8324e93d22fc3f743ff363b5f117270d386b5a71,0,0,0.0,False,0,0
354,0.08825000000000006,82944,6a242012867dc8b837e29b1a8324e93d22fc3f743ff363b5f117270d386b5a71,0,0,0.0,False,0,0
355,0.08850000000000006,82944,6a242012867dc8b837e29b1a8324e93d22fc3f743ff363b5f117270d386b5a71,0,0,0.0,False,0,0
356,0.08875000000000006,82944,6a242012867dc8b837e29b1a8324e93d22fc3f743ff363b5f117270d386b5a71,0,0,0.0,False,0,0
357,0.08900000000000007,82944,6a242012867dc8b837e29b1a8324e93d22fc3f743ff363b5f117270d386b5a71,0,0,0.0,False,0,0
358,0.08925000000000007,82944,6a242012867dc8b837e29b1a8324e93d22fc3f743ff363b5f117270d386b5a71,0,0,0.0,False,0,0
359,0.08950000000000007,82944,6a242012867dc8b837e29b1a8324e93d22fc3f743ff363b5f117270d386b5a71,0,0,0.0,False,0,0
360,0.08975000000000007,82944,6a242012867dc8b837e29b1a8324e93d22fc3f743ff363b5f117270d386b5a71,0,0,0.0,False,0,0
361,0.09000000000000007,82944,6a242012867dc8b837e29b1a8324e93d22fc3f743ff363b5f117270d386b5a71,0,0,0.0,False,0,0
362,0.09025000000000007,82944,6a242012867dc8b837e29b1a8324e93d22fc3f743ff363b5f117270d386b5a71,0,0,0.0,False,0,0
363,0.09050000000000007,82944,6a242012867dc8b837e29b1a8324e93d22fc3f743ff363b5f117270d386b5a71,0,0,0.0,False,0,0
364,0.09075000000000007,82944,6a242012867dc8b837e29b1a8324e93d22fc3f743ff363b5f117270d386b5a71,0,0,0.0,False,0,0
365,0.09100000000000007,82944,6a242012867dc8b837e29b1a8324e93d22fc3f743ff363b5f117270d386b5a71,0,0,0.0,False,0,0
366,0.09125000000000007,82944,6a242012867dc8b837e29b1a8324e93d22fc3f743ff363b5f117270d386b5a71,0,0,0.0,False,0,0
367,0.09150000000000007,82944,6a242012867dc8b837e29b1a8324e93d22fc3f743ff363b5f117270d386b5a71,0,0,0.0,False,0,0
368,0.09175000000000007,82944,6a242012867dc8b837e29b1a8324e93d22fc3f743ff363b5f117270d386b5a71,0,0,0.0,False,0,0
369,0.09200000000000007,82944,6a242012867dc8b837e29b1a8324e93d22fc3f743ff363b5f117270d386b5a71,0,0,0.0,False,0,0
370,0.09225000000000007,82944,6a242012867dc8b837e29b1a8324e93d22fc3f743ff363b5f117270d386b5a71,0,0,0.0,False,0,0
371,0.09250000000000007,82944,6a242012867dc8b837e29b1a8324e93d22fc3f743ff363b5f117270d386b5a71,0,0,0.0,False,0,0
372,0.09275000000000007,82944,6a242012867dc8b837e29b1a8324e93d22fc3f743ff363b5f117270d386b5a71,0,0,0.0,False,0,0
373,0.09300000000000007,82944,6a242012867dc8b837e29b1a8324e93d22fc3f743ff363b5f117270d386b5a71,0,0,0.0,False,0,0
374,0.09325000000000007,82944,6a242012867dc8b837e29b1a8324e93d22fc3f743ff363b5f117270d386b5a71,0,0,0.0,False,0,0
375,0.09350000000000007,82944,6a242012867dc8b837e29b1a8324e93d22fc3f743ff363b5f117270d386b5a71,0,0,0.0,False,0,0
376,0.09375000000000007,82944,6a242012867dc8b837e29b1a8324e93d22fc3f743ff363b5f117270d386b5a71,0,0,0.0,False,0,0
377,0.09400000000000007,82944,6a242012867dc8b837e29b1a8324e93d22fc3f743ff363b5f117270d386b5a71,0,0,0.0,False,0,0
378,0.09425000000000007,82944,6a242012867dc8b837e29b1a8324e93d22fc3f743ff363b5f117270d386b5a71,0,0,0.0,False,0,0
379,0.09450000000000007,82944,6a242012867dc8b837e29b1a8324e93d22fc3f743ff363b5f117270d386b5a71,0,0,0.0,False,0,0
380,0.09475000000000007,82944,6a242012867dc8b837e29b1a8324e93d22fc3f743ff363b5f117270d386b5a71,0,0,0.0,False,0,0
381,0.09500000000000007,82944,6a242012867dc8b837e29b1a8324e93d22fc3f743ff363b5f117270d386b5a71,0,0,0.0,False,0,0
382,0.09525000000000007,82944,6a242012867dc8b837e29b1a8324e93d22fc3f743ff363b5f117270d386b5a71,0,0,0.0,False,0,0
383,0.09550000000000007,82944,6a242012867dc8b837e29b1a8324e93d22fc3f743ff363b5f117270d386b5a71,0,0,0.0,False,0,0
384,0.09575000000000007,82944,6a242012867dc8b837e29b1a8324e93d22fc3f743ff363b5f117270d386b5a71,0,0,0.0,False,0,0
385,0.09600000000000007,82944,6a242012867dc8b837e29b1a8324e93d22fc3f743ff363b5f117270d386b5a71,0,0,0.0,False,0,0
386,0.09625000000000007,82944,6a242012867dc8b837e29b1a8324e93d22fc3f743ff363b5f117270d386b5a71,0,0,0.0,False,0,0
387,0.09650000000000007,82944,6a242012867dc8b837e29b1a8324e93d22fc3f743ff363b5f117270d386b5a71,0,0,0.0,False,0,0
388,0.09675000000000007,82944,6a242012867dc8b837e29b1a8324e93d22fc3f743ff363b5f117270d386b5a71,0,0,0.0,False,0,0
389,0.09700000000000007,82944,6a242012867dc8b837e29b1a8324e93d22fc3f743ff363b5f117270d386b5a71,0,0,0.0,False,0,0
390,0.09725000000000007,82944,6a242012867dc8b837e29b1a8324e93d22fc3f743ff363b5f117270d386b5a71,0,0,0.0,False,0,0
391,0.09750000000000007,82944,6a242012867dc8b837e29b1a8324e93d22fc3f743ff363b5f117270d386b5a71,0,0,0.0,False,0,0
392,0.09775000000000007,82944,6a242012867dc8b837e29b1a8324e93d22fc3f743ff363b5f117270d386b5a71,0,0,0.0,False,0,0
393,0.09800000000000007,82944,6a242012867dc8b837e29b1a8324e93d22fc3f743ff363b5f117270d386b5a71,0,0,0.0,False,0,0
394,0.09825000000000007,82944,6a242012867dc8b837e29b1a8324e93d22fc3f743ff363b5f117270d386b5a71,0,0,0.0,False,0,0
395,0.09850000000000007,82944,6a242012867dc8b837e29b1a8324e93d22fc3f743ff363b5f117270d386b5a71,0,0,0.0,False,0,0
396,0.09875000000000007,82944,6a242012867dc8b837e29b1a8324e93d22fc3f743ff363b5f117270d386b5a71,0,0,0.0,False,0,0
397,0.09900000000000007,82944,6a242012867dc8b837e29b1a8324e93d22fc3f743ff363b5f117270d386b5a71,0,0,0.0,False,0,0
398,0.09925000000000007,82944,6a242012867dc8b837e29b1a8324e93d22fc3f743ff363b5f117270d386b5a71,0,0,0.0,False,0,0
399,0.09950000000000007,82944,6a242012867dc8b837e29b1a8324e93d22fc3f743ff363b5f117270d386b5a71,0,0,0.0,False,0,0
400,0.09975000000000007,82944,6a242012867dc8b837e29b1a8324e93d22fc3f743ff363b5f117270d386b5a71,0,0,0.0,False,0,0
401,0.10000000000000007,82944,6a242012867dc8b837e29b1a8324e93d22fc3f743ff363b5f117270d386b5a71,0,0,0.0,True,0,0
