force_call,accepted_step,edge_count,edge_identity_sha256
1,0,82944,6a242012867dc8b837e29b1a8324e93d22fc3f743ff363b5f117270d386b5a71
2,1,82944,6a242012867dc8b837e29b1a8324e93d22fc3f743ff363b5f117270d386b5a71
3,1,82944,6a242012867dc8b837e29b1a8324e93d22fc3f743ff363b5f117270d386b5a71
4,2,82944,6a242012867dc8b837e29b1a8324e93d22fc3f743ff363b5f117270d386b5a71
5,2,82944,6a242012867dc8b837e29b1a8324e93d22fc3f743ff363b5f117270d386b5a71
6,3,82944,6a242012867dc8b837e29b1a8324e93d22fc3f743ff363b5f117270d386b5a71
7,3,82944,6a242012867dc8b837e29b1a8324e93d22fc3f743ff363b5f117270d386b5a71
8,4,82944,6a242012867dc8b837e29b1a8324e93d22fc3f743ff363b5f117270d386b5a71
9,4,82944,6a242012867dc8b837e29b1a8324e93d22fc3f743ff363b5f117270d386b5a71
10,5,82944,6a242012867dc8b837e29b1a8324e93d22fc3f743ff363b5f117270d386b5a71
11,5,82944,6a242012867dc8b837e29b1a8324e93d22fc3f743ff363b5f117270d386b5a71
12,6,82944,6a242012867dc8b837e29b1a8324e93d22fc3f743ff363b5f117270d386b5a71
13,6,82944,6a242012867dc8b837e29b1a8324e93d22fc3f743ff363b5f117270d386b5a71
14,7,82944,6a242012867dc8b837e29b1a8324e93d22fc3f743ff363b5f117270d386b5a71
15,7,82944,6a242012867dc8b837e29b1a8324e93d22fc3f743ff363b5f117270d386b5a71
16,8,82944,6a242012867dc8b837e29b1a8324e93d22fc3f743ff363b5f117270d386b5a71
17,8,82944,6a242012867dc8b837e29b1a8324e93d22fc3f743ff363b5f117270d386b5a71
18,9,82944,6a242012867dc8b837e29b1a8324e93d22fc3f743ff363b5f117270d386b5a71
19,9,82944,6a242012867dc8b837e29b1a8324e93d22fc3f743ff363b5f117270d386b5a71
20,10,82944,6a242012867dc8b837e29b1a8324e93d22fc3f743ff363b5f117270d386b5a71
21,10,82944,6a242012867dc8b837e29b1a8324e93d22fc3f743ff363b5f117270d386b5a71
22,11,82944,6a242012867dc8b837e29b1a8324e93d22fc3f743ff363b5f117270d386b5a71
23,11,82944,6a242012867dc8b837e29b1a8324e93d22fc3f743ff363b5f117270d386b5a71
24,12,82944,6a242012867dc8b837e29b1a8324e93d22fc3f743ff363b5f117270d386b5a71
25,12,82944,6a242012867dc8b837e29b1a8324e93d22fc3f743ff363b5f117270d386b5a71
26,13,82944,6a242012867dc8b837e29b1a8324e93d22fc3f743ff363b5f117270d386b5a71
27,13,82944,6a242012867dc8b837e29b1a8324e93d22fc3f743ff363b5f117270d386b5a71
28,14,82944,6a242012867dc8b837e29b1a8324e93d22fc3f743ff363b5f117270d386b5a71
29,14,82944,6a242012867dc8b837e29b1a8324e93d22fc3f743ff363b5f117270d386b5a71
30,15,82944,6a242012867dc8b837e29b1a8324e93d22fc3f743ff363b5f117270d386b5a71
31,15,82944,6a242012867dc8b837e29b1a8324e93d22fc3f743ff363b5f117270d386b5a71
32,16,82944,6a242012867dc8b837e29b1a8324e93d22fc3f743ff363b5f117270d386b5a71
33,16,82944,6a242012867dc8b837e29b1a8324e93d22fc3f743ff363b5f117270d386b5a71
34,17,82944,6a242012867dc8b837e29b1a8324e93d22fc3f743ff363b5f117270d386b5a71
35,17,82944,6a242012867dc8b837e29b1a8324e93d22fc3f743ff363b5f117270d386b5a71
36,18,82944,6a242012867dc8b837e29b1a8324e93d22fc3f743ff363b5f117270d386b5a71
37,18,82944,6a242012867dc8b837e29b1a8324e93d22fc3f743ff363b5f117270d386b5a71
38,19,82944,6a242012867dc8b837e29b1a8324e93d22fc3f743ff363b5f117270d386b5a71
39,19,82944,6a242012867dc8b837e29b1a8324e93d22fc3f743ff363b5f117270d386b5a71
40,20,82944,6a242012867dc8b837e29b1a8324e93d22fc3f743ff363b5f117270d386b5a71
41,20,82944,6a242012867dc8b837e29b1a8324e93d22fc3f743ff363b5f117270d386b5a71
42,21,82944,6a242012867dc8b837e29b1a8324e93d22fc3f743ff363b5f117270d386b5a71
43,21,82944,6a242012867dc8b837e29b1a8324e93d22fc3f743ff363b5f117270d386b5a71
44,22,82944,6a242012867dc8b837e29b1a8324e93d22fc3f743ff363b5f117270d386b5a71
45,22,82944,6a242012867dc8b837e29b1a8324e93d22fc3f743ff363b5f117270d386b5a71
46,23,82944,6a242012867dc8b837e29b1a8324e93d22fc3f743ff363b5f117270d386b5a71
47,23,82944,6a242012867dc8b837e29b1a8324e93d22fc3f743ff363b5f117270d386b5a71
48,24,82944,6a242012867dc8b837e29b1a8324e93d22fc3f743ff363b5f117270d386b5a71
49,24,82944,6a242012867dc8b837e29b1a8324e93d22fc3f743ff363b5f117270d386b5a71
50,25,82944,6a242012867dc8b837e29b1a8324e93d22fc3f743ff363b5f117270d386b5a71
51,25,82944,6a242012867dc8b837e29b1a8324e93d22fc3f743ff363b5f117270d386b5a71
52,26,82944,6a242012867dc8b837e29b1a8324e93d22fc3f743ff363b5f117270d386b5a71
53,26,82944,6a242012867dc8b837e29b1a8324e93d22fc3f743ff363b5f117270d386b5a71
54,27,82944,6a242012867dc8b837e29b1a8324e93d22fc3f743ff363b5f117270d386b5a71
55,27,82944,6a242012867dc8b837e29b1a8324e93d22fc3f743ff363b5f117270d386b5a71
56,28,82944,6a242012867dc8b837e29b1a8324e93d22fc3f743ff363b5f117270d386b5a71
57,28,82944,6a242012867dc8b837e29b1a8324e93d22fc3f743ff363b5f117270d386b5a71
58,29,82944,6a242012867dc8b837e29b1a8324e93d22fc3f743ff363b5f117270d386b5a71
59,29,82944,6a242012867dc8b837e29b1a8324e93d22fc3f743ff363b5f117270d386b5a71
60,30,82944,6a242012867dc8b837e29b1a8324e93d22fc3f743ff363b5f117270d386b5a71
61,30,82944,6a242012867dc8b837e29b1a8324e93d22fc3f743ff363b5f117270d386b5a71
62,31,82944,6a242012867dc8b837e29b1a8324e93d22fc3f743ff363b5f117270d386b5a71
63,31,82944,6a242012867dc8b837e29b1a8324e93d22fc3f743ff363b5f117270d386b5a71
64,32,82944,6a242012867dc8b837e29b1a8324e93d22fc3f743ff363b5f117270d386b5a71
65,32,82944,6a242012867dc8b837e29b1a8324e93d22fc3f743ff363b5f117270d386b5a71
66,33,82944,6a242012867dc8b837e29b1a8324e93d22fc3f743ff363b5f117270d386b5a71
67,33,82944,6a242012867dc8b837e29b1a8324e93d22fc3f743ff363b5f117270d386b5a71
68,34,82944,6a242012867dc8b837e29b1a8324e93d22fc3f743ff363b5f117270d386b5a71
69,34,82944,6a242012867dc8b837e29b1a8324e93d22fc3f743ff363b5f117270d386b5a71
70,35,82944,6a242012867dc8b837e29b1a8324e93d22fc3f743ff363b5f117270d386b5a71
71,35,82944,6a242012867dc8b837e29b1a8324e93d22fc3f743ff363b5f117270d386b5a71
72,36,82944,6a242012867dc8b837e29b1a8324e93d22fc3f743ff363b5f117270d386b5a71
73,36,82944,6a242012867dc8b837e29b1a8324e93d22fc3f743ff363b5f117270d386b5a71
74,37,82944,6a242012867dc8b837e29b1a8324e93d22fc3f743ff363b5f117270d386b5a71
75,37,82944,6a242012867dc8b837e29b1a8324e93d22fc3f743ff363b5f117270d386b5a71
76,38,82944,6a242012867dc8b837e29b1a8324e93d22fc3f743ff363b5f117270d386b5a71
77,38,82944,6a242012867dc8b837e29b1a8324e93d22fc3f743ff363b5f117270d386b5a71
78,39,82944,6a242012867dc8b837e29b1a8324e93d22fc3f743ff363b5f117270d386b5a71
79,39,82944,6a242012867dc8b837e29b1a8324e93d22fc3f743ff363b5f117270d386b5a71
80,40,82944,6a242012867dc8b837e29b1a8324e93d22fc3f743ff363b5f117270d386b5a71
81,40,82944,6a242012867dc8b837e29b1a8324e93d22fc3f743ff363b5f117270d386b5a71
82,41,82944,6a242012867dc8b837e29b1a8324e93d22fc3f743ff363b5f117270d386b5a71
83,41,82944,6a242012867dc8b837e29b1a8324e93d22fc3f743ff363b5f117270d386b5a71
84,42,82944,6a242012867dc8b837e29b1a8324e93d22fc3f743ff363b5f117270d386b5a71
85,42,82944,6a242012867dc8b837e29b1a8324e93d22fc3f743ff363b5f117270d386b5a71
86,43,82944,6a242012867dc8b837e29b1a8324e93d22fc3f743ff363b5f117270d386b5a71
87,43,82944,6a242012867dc8b837e29b1a8324e93d22fc3f743ff363b5f117270d386b5a71
88,44,82944,6a242012867dc8b837e29b1a8324e93d22fc3f743ff363b5f117270d386b5a71
89,44,82944,6a242012867dc8b837e29b1a8324e93d22fc3f743ff363b5f117270d386b5a71
90,45,82944,6a242012867dc8b837e29b1a8324e93d22fc3f743ff363b5f117270d386b5a71
91,45,82944,6a242012867dc8b837e29b1a8324e93d22fc3f743ff363b5f117270d386b5a71
92,46,82944,6a242012867dc8b837e29b1a8324e93d22fc3f743ff363b5f117270d386b5a71
93,46,82944,6a242012867dc8b837e29b1a8324e93d22fc3f743ff363b5f117270d386b5a71
94,47,82944,6a242012867dc8b837e29b1a8324e93d22fc3f743ff363b5f117270d386b5a71
95,47,82944,6a242012867dc8b837e29b1a8324e93d22fc3f743ff363b5f117270d386b5a71
96,48,82944,6a242012867dc8b837e29b1a8324e93d22fc3f743ff363b5f117270d386b5a71
97,48,82944,6a242012867dc8b837e29b1a8324e93d22fc3f743ff363b5f117270d386b5a71
98,49,82944,6a242012867dc8b837e29b1a8324e93d22fc3f743ff363b5f117270d386b5a71
99,49,82944,6a242012867dc8b837e29b1a8324e93d22fc3f743ff363b5f117270d386b5a71
100,50,82944,6a242012867dc8b837e29b1a8324e93d22fc3f743ff363b5f117270d386b5a71
101,50,82944,6a242012867dc8b837e29b1a8324e93d22fc3f743ff363b5f117270d386b5a71
102,51,82944,6a242012867dc8b837e29b1a8324e93d22fc3f743ff363b5f117270d386b5a71
103,51,82944,6a242012867dc8b837e29b1a8324e93d22fc3f743ff363b5f117270d386b5a71
104,52,82944,6a242012867dc8b837e29b1a8324e93d22fc3f743ff363b5f117270d386b5a71
105,52,82944,6a242012867dc8b837e29b1a8324e93d22fc3f743ff363b5f117270d386b5a71
106,53,82944,6a242012867dc8b837e29b1a8324e93d22fc3f743ff363b5f117270d386b5a71
107,53,82944,6a242012867dc8b837e29b1a8324e93d22fc3f743ff363b5f117270d386b5a71
108,54,82944,6a242012867dc8b837e29b1a8324e93d22fc3f743ff363b5f117270d386b5a71
109,54,82944,6a242012867dc8b837e29b1a8324e93d22fc3f743ff363b5f117270d386b5a71
110,55,82944,6a242012867dc8b837e29b1a8324e93d22fc3f743ff363b5f117270d386b5a71
111,55,82944,6a242012867dc8b837e29b1a8324e93d22fc3f743ff363b5f117270d386b5a71
112,56,82944,6a242012867dc8b837e29b1a8324e93d22fc3f743ff363b5f117270d386b5a71
113,56,82944,6a242012867dc8b837e29b1a8324e93d22fc3f743ff363b5f117270d386b5a71
114,57,82944,6a242012867dc8b837e29b1a8324e93d22fc3f743ff363b5f117270d386b5a71
115,57,82944,6a242012867dc8b837e29b1a8324e93d22fc3f743ff363b5f117270d386b5a71
116,58,82944,6a242012867dc8b837e29b1a8324e93d22fc3f743ff363b5f117270d386b5a71
117,58,82944,6a242012867dc8b837e29b1a8324e93d22fc3f743ff363b5f117270d386b5a71
118,59,82944,6a242012867dc8b837e29b1a8324e93d22fc3f743ff363b5f117270d386b5a71
119,59,82944,6a242012867dc8b837e29b1a8324e93d22fc3f743ff363b5f117270d386b5a71
120,60,82944,6a242012867dc8b837e29b1a8324e93d22fc3f743ff363b5f117270d386b5a71
121,60,82944,6a242012867dc8b837e29b1a8324e93d22fc3f743ff363b5f117270d386b5a71
122,61,82944,6a242012867dc8b837e29b1a8324e93d22fc3f743ff363b5f117270d386b5a71
123,61,82944,6a242012867dc8b837e29b1a8324e93d22fc3f743ff363b5f117270d386b5a71
124,62,82944,6a242012867dc8b837e29b1a8324e93d22fc3f743ff363b5f117270d386b5a71
125,62,82944,6a242012867dc8b837e29b1a8324e93d22fc3f743ff363b5f117270d386b5a71
126,63,82944,6a242012867dc8b837e29b1a8324e93d22fc3f743ff363b5f117270d386b5a71
127,63,82944,6a242012867dc8b837e29b1a8324e93d22fc3f743ff363b5f117270d386b5a71
128,64,82944,6a242012867dc8b837e29b1a8324e93d22fc3f743ff363b5f117270d386b5a71
129,64,82944,6a242012867dc8b837e29b1a8324e93d22fc3f743ff363b5f117270d386b5a71
130,65,82944,6a242012867dc8b837e29b1a8324e93d22fc3f743ff363b5f117270d386b5a71
131,65,82944,6a242012867dc8b837e29b1a8324e93d22fc3f743ff363b5f117270d386b5a71
132,66,82944,6a242012867dc8b837e29b1a8324e93d22fc3f743ff363b5f117270d386b5a71
133,66,82944,6a242012867dc8b837e29b1a8324e93d22fc3f743ff363b5f117270d386b5a71
134,67,82944,6a242012867dc8b837e29b1a8324e93d22fc3f743ff363b5f117270d386b5a71
135,67,82944,6a242012867dc8b837e29b1a8324e93d22fc3f743ff363b5f117270d386b5a71
136,68,82944,6a242012867dc8b837e29b1a8324e93d22fc3f743ff363b5f117270d386b5a71
137,68,82944,6a242012867dc8b837e29b1a8324e93d22fc3f743ff363b5f117270d386b5a71
138,69,82944,6a242012867dc8b837e29b1a8324e93d22fc3f743ff363b5f117270d386b5a71
139,69,82944,6a242012867dc8b837e29b1a8324e93d22fc3f743ff363b5f117270d386b5a71
140,70,82944,6a242012867dc8b837e29b1a8324e93d22fc3f743ff363b5f117270d386b5a71
141,70,82944,6a242012867dc8b837e29b1a8324e93d22fc3f743ff363b5f117270d386b5a71
142,71,82944,6a242012867dc8b837e29b1a8324e93d22fc3f743ff363b5f117270d386b5a71
143,71,82944,6a242012867dc8b837e29b1a8324e93d22fc3f743ff363b5f117270d386b5a71
144,72,82944,6a242012867dc8b837e29b1a8324e93d22fc3f743ff363b5f117270d386b5a71
145,72,82944,6a242012867dc8b837e29b1a8324e93d22fc3f743ff363b5f117270d386b5a71
146,73,82944,6a242012867dc8b837e29b1a8324e93d22fc3f743ff363b5f117270d386b5a71
147,73,82944,6a242012867dc8b837e29b1a8324e93d22fc3f743ff363b5f117270d386b5a71
148,74,82944,6a242012867dc8b837e29b1a8324e93d22fc3f743ff363b5f117270d386b5a71
149,74,82944,6a242012867dc8b837e29b1a8324e93d22fc3f743ff363b5f117270d386b5a71
150,75,82944,6a242012867dc8b837e29b1a8324e93d22fc3f743ff363b5f117270d386b5a71
151,75,82944,6a242012867dc8b837e29b1a8324e93d22fc3f743ff363b5f117270d386b5a71
152,76,82944,6a242012867dc8b837e29b1a8324e93d22fc3f743ff363b5f117270d386b5a71
153,76,82944,6a242012867dc8b837e29b1a8324e93d22fc3f743ff363b5f117270d386b5a71
154,77,82944,6a242012867dc8b837e29b1a8324e93d22fc3f743ff363b5f117270d386b5a71
155,77,82944,6a242012867dc8b837e29b1a8324e93d22fc3f743ff363b5f117270d386b5a71
156,78,82944,6a242012867dc8b837e29b1a8324e93d22fc3f743ff363b5f117270d386b5a71
157,78,82944,6a242012867dc8b837e29b1a8324e93d22fc3f743ff363b5f117270d386b5a71
158,79,82944,6a242012867dc8b837e29b1a8324e93d22fc3f743ff363b5f117270d386b5a71
159,79,82944,6a242012867dc8b837e29b1a8324e93d22fc3f743ff363b5f117270d386b5a71
160,80,82944,6a242012867dc8b837e29b1a8324e93d22fc3f743ff363b5f117270d386b5a71
161,80,82944,6a242012867dc8b837e29b1a8324e93d22fc3f743ff363b5f117270d386b5a71
162,81,82944,6a242012867dc8b837e29b1a8324e93d22fc3f743ff363b5f117270d386b5a71
163,81,82944,6a242012867dc8b837e29b1a8324e93d22fc3f743ff363b5f117270d386b5a71
164,82,82944,6a242012867dc8b837e29b1a8324e93d22fc3f743ff363b5f117270d386b5a71
165,82,82944,6a242012867dc8b837e29b1a8324e93d22fc3f743ff363b5f117270d386b5a71
166,83,82944,6a242012867dc8b837e29b1a8324e93d22fc3f743ff363b5f117270d386b5a71
167,83,82944,6a242012867dc8b837e29b1a8324e93d22fc3f743ff363b5f117270d386b5a71
168,84,82944,6a242012867dc8b837e29b1a8324e93d22fc3f743ff363b5f117270d386b5a71
169,84,82944,6a242012867dc8b837e29b1a8324e93d22fc3f743ff363b5f117270d386b5a71
170,85,82944,6a242012867dc8b837e29b1a8324e93d22fc3f743ff363b5f117270d386b5a71
171,85,82944,6a242012867dc8b837e29b1a8324e93d22fc3f743ff363b5f117270d386b5a71
172,86,82944,6a242012867dc8b837e29b1a8324e93d22fc3f743ff363b5f117270d386b5a71
173,86,82944,6a242012867dc8b837e29b1a8324e93d22fc3f743ff363b5f117270d386b5a71
174,87,82944,6a242012867dc8b837e29b1a8324e93d22fc3f743ff363b5f117270d386b5a71
175,87,82944,6a242012867dc8b837e29b1a8324e93d22fc3f743ff363b5f117270d386b5a71
176,88,82944,6a242012867dc8b837e29b1a8324e93d22fc3f743ff363b5f117270d386b5a71
177,88,82944,6a242012867dc8b837e29b1a8324e93d22fc3f743ff363b5f117270d386b5a71
178,89,82944,6a242012867dc8b837e29b1a8324e93d22fc3f743ff363b5f117270d386b5a71
179,89,82944,6a242012867dc8b837e29b1a8324e93d22fc3f743ff363b5f117270d386b5a71
180,90,82944,6a242012867dc8b837e29b1a8324e93d22fc3f743ff363b5f117270d386b5a71
181,90,82944,6a242012867dc8b837e29b1a8324e93d22fc3f743ff363b5f117270d386b5a71
182,91,82944,6a242012867dc8b837e29b1a8324e93d22fc3f743ff363b5f117270d386b5a71
183,91,82944,6a242012867dc8b837e29b1a8324e93d22fc3f743ff363b5f117270d386b5a71
184,92,82944,6a242012867dc8b837e29b1a8324e93d22fc3f743ff363b5f117270d386b5a71
185,92,82944,6a242012867dc8b837e29b1a8324e93d22fc3f743ff363b5f117270d386b5a71
186,93,82944,6a242012867dc8b837e29b1a8324e93d22fc3f743ff363b5f117270d386b5a71
187,93,82944,6a242012867dc8b837e29b1a8324e93d22fc3f743ff363b5f117270d386b5a71
188,94,82944,6a242012867dc8b837e29b1a8324e93d22fc3f743ff363b5f117270d386b5a71
189,94,82944,6a242012867dc8b837e29b1a8324e93d22fc3f743ff363b5f117270d386b5a71
190,95,82944,6a242012867dc8b837e29b1a8324e93d22fc3f743ff363b5f117270d386b5a71
191,95,82944,6a242012867dc8b837e29b1a8324e93d22fc3f743ff363b5f117270d386b5a71
192,96,82944,6a242012867dc8b837e29b1a8324e93d22fc3f743ff363b5f117270d386b5a71
193,96,82944,6a242012867dc8b837e29b1a8324e93d22fc3f743ff363b5f117270d386b5a71
194,97,82944,6a242012867dc8b837e29b1a8324e93d22fc3f743ff363b5f117270d386b5a71
195,97,82944,6a242012867dc8b837e29b1a8324e93d22fc3f743ff363b5f117270d386b5a71
196,98,82944,6a242012867dc8b837e29b1a8324e93d22fc3f743ff363b5f117270d386b5a71
197,98,82944,6a242012867dc8b837e29b1a8324e93d22fc3f743ff363b5f117270d386b5a71
198,99,82944,6a242012867dc8b837e29b1a8324e93d22fc3f743ff363b5f117270d386b5a71
199,99,82944,6a242012867dc8b837e29b1a8324e93d22fc3f743ff363b5f117270d386b5a71
200,100,82944,6a242012867dc8b837e29b1a8324e93d22fc3f743ff363b5f117270d386b5a71
201,100,82944,6a242012867dc8b837e29b1a8324e93d22fc3f743ff363b5f117270d386b5a71
202,101,82944,6a242012867dc8b837e29b1a8324e93d22fc3f743ff363b5f117270d386b5a71
203,101,82944,6a242012867dc8b837e29b1a8324e93d22fc3f743ff363b5f117270d386b5a71
204,102,82944,6a242012867dc8b837e29b1a8324e93d22fc3f743ff363b5f117270d386b5a71
205,102,82944,6a242012867dc8b837e29b1a8324e93d22fc3f743ff363b5f117270d386b5a71
206,103,82944,6a242012867dc8b837e29b1a8324e93d22fc3f743ff363b5f117270d386b5a71
207,103,82944,6a242012867dc8b837e29b1a8324e93d22fc3f743ff363b5f117270d386b5a71
208,104,82944,6a242012867dc8b837e29b1a8324e93d22fc3f743ff363b5f117270d386b5a71
209,104,82944,6a242012867dc8b837e29b1a8324e93d22fc3f743ff363b5f117270d386b5a71
210,105,82944,6a242012867dc8b837e29b1a8324e93d22fc3f743ff363b5f117270d386b5a71
211,105,82944,6a242012867dc8b837e29b1a8324e93d22fc3f743ff363b5f117270d386b5a71
212,106,82944,6a242012867dc8b837e29b1a8324e93d22fc3f743ff363b5f117270d386b5a71
213,106,82944,6a242012867dc8b837e29b1a8324e93d22fc3f743ff363b5f117270d386b5a71
214,107,82944,6a242012867dc8b837e29b1a8324e93d22fc3f743ff363b5f117270d386b5a71
215,107,82944,6a242012867dc8b837e29b1a8324e93d22fc3f743ff363b5f117270d386b5a71
216,108,82944,6a242012867dc8b837e29b1a8324e93d22fc3f743ff363b5f117270d386b5a71
217,108,82944,6a242012867dc8b837e29b1a8324e93d22fc3f743ff363b5f117270d386b5a71
218,109,82944,6a242012867dc8b837e29b1a8324e93d22fc3f743ff363b5f117270d386b5a71
219,109,82944,6a242012867dc8b837e29b1a8324e93d22fc3f743ff363b5f117270d386b5a71
220,110,82944,6a242012867dc8b837e29b1a8324e93d22fc3f743ff363b5f117270d386b5a71
221,110,82944,6a242012867dc8b837e29b1a8324e93d22fc3f743ff363b5f117270d386b5a71
222,111,82944,6a242012867dc8b837e29b1a8324e93d22fc3f743ff363b5f117270d386b5a71
223,111,82944,6a242012867dc8b837e29b1a8324e93d22fc3f743ff363b5f117270d386b5a71
224,112,82944,6a242012867dc8b837e29b1a8324e93d22fc3f743ff363b5f117270d386b5a71
225,112,82944,6a242012867dc8b837e29b1a8324e93d22fc3f743ff363b5f117270d386b5a71
226,113,82944,6a242012867dc8b837e29b1a8324e93d22fc3f743ff363b5f117270d386b5a71
227,113,82944,6a242012867dc8b837e29b1a8324e93d22fc3f743ff363b5f117270d386b5a71
228,114,82944,6a242012867dc8b837e29b1a8324e93d22fc3f743ff363b5f117270d386b5a71
229,114,82944,6a242012867dc8b837e29b1a8324e93d22fc3f743ff363b5f117270d386b5a71
230,115,82944,6a242012867dc8b837e29b1a8324e93d22fc3f743ff363b5f117270d386b5a71
231,115,82944,6a242012867dc8b837e29b1a8324e93d22fc3f743ff363b5f117270d386b5a71
232,116,82944,6a242012867dc8b837e29b1a8324e93d22fc3f743ff363b5f117270d386b5a71
233,116,82944,6a242012867dc8b837e29b1a8324e93d22fc3f743ff363b5f117270d386b5a71
234,117,82944,6a242012867dc8b837e29b1a8324e93d22fc3f743ff363b5f117270d386b5a71
235,117,82944,6a242012867dc8b837e29b1a8324e93d22fc3f743ff363b5f117270d386b5a71
236,118,82944,6a242012867dc8b837e29b1a8324e93d22fc3f743ff363b5f117270d386b5a71
237,118,82944,6a242012867dc8b837e29b1a8324e93d22fc3f743ff363b5f117270d386b5a71
238,119,82944,6a242012867dc8b837e29b1a8324e93d22fc3f743ff363b5f117270d386b5a71
239,119,82944,6a242012867dc8b837e29b1a8324e93d22fc3f743ff363b5f117270d386b5a71
240,120,82944,6a242012867dc8b837e29b1a8324e93d22fc3f743ff363b5f117270d386b5a71
241,120,82944,6a242012867dc8b837e29b1a8324e93d22fc3f743ff363b5f117270d386b5a71
242,121,82944,6a242012867dc8b837e29b1a8324e93d22fc3f743ff363b5f117270d386b5a71
243,121,82944,6a242012867dc8b837e29b1a8324e93d22fc3f743ff363b5f117270d386b5a71
244,122,82944,6a242012867dc8b837e29b1a8324e93d22fc3f743ff363b5f117270d386b5a71
245,122,82944,6a242012867dc8b837e29b1a8324e93d22fc3f743ff363b5f117270d386b5a71
246,123,82944,6a242012867dc8b837e29b1a8324e93d22fc3f743ff363b5f117270d386b5a71
247,123,82944,6a242012867dc8b837e29b1a8324e93d22fc3f743ff363b5f117270d386b5a71
248,124,82944,6a242012867dc8b837e29b1a8324e93d22fc3f743ff363b5f117270d386b5a71
249,124,82944,6a242012867dc8b837e29b1a8324e93d22fc3f743ff363b5f117270d386b5a71
250,125,82944,6a242012867dc8b837e29b1a8324e93d22fc3f743ff363b5f117270d386b5a71
251,125,82944,6a242012867dc8b837e29b1a8324e93d22fc3f743ff363b5f117270d386b5a71
252,126,82944,6a242012867dc8b837e29b1a8324e93d22fc3f743ff363b5f117270d386b5a71
253,126,82944,6a242012867dc8b837e29b1a8324e93d22fc3f743ff363b5f117270d386b5a71
254,127,82944,6a242012867dc8b837e29b1a8324e93d22fc3f743ff363b5f117270d386b5a71
255,127,82944,6a242012867dc8b837e29b1a8324e93d22fc3f743ff363b5f117270d386b5a71
256,128,82944,6a242012867dc8b837e29b1a8324e93d22fc3f743ff363b5f117270d386b5a71
257,128,82944,6a242012867dc8b837e29b1a8324e93d22fc3f743ff363b5f117270d386b5a71
258,129,82944,6a242012867dc8b837e29b1a8324e93d22fc3f743ff363b5f117270d386b5a71
259,129,82944,6a242012867dc8b837e29b1a8324e93d22fc3f743ff363b5f117270d386b5a71
260,130,82944,6a242012867dc8b837e29b1a8324e93d22fc3f743ff363b5f117270d386b5a71
261,130,82944,6a242012867dc8b837e29b1a8324e93d22fc3f743ff363b5f117270d386b5a71
262,131,82944,6a242012867dc8b837e29b1a8324e93d22fc3f743ff363b5f117270d386b5a71
263,131,82944,6a242012867dc8b837e29b1a8324e93d22fc3f743ff363b5f117270d386b5a71
264,132,82944,6a242012867dc8b837e29b1a8324e93d22fc3f743ff363b5f117270d386b5a71
265,132,82944,6a242012867dc8b837e29b1a8324e93d22fc3f743ff363b5f117270d386b5a71
266,133,82944,6a242012867dc8b837e29b1a8324e93d22fc3f743ff363b5f117270d386b5a71
267,133,82944,6a242012867dc8b837e29b1a8324e93d22fc3f743ff363b5f117270d386b5a71
268,134,82944,6a242012867dc8b837e29b1a8324e93d22fc3f743ff363b5f117270d386b5a71
269,134,82944,6a242012867dc8b837e29b1a8324e93d22fc3f743ff363b5f117270d386b5a71
270,135,82944,6a242012867dc8b837e29b1a8324e93d22fc3f743ff363b5f117270d386b5a71
271,135,82944,6a242012867dc8b837e29b1a8324e93d22fc3f743ff363b5f117270d386b5a71
272,136,82944,6a242012867dc8b837e29b1a8324e93d22fc3f743ff363b5f117270d386b5a71
273,136,82944,6a242012867dc8b837e29b1a8324e93d22fc3f743ff363b5f117270d386b5a71
274,137,82944,6a242012867dc8b837e29b1a8324e93d22fc3f743ff363b5f117270d386b5a71
275,137,82944,6a242012867dc8b837e29b1a8324e93d22fc3f743ff363b5f117270d386b5a71
276,138,82944,6a242012867dc8b837e29b1a8324e93d22fc3f743ff363b5f117270d386b5a71
277,138,82944,6a242012867dc8b837e29b1a8324e93d22fc3f743ff363b5f117270d386b5a71
278,139,82944,6a242012867dc8b837e29b1a8324e93d22fc3f743ff363b5f117270d386b5a71
279,139,82944,6a242012867dc8b837e29b1a8324e93d22fc3f743ff363b5f117270d386b5a71
280,140,82944,6a242012867dc8b837e29b1a8324e93d22fc3f743ff363b5f117270d386b5a71
281,140,82944,6a242012867dc8b837e29b1a8324e93d22fc3f743ff363b5f117270d386b5a71
282,141,82944,6a242012867dc8b837e29b1a8324e93d22fc3f743ff363b5f117270d386b5a71
283,141,82944,6a242012867dc8b837e29b1a8324e93d22fc3f743ff363b5f117270d386b5a71
284,142,82944,6a242012867dc8b837e29b1a8324e93d22fc3f743ff363b5f117270d386b5a71
285,142,82944,6a242012867dc8b837e29b1a8324e93d22fc3f743ff363b5f117270d386b5a71
286,143,82944,6a242012867dc8b837e29b1a8324e93d22fc3f743ff363b5f117270d386b5a71
287,143,82944,6a242012867dc8b837e29b1a8324e93d22fc3f743ff363b5f117270d386b5a71
288,144,82944,6a242012867dc8b837e29b1a8324e93d22fc3f743ff363b5f117270d386b5a71
289,144,82944,6a242012867dc8b837e29b1a8324e93d22fc3f743ff363b5f117270d386b5a71
290,145,82944,6a242012867dc8b837e29b1a8324e93d22fc3f743ff363b5f117270d386b5a71
291,145,82944,6a242012867dc8b837e29b1a8324e93d22fc3f743ff363b5f117270d386b5a71
292,146,82944,6a242012867dc8b837e29b1a8324e93d22fc3f743ff363b5f117270d386b5a71
293,146,82944,6a242012867dc8b837e29b1a8324e93d22fc3f743ff363b5f117270d386b5a71
294,147,82944,6a242012867dc8b837e29b1a8324e93d22fc3f743ff363b5f117270d386b5a71
295,147,82944,6a242012867dc8b837e29b1a8324e93d22fc3f743ff363b5f117270d386b5a71
296,148,82944,6a242012867dc8b837e29b1a8324e93d22fc3f743ff363b5f117270d386b5a71
297,148,82944,6a242012867dc8b837e29b1a8324e93d22fc3f743ff363b5f117270d386b5a71
298,149,82944,6a242012867dc8b837e29b1a8324e93d22fc3f743ff363b5f117270d386b5a71
299,149,82944,6a242012867dc8b837e29b1a8324e93d22fc3f743ff363b5f117270d386b5a71
300,150,82944,6a242012867dc8b837e29b1a8324e93d22fc3f743ff363b5f117270d386b5a71
301,150,82944,6a242012867dc8b837e29b1a8324e93d22fc3f743ff363b5f117270d386b5a71
302,151,82944,6a242012867dc8b837e29b1a8324e93d22fc3f743ff363b5f117270d386b5a71
303,151,82944,6a242012867dc8b837e29b1a8324e93d22fc3f743ff363b5f117270d386b5a71
304,152,82944,6a242012867dc8b837e29b1a8324e93d22fc3f743ff363b5f117270d386b5a71
305,152,82944,6a242012867dc8b837e29b1a8324e93d22fc3f743ff363b5f117270d386b5a71
306,153,82944,6a242012867dc8b837e29b1a8324e93d22fc3f743ff363b5f117270d386b5a71
307,153,82944,6a242012867dc8b837e29b1a8324e93d22fc3f743ff363b5f117270d386b5a71
308,154,82944,6a242012867dc8b837e29b1a8324e93d22fc3f743ff363b5f117270d386b5a71
309,154,82944,6a242012867dc8b837e29b1a8324e93d22fc3f743ff363b5f117270d386b5a71
310,155,82944,6a242012867dc8b837e29b1a8324e93d22fc3f743ff363b5f117270d386b5a71
311,155,82944,6a242012867dc8b837e29b1a8324e93d22fc3f743ff363b5f117270d386b5a71
312,156,82944,6a242012867dc8b837e29b1a8324e93d22fc3f743ff363b5f117270d386b5a71
313,156,82944,6a242012867dc8b837e29b1a8324e93d22fc3f743ff363b5f117270d386b5a71
314,157,82944,6a242012867dc8b837e29b1a8324e93d22fc3f743ff363b5f117270d386b5a71
315,157,82944,6a242012867dc8b837e29b1a8324e93d22fc3f743ff363b5f117270d386b5a71
316,158,82944,6a242012867dc8b837e29b1a8324e93d22fc3f743ff363b5f117270d386b5a71
317,158,82944,6a242012867dc8b837e29b1a8324e93d22fc3f743ff363b5f117270d386b5a71
318,159,82944,6a242012867dc8b837e29b1a8324e93d22fc3f743ff363b5f117270d386b5a71
319,159,82944,6a242012867dc8b837e29b1a8324e93d22fc3f743ff363b5f117270d386b5a71
320,160,82944,6a242012867dc8b837e29b1a8324e93d22fc3f743ff363b5f117270d386b5a71
321,160,82944,6a242012867dc8b837e29b1a8324e93d22fc3f743ff363b5f117270d386b5a71
322,161,82944,6a242012867dc8b837e29b1a8324e93d22fc3f743ff363b5f117270d386b5a71
323,161,82944,6a242012867dc8b837e29b1a8324e93d22fc3f743ff363b5f117270d386b5a71
324,162,82944,6a242012867dc8b837e29b1a8324e93d22fc3f743ff363b5f117270d386b5a71
325,162,82944,6a242012867dc8b837e29b1a8324e93d22fc3f743ff363b5f117270d386b5a71
326,163,82944,6a242012867dc8b837e29b1a8324e93d22fc3f743ff363b5f117270d386b5a71
327,163,82944,6a242012867dc8b837e29b1a8324e93d22fc3f743ff363b5f117270d386b5a71
328,164,82944,6a242012867dc8b837e29b1a8324e93d22fc3f743ff363b5f117270d386b5a71
329,164,82944,6a242012867dc8b837e29b1a8324e93d22fc3f743ff363b5f117270d386b5a71
330,165,82944,6a242012867dc8b837e29b1a8324e93d22fc3f743ff363b5f117270d386b5a71
331,165,82944,6a242012867dc8b837e29b1a8324e93d22fc3f743ff363b5f117270d386b5a71
332,166,82944,6a242012867dc8b837e29b1a8324e93d22fc3f743ff363b5f117270d386b5a71
333,166,82944,6a242012867dc8b837e29b1a8324e93d22fc3f743ff363b5f117270d386b5a71
334,167,82944,6a242012867dc8b837e29b1a8324e93d22fc3f743ff363b5f117270d386b5a71
335,167,82944,6a242012867dc8b837e29b1a8324e93d22fc3f743ff363b5f117270d386b5a71
336,168,82944,6a242012867dc8b837e29b1a8324e93d22fc3f743ff363b5f117270d386b5a71
337,168,82944,6a242012867dc8b837e29b1a8324e93d22fc3f743ff363b5f117270d386b5a71
338,169,82944,6a242012867dc8b837e29b1a8324e93d22fc3f743ff363b5f117270d386b5a71
339,169,82944,6a242012867dc8b837e29b1a8324e93d22fc3f743ff363b5f117270d386b5a71
340,170,82944,6a242012867dc8b837e29b1a8324e93d22fc3f743ff363b5f117270d386b5a71
341,170,82944,6a242012867dc8b837e29b1a8324e93d22fc3f743ff363b5f117270d386b5a71
342,171,82944,6a242012867dc8b837e29b1a8324e93d22fc3f743ff363b5f117270d386b5a71
343,171,82944,6a242012867dc8b837e29b1a8324e93d22fc3f743ff363b5f117270d386b5a71
344,172,82944,6a242012867dc8b837e29b1a8324e93d22fc3f743ff363b5f117270d386b5a71
345,172,82944,6a242012867dc8b837e29b1a8324e93d22fc3f743ff363b5f117270d386b5a71
346,173,82944,6a242012867dc8b837e29b1a8324e93d22fc3f743ff363b5f117270d386b5a71
347,173,82944,6a242012867dc8b837e29b1a8324e93d22fc3f743ff363b5f117270d386b5a71
348,174,82944,6a242012867dc8b837e29b1a8324e93d22fc3f743ff363b5f117270d386b5a71
349,174,82944,6a242012867dc8b837e29b1a8324e93d22fc3f743ff363b5f117270d386b5a71
350,175,82944,6a242012867dc8b837e29b1a8324e93d22fc3f743ff363b5f117270d386b5a71
351,175,82944,6a242012867dc8b837e29b1a8324e93d22fc3f743ff363b5f117270d386b5a71
352,176,82944,6a242012867dc8b837e29b1a8324e93d22fc3f743ff363b5f117270d386b5a71
353,176,82944,6a242012867dc8b837e29b1a8324e93d22fc3f743ff363b5f117270d386b5a71
354,177,82944,6a242012867dc8b837e29b1a8324e93d22fc3f743ff363b5f117270d386b5a71
355,177,82944,6a242012867dc8b837e29b1a8324e93d22fc3f743ff363b5f117270d386b5a71
356,178,82944,6a242012867dc8b837e29b1a8324e93d22fc3f743ff363b5f117270d386b5a71
357,178,82944,6a242012867dc8b837e29b1a8324e93d22fc3f743ff363b5f117270d386b5a71
358,179,82944,6a242012867dc8b837e29b1a8324e93d22fc3f743ff363b5f117270d386b5a71
359,179,82944,6a242012867dc8b837e29b1a8324e93d22fc3f743ff363b5f117270d386b5a71
360,180,82944,6a242012867dc8b837e29b1a8324e93d22fc3f743ff363b5f117270d386b5a71
361,180,82944,6a242012867dc8b837e29b1a8324e93d22fc3f743ff363b5f117270d386b5a71
362,181,82944,6a242012867dc8b837e29b1a8324e93d22fc3f743ff363b5f117270d386b5a71
363,181,82944,6a242012867dc8b837e29b1a8324e93d22fc3f743ff363b5f117270d386b5a71
364,182,82944,6a242012867dc8b837e29b1a8324e93d22fc3f743ff363b5f117270d386b5a71
365,182,82944,6a242012867dc8b837e29b1a8324e93d22fc3f743ff363b5f117270d386b5a71
366,183,82944,6a242012867dc8b837e29b1a8324e93d22fc3f743ff363b5f117270d386b5a71
367,183,82944,6a242012867dc8b837e29b1a8324e93d22fc3f743ff363b5f117270d386b5a71
368,184,82944,6a242012867dc8b837e29b1a8324e93d22fc3f743ff363b5f117270d386b5a71
369,184,82944,6a242012867dc8b837e29b1a8324e93d22fc3f743ff363b5f117270d386b5a71
370,185,82944,6a242012867dc8b837e29b1a8324e93d22fc3f743ff363b5f117270d386b5a71
371,185,82944,6a242012867dc8b837e29b1a8324e93d22fc3f743ff363b5f117270d386b5a71
372,186,82944,6a242012867dc8b837e29b1a8324e93d22fc3f743ff363b5f117270d386b5a71
373,186,82944,6a242012867dc8b837e29b1a8324e93d22fc3f743ff363b5f117270d386b5a71
374,187,82944,6a242012867dc8b837e29b1a8324e93d22fc3f743ff363b5f117270d386b5a71
375,187,82944,6a242012867dc8b837e29b1a8324e93d22fc3f743ff363b5f117270d386b5a71
376,188,82944,6a242012867dc8b837e29b1a8324e93d22fc3f743ff363b5f117270d386b5a71
377,188,82944,6a242012867dc8b837e29b1a8324e93d22fc3f743ff363b5f117270d386b5a71
378,189,82944,6a242012867dc8b837e29b1a8324e93d22fc3f743ff363b5f117270d386b5a71
379,189,82944,6a242012867dc8b837e29b1a8324e93d22fc3f743ff363b5f117270d386b5a71
380,190,82944,6a242012867dc8b837e29b1a8324e93d22fc3f743ff363b5f117270d386b5a71
381,190,82944,6a242012867dc8b837e29b1a8324e93d22fc3f743ff363b5f117270d386b5a71
382,191,82944,6a242012867dc8b837e29b1a8324e93d22fc3f743ff363b5f117270d386b5a71
383,191,82944,6a242012867dc8b837e29b1a8324e93d22fc3f743ff363b5f117270d386b5a71
384,192,82944,6a242012867dc8b837e29b1a8324e93d22fc3f743ff363b5f117270d386b5a71
385,192,82944,6a242012867dc8b837e29b1a8324e93d22fc3f743ff363b5f117270d386b5a71
386,193,82944,6a242012867dc8b837e29b1a8324e93d22fc3f743ff363b5f117270d386b5a71
387,193,82944,6a242012867dc8b837e29b1a8324e93d22fc3f743ff363b5f117270d386b5a71
388,194,82944,6a242012867dc8b837e29b1a8324e93d22fc3f743ff363b5f117270d386b5a71
389,194,82944,6a242012867dc8b837e29b1a8324e93d22fc3f743ff363b5f117270d386b5a71
390,195,82944,6a242012867dc8b837e29b1a8324e93d22fc3f743ff363b5f117270d386b5a71
391,195,82944,6a242012867dc8b837e29b1a8324e93d22fc3f743ff363b5f117270d386b5a71
392,196,82944,6a242012867dc8b837e29b1a8324e93d22fc3f743ff363b5f117270d386b5a71
393,196,82944,6a242012867dc8b837e29b1a8324e93d22fc3f743ff363b5f117270d386b5a71
394,197,82944,6a242012867dc8b837e29b1a8324e93d22fc3f743ff363b5f117270d386b5a71
395,197,82944,6a242012867dc8b837e29b1a8324e93d22fc3f743ff363b5f117270d386b5a71
396,198,82944,6a242012867dc8b837e29b1a8324e93d22fc3f743ff363b5f117270d386b5a71
397,198,82944,6a242012867dc8b837e29b1a8324e93d22fc3f743ff363b5f117270d386b5a71
398,199,82944,6a242012867dc8b837e29b1a8324e93d22fc3f743ff363b5f117270d386b5a71
399,199,82944,6a242012867dc8b837e29b1a8324e93d22fc3f743ff363b5f117270d386b5a71
400,200,82944,6a242012867dc8b837e29b1a8324e93d22fc3f743ff363b5f117270d386b5a71
401,200,82944,6a242012867dc8b837e29b1a8324e93d22fc3f743ff363b5f117270d386b5a71
