step,live_tensor_count,live_unique_storage_count,live_total_bytes,current_state_bytes,current_edge_dependent_bytes,current_force_workspace_bytes,monitor_bytes,unknown_live_bytes,old_survivor_bytes,old_survivor_storage_count,inventory_error_count,semantic_current_state_bytes,semantic_current_neighborhood_bytes,semantic_current_density_EOS_bytes,semantic_current_pressure_force_bytes,semantic_current_viscosity_force_bytes,semantic_RK2_midpoint_bytes,semantic_diagnostics_temporary_bytes,semantic_archive_checkpoint_bytes,semantic_memory_monitor_temporary_bytes,semantic_unknown_bytes,directed_edge_count,unique_pair_count
0,20,19,4112448,65568,3981344,65536,0,0,0,0,0,65568,3981344,0,16384,16384,0,32768,0,0,0,82944,41984
1,20,19,3809856,65568,3678752,65536,0,0,0,0,0,65568,3678752,0,16384,16384,0,32768,0,0,0,76640,38832
2,20,19,3809856,65568,3678752,65536,0,0,0,0,0,65568,3678752,0,16384,16384,0,32768,0,0,0,76640,38832
3,20,19,3809856,65568,3678752,65536,0,0,0,0,0,65568,3678752,0,16384,16384,0,32768,0,0,0,76640,38832
4,20,19,3809856,65568,3678752,65536,0,0,0,0,0,65568,3678752,0,16384,16384,0,32768,0,0,0,76640,38832
25,20,19,3861312,65568,3730208,65536,0,0,0,0,0,65568,3730208,0,16384,16384,0,32768,0,0,0,77712,39368
50,20,19,3910464,65568,3779360,65536,0,0,0,0,0,65568,3779360,0,16384,16384,0,32768,0,0,0,78736,39880
75,20,19,3944256,65568,3813152,65536,0,0,0,0,0,65568,3813152,0,16384,16384,0,32768,0,0,0,79440,40232
100,20,19,3990336,65568,3859232,65536,0,0,0,0,0,65568,3859232,0,16384,16384,0,32768,0,0,0,80400,40712
125,20,19,4005696,65568,3874592,65536,0,0,0,0,0,65568,3874592,0,16384,16384,0,32768,0,0,0,80720,40872
150,20,19,4022592,65568,3891488,65536,0,0,0,0,0,65568,3891488,0,16384,16384,0,32768,0,0,0,81072,41048
175,20,19,4012608,65568,3881504,65536,0,0,0,0,0,65568,3881504,0,16384,16384,0,32768,0,0,0,80864,40944
200,20,19,4006464,65568,3875360,65536,0,0,0,0,0,65568,3875360,0,16384,16384,0,32768,0,0,0,80736,40880
225,20,19,3971136,65568,3840032,65536,0,0,0,0,0,65568,3840032,0,16384,16384,0,32768,0,0,0,80000,40512
250,20,19,3961920,65568,3830816,65536,0,0,0,0,0,65568,3830816,0,16384,16384,0,32768,0,0,0,79808,40416
275,20,19,3970368,65568,3839264,65536,0,0,0,0,0,65568,3839264,0,16384,16384,0,32768,0,0,0,79984,40504
300,20,19,3987264,65568,3856160,65536,0,0,0,0,0,65568,3856160,0,16384,16384,0,32768,0,0,0,80336,40680
325,20,19,3998016,65568,3866912,65536,0,0,0,0,0,65568,3866912,0,16384,16384,0,32768,0,0,0,80560,40792
350,20,19,3984192,65568,3853088,65536,0,0,0,0,0,65568,3853088,0,16384,16384,0,32768,0,0,0,80272,40648
375,20,19,3964992,65568,3833888,65536,0,0,0,0,0,65568,3833888,0,16384,16384,0,32768,0,0,0,79872,40448
400,20,19,3963456,65568,3832352,65536,0,0,0,0,0,65568,3832352,0,16384,16384,0,32768,0,0,0,79840,40432
425,20,19,3962688,65568,3831584,65536,0,0,0,0,0,65568,3831584,0,16384,16384,0,32768,0,0,0,79824,40424
450,20,19,3981888,65568,3850784,65536,0,0,0,0,0,65568,3850784,0,16384,16384,0,32768,0,0,0,80224,40624
475,20,19,3975744,65568,3844640,65536,0,0,0,0,0,65568,3844640,0,16384,16384,0,32768,0,0,0,80096,40560
500,20,19,3981888,65568,3850784,65536,0,0,0,0,0,65568,3850784,0,16384,16384,0,32768,0,0,0,80224,40624
525,20,19,3990336,65568,3859232,65536,0,0,0,0,0,65568,3859232,0,16384,16384,0,32768,0,0,0,80400,40712
550,20,19,3991104,65568,3860000,65536,0,0,0,0,0,65568,3860000,0,16384,16384,0,32768,0,0,0,80416,40720
575,20,19,3984960,65568,3853856,65536,0,0,0,0,0,65568,3853856,0,16384,16384,0,32768,0,0,0,80288,40656
600,20,19,3991104,65568,3860000,65536,0,0,0,0,0,65568,3860000,0,16384,16384,0,32768,0,0,0,80416,40720
625,20,19,3998784,65568,3867680,65536,0,0,0,0,0,65568,3867680,0,16384,16384,0,32768,0,0,0,80576,40800
650,20,19,3973440,65568,3842336,65536,0,0,0,0,0,65568,3842336,0,16384,16384,0,32768,0,0,0,80048,40536
675,20,19,3956544,65568,3825440,65536,0,0,0,0,0,65568,3825440,0,16384,16384,0,32768,0,0,0,79696,40360
700,20,19,3958848,65568,3827744,65536,0,0,0,0,0,65568,3827744,0,16384,16384,0,32768,0,0,0,79744,40384
725,20,19,3968832,65568,3837728,65536,0,0,0,0,0,65568,3837728,0,16384,16384,0,32768,0,0,0,79952,40488
750,20,19,3958080,65568,3826976,65536,0,0,0,0,0,65568,3826976,0,16384,16384,0,32768,0,0,0,79728,40376
775,20,19,3958848,65568,3827744,65536,0,0,0,0,0,65568,3827744,0,16384,16384,0,32768,0,0,0,79744,40384
800,20,19,3965760,65568,3834656,65536,0,0,0,0,0,65568,3834656,0,16384,16384,0,32768,0,0,0,79888,40456
825,20,19,3971904,65568,3840800,65536,0,0,0,0,0,65568,3840800,0,16384,16384,0,32768,0,0,0,80016,40520
850,20,19,3974208,65568,3843104,65536,0,0,0,0,0,65568,3843104,0,16384,16384,0,32768,0,0,0,80064,40544
875,20,19,3981888,65568,3850784,65536,0,0,0,0,0,65568,3850784,0,16384,16384,0,32768,0,0,0,80224,40624
900,20,19,3974208,65568,3843104,65536,0,0,0,0,0,65568,3843104,0,16384,16384,0,32768,0,0,0,80064,40544
925,20,19,3971136,65568,3840032,65536,0,0,0,0,0,65568,3840032,0,16384,16384,0,32768,0,0,0,80000,40512
950,20,19,3975744,65568,3844640,65536,0,0,0,0,0,65568,3844640,0,16384,16384,0,32768,0,0,0,80096,40560
975,20,19,3987264,65568,3856160,65536,0,0,0,0,0,65568,3856160,0,16384,16384,0,32768,0,0,0,80336,40680
1000,20,19,3981120,65568,3850016,65536,0,0,0,0,0,65568,3850016,0,16384,16384,0,32768,0,0,0,80208,40616
1025,20,19,3982656,65568,3851552,65536,0,0,0,0,0,65568,3851552,0,16384,16384,0,32768,0,0,0,80240,40632
1050,20,19,3990336,65568,3859232,65536,0,0,0,0,0,65568,3859232,0,16384,16384,0,32768,0,0,0,80400,40712
1075,20,19,3992640,65568,3861536,65536,0,0,0,0,0,65568,3861536,0,16384,16384,0,32768,0,0,0,80448,40736
1100,20,19,3984192,65568,3853088,65536,0,0,0,0,0,65568,3853088,0,16384,16384,0,32768,0,0,0,80272,40648
1125,20,19,3990336,65568,3859232,65536,0,0,0,0,0,65568,3859232,0,16384,16384,0,32768,0,0,0,80400,40712
1150,20,19,3981888,65568,3850784,65536,0,0,0,0,0,65568,3850784,0,16384,16384,0,32768,0,0,0,80224,40624
1175,20,19,3983424,65568,3852320,65536,0,0,0,0,0,65568,3852320,0,16384,16384,0,32768,0,0,0,80256,40640
1200,20,19,3971136,65568,3840032,65536,0,0,0,0,0,65568,3840032,0,16384,16384,0,32768,0,0,0,80000,40512
1225,20,19,3970368,65568,3839264,65536,0,0,0,0,0,65568,3839264,0,16384,16384,0,32768,0,0,0,79984,40504
1250,20,19,3968832,65568,3837728,65536,0,0,0,0,0,65568,3837728,0,16384,16384,0,32768,0,0,0,79952,40488
1275,20,19,3968832,65568,3837728,65536,0,0,0,0,0,65568,3837728,0,16384,16384,0,32768,0,0,0,79952,40488
1300,20,19,3987264,65568,3856160,65536,0,0,0,0,0,65568,3856160,0,16384,16384,0,32768,0,0,0,80336,40680
1325,20,19,3990336,65568,3859232,65536,0,0,0,0,0,65568,3859232,0,16384,16384,0,32768,0,0,0,80400,40712
1350,20,19,3982656,65568,3851552,65536,0,0,0,0,0,65568,3851552,0,16384,16384,0,32768,0,0,0,80240,40632
1375,20,19,3982656,65568,3851552,65536,0,0,0,0,0,65568,3851552,0,16384,16384,0,32768,0,0,0,80240,40632
1400,20,19,3984192,65568,3853088,65536,0,0,0,0,0,65568,3853088,0,16384,16384,0,32768,0,0,0,80272,40648
1425,20,19,3978048,65568,3846944,65536,0,0,0,0,0,65568,3846944,0,16384,16384,0,32768,0,0,0,80144,40584
1450,20,19,3974208,65568,3843104,65536,0,0,0,0,0,65568,3843104,0,16384,16384,0,32768,0,0,0,80064,40544
1475,20,19,3976512,65568,3845408,65536,0,0,0,0,0,65568,3845408,0,16384,16384,0,32768,0,0,0,80112,40568
1500,20,19,3980352,65568,3849248,65536,0,0,0,0,0,65568,3849248,0,16384,16384,0,32768,0,0,0,80192,40608
1525,20,19,3969600,65568,3838496,65536,0,0,0,0,0,65568,3838496,0,16384,16384,0,32768,0,0,0,79968,40496
1550,20,19,3977280,65568,3846176,65536,0,0,0,0,0,65568,3846176,0,16384,16384,0,32768,0,0,0,80128,40576
1575,20,19,3977280,65568,3846176,65536,0,0,0,0,0,65568,3846176,0,16384,16384,0,32768,0,0,0,80128,40576
1600,20,19,3985728,65568,3854624,65536,0,0,0,0,0,65568,3854624,0,16384,16384,0,32768,0,0,0,80304,40664
1625,20,19,3987264,65568,3856160,65536,0,0,0,0,0,65568,3856160,0,16384,16384,0,32768,0,0,0,80336,40680
1650,20,19,3981888,65568,3850784,65536,0,0,0,0,0,65568,3850784,0,16384,16384,0,32768,0,0,0,80224,40624
1675,20,19,3975744,65568,3844640,65536,0,0,0,0,0,65568,3844640,0,16384,16384,0,32768,0,0,0,80096,40560
1700,20,19,3974976,65568,3843872,65536,0,0,0,0,0,65568,3843872,0,16384,16384,0,32768,0,0,0,80080,40552
1725,20,19,3981120,65568,3850016,65536,0,0,0,0,0,65568,3850016,0,16384,16384,0,32768,0,0,0,80208,40616
1750,20,19,3996480,65568,3865376,65536,0,0,0,0,0,65568,3865376,0,16384,16384,0,32768,0,0,0,80528,40776
1775,20,19,3986496,65568,3855392,65536,0,0,0,0,0,65568,3855392,0,16384,16384,0,32768,0,0,0,80320,40672
1800,20,19,3976512,65568,3845408,65536,0,0,0,0,0,65568,3845408,0,16384,16384,0,32768,0,0,0,80112,40568
1825,20,19,3976512,65568,3845408,65536,0,0,0,0,0,65568,3845408,0,16384,16384,0,32768,0,0,0,80112,40568
1850,20,19,3968832,65568,3837728,65536,0,0,0,0,0,65568,3837728,0,16384,16384,0,32768,0,0,0,79952,40488
1875,20,19,3981120,65568,3850016,65536,0,0,0,0,0,65568,3850016,0,16384,16384,0,32768,0,0,0,80208,40616
1900,20,19,3984192,65568,3853088,65536,0,0,0,0,0,65568,3853088,0,16384,16384,0,32768,0,0,0,80272,40648
1925,20,19,3978816,65568,3847712,65536,0,0,0,0,0,65568,3847712,0,16384,16384,0,32768,0,0,0,80160,40592
1950,20,19,3983424,65568,3852320,65536,0,0,0,0,0,65568,3852320,0,16384,16384,0,32768,0,0,0,80256,40640
1975,20,19,3988800,65568,3857696,65536,0,0,0,0,0,65568,3857696,0,16384,16384,0,32768,0,0,0,80368,40696
2000,20,19,3984192,65568,3853088,65536,0,0,0,0,0,65568,3853088,0,16384,16384,0,32768,0,0,0,80272,40648
