schema_version,run_id,config_hash,git_hash,sample_index,step,time,dt,status,particle_count,dtype,device,state_all_finite,nonfinite_position_count,nonfinite_velocity_count,nonfinite_density_count,nonfinite_pressure_count,nonfinite_sound_speed_count,nonpositive_density_count,nonpositive_sound_speed_count,position_drift_linf,velocity_linf,relative_density_drift,total_mass,velocity_error_l1,velocity_error_l2,velocity_relative_l2,velocity_error_linf,modal_amplitude,exact_modal_amplitude,modal_amplitude_error,modal_amplitude_relative_error,kinetic_energy,exact_kinetic_energy,kinetic_energy_error,kinetic_energy_relative_error,density_mean,density_std,density_fluctuation_rms,density_fluctuation_relative_rms,density_fluctuation_linf,density_fluctuation_relative_linf,density_minimum,density_maximum,pressure_minimum,pressure_maximum,pressure_absolute_maximum,maximum_speed,maximum_mach,momentum_x,momentum_y,momentum_norm,momentum_drift_x,momentum_drift_y,momentum_drift_absolute,momentum_drift_normalized,angular_momentum,angular_momentum_drift_absolute,angular_momentum_drift_normalized,velocity_divergence_l2,minimum_separation,neighbor_edge_count,neighbor_unique_edge_count,neighbor_duplicate_edge_count,neighbor_self_edge_count,neighbor_missing_self_edge_count,neighbor_nonreciprocal_nonself_edge_count,neighbor_out_of_bounds_edge_count,neighbor_omitted_strict_support_edge_count,neighbor_unexpected_edge_count,neighbor_minimum_image_linf,neighbor_expected_strict_edge_count,neighbor_count_mean,neighbor_count_std,neighbor_count_median,neighbor_count_min,neighbor_count_max,neighbor_nonself_count_mean,pressure_pair_force_residual_linf,pressure_relative_pair_force_residual,pressure_total_internal_force,pressure_relative_total_internal_force,pressure_minimum_image_pair_torque_linf,pressure_relative_pair_torque_linf,pressure_relative_total_pair_torque,pressure_force_scale,viscosity_gamma_minimum,viscosity_gamma_maximum,viscosity_relative_gamma_symmetry_residual,viscosity_pair_force_residual_linf,viscosity_relative_pair_force_residual,viscosity_total_internal_force,viscosity_relative_total_internal_force,viscosity_minimum_image_pair_torque_linf,viscosity_force_scale,total_internal_force_x,total_internal_force_y,total_internal_force,relative_total_internal_force,assembled_mass_weighted_internal_force_x,assembled_mass_weighted_internal_force_y,assembled_mass_weighted_internal_force,assembled_relative_internal_force,assembly_force_consistency_linf,assembly_force_consistency_relative_linf,accumulated_viscous_power,pair_direct_viscous_power,viscous_power_identity_absolute_difference,viscous_power_positive_absolute_tolerance,viscous_power_roundoff_tolerance,wall_clock_seconds,step_time_count,step_time_mean_seconds,step_time_median_seconds,step_time_p95_seconds,step_time_early_mean_seconds,step_time_late_mean_seconds,step_time_late_to_early_ratio,thermal_slowdown_fraction,current_rss_bytes,system_memory_free_percent,peak_rss_bytes,peak_rss_gib
sph-pio-poc.stage01d.dynamic-diagnostics.v1,stage01d2_dis_j05_s2,87583422ddf81d1252a618cf87a57795097d2c519df1ded90d531c66ab2dcceb,dc403e7df9d33b89080ef66a7703ca418bcc761c,0,0,0.0,0.00025,OK,1024,float64,cpu,True,0,0,0,0,0,0,0,,,,4.0,0.0,0.0,0.0,0.0,1.0,1.0,0.0,0.0,0.9999398127184385,0.9999398127184385,0.0,0.0,1.0002416343246248,0.006529750413503521,0.00653421973991434,0.00653421973991434,0.02262666690400672,0.02262666690400672,0.9821973132363766,1.0226266669040067,-7.1210747054493595,9.050666761602688,9.050666761602688,0.9920354719901059,0.049601773599505294,0.0001606340898005021,0.0006643090916833284,0.0006834543730924286,0.0,0.0,0.0,0.0,9.695617200310147e-05,0.0,0.0,0.0006163223649409865,0.05652220897822854,76802,76802,0,1024,0,0,0,0,0,2.220446049250313e-16,76802,75.001953125,1.4402386891316155,75.0,70,80,74.001953125,0.0,0.0,1.7772239894833365e-16,7.948358985448135e-19,4.336808689942018e-19,2.3051915351328626e-16,3.89140283029746e-19,223.59634142557985,6.974678139596643e-27,157.91334220254174,0.0,0.0,0.0,5.117618013912387e-18,9.323759661160613e-19,3.974535733567696e-05,5.4887922896924515,-5.551115123125783e-17,-2.0816681711721685e-16,2.1544120232613906e-16,9.404416551704698e-19,-5.551115123125783e-17,-2.0816681711721685e-16,2.1544120232613906e-16,9.404416551704698e-19,0.0,0.0,-0.768640722875696,-0.768640722875696,0.0,1e-12,2.5133896356176364e-14,0.09584133297903463,0,,,,,,,,231243776,36.6978645324707,264634368,0.2464599609375
sph-pio-poc.stage01d.dynamic-diagnostics.v1,stage01d2_dis_j05_s2,87583422ddf81d1252a618cf87a57795097d2c519df1ded90d531c66ab2dcceb,dc403e7df9d33b89080ef66a7703ca418bcc761c,1,20,0.005,0.00025,OK,1024,float64,cpu,True,0,0,0,0,0,0,0,,,,4.0,0.07584277135192537,2.705336587107448,0.11979918673465628,0.24183198490547203,0.9980110374632813,0.9980280260203829,1.6988557101527135e-05,1.702212428770029e-05,1.0102734935349431,0.9959999905820376,0.014273502952905526,0.014330826393446496,1.0002023128428832,0.004968494528266357,0.004972611825168768,0.004972611825168768,0.01691626095183496,0.01691626095183496,0.9862364904828212,1.016916260951835,-5.5054038068715005,6.766504380733984,6.766504380733984,1.0444784273237506,0.05222392136618753,0.0001606340898005177,0.0006643090916833559,0.000683454373092459,1.5612511283791264e-17,2.7430314963883262e-17,3.156220346560657e-17,7.890550866401643e-18,9.056450112875395e-05,6.391670874347517e-06,7.989588592934396e-07,0.6705553929408807,0.05594289529222433,77024,77024,0,1024,0,0,0,0,0,2.220446049250313e-16,77024,75.21875,1.3887552884586603,75.0,71,80,74.21875,2.42434975903054e-19,5.31576955953064e-18,4.847302891456678e-16,2.9010822688499208e-18,4.336808689942018e-19,2.242559212690692e-16,1.6070461878985507e-19,167.08601970733838,1.4338348204168587e-25,159.19520451875303,8.926685171303624e-17,7.666467083416871e-20,1.1594556868736634e-16,4.84869951806108e-18,8.355451319980278e-19,5.40584876348372e-05,5.803037241646601,-1.1102230246251565e-16,-1.6653345369377348e-16,2.0014830212433605e-16,1.1576690026332585e-18,-1.1102230246251565e-16,-1.6653345369377348e-16,2.0014830212433605e-16,1.1576690026332585e-18,0.0,0.0,-0.8640963475240735,-0.8640963475240735,0.0,1e-12,2.6490402369803313e-14,1.710050499998033,20,0.07674834374338388,0.07660981200751849,0.07890862500062212,0.07687889989465475,0.07661778759211302,0.996603589503758,-0.003396410496241953,299073536,36.51084899902344,314490880,0.2928924560546875
sph-pio-poc.stage01d.dynamic-diagnostics.v1,stage01d2_dis_j05_s2,87583422ddf81d1252a618cf87a57795097d2c519df1ded90d531c66ab2dcceb,dc403e7df9d33b89080ef66a7703ca418bcc761c,2,40,0.01,0.00025,OK,1024,float64,cpu,True,0,0,0,0,0,0,0,,,,4.0,0.10905450118875284,3.9010705582904848,0.17308710980433828,0.360134150168173,0.9958732674617748,0.996059940722142,0.00018667326036714282,0.0001874116734699771,1.0214805912862892,0.9920756915783985,0.02940489970789073,0.029639774421957015,1.0001515924256932,0.0022034843623231245,0.0022086927352010957,0.0022086927352010957,0.00761229345696135,0.00761229345696135,0.9942878308729279,1.0076122934569613,-2.2848676508288257,3.04491738278454,3.04491738278454,1.089786903134,0.054489345156699995,0.00016063408980051814,0.0006643090916833537,0.0006834543730924569,1.6046192152785466e-17,2.5261910618912253e-17,2.992731880275989e-17,7.481829700689972e-18,9.510394093485133e-05,1.852231068250141e-06,2.3152888353126762e-07,0.9460361248861185,0.054988056855062833,77650,77650,0,1024,0,0,0,0,0,2.220446049250313e-16,77650,75.830078125,1.526703844012192,76.0,71,80,74.830078125,0.0,0.0,2.7755575615628914e-17,4.0933365510474763e-19,2.168404344971009e-19,2.2272432090107357e-16,2.7742544743339234e-19,67.80672751798608,3.2086652562827664e-24,160.2776341668684,0.0,0.0,0.0,2.1605266048225007e-17,3.516037052189717e-18,6.239101652207476e-05,6.144777693616648,-7.632783294297951e-17,1.1102230246251565e-16,1.3472894910096233e-16,1.821855399906368e-18,-7.632783294297951e-17,1.1102230246251565e-16,1.3472894910096233e-16,1.821855399906368e-18,0.0,0.0,-0.9747715292161061,-0.9747715292161061,0.0,1e-12,2.8063191297407373e-14,3.3428745419951156,40,0.07734403859358281,0.07663935396703891,0.07890862500062212,0.07674834374338388,0.07793973344378173,1.015523327830779,0.015523327830778921,323895296,36.20491027832031,339427328,0.3161163330078125
sph-pio-poc.stage01d.dynamic-diagnostics.v1,stage01d2_dis_j05_s2,87583422ddf81d1252a618cf87a57795097d2c519df1ded90d531c66ab2dcceb,dc403e7df9d33b89080ef66a7703ca418bcc761c,3,60,0.015,0.00025,OK,1024,float64,cpu,True,0,0,0,0,0,0,0,,,,4.0,0.08750311569666469,3.1529401606198224,0.14016620143605957,0.3049252188688335,0.9936879048205587,0.994095736436899,0.00040783161634028176,0.0004102538632768487,1.0068735477644344,0.9881668545454575,0.01870669321897689,0.0189307029809067,1.0001629327762647,0.004138288576258548,0.004141494830369019,0.004141494830369019,0.011432855923939944,0.011432855923939944,0.9885671440760601,1.0105768573666876,-4.573142369575978,4.230742946675026,4.573142369575978,1.0562755672936115,0.052813778364680576,0.0001606340898005267,0.0006643090916833368,0.0006834543730924426,2.461138931542095e-17,8.348356728138384e-18,2.5988758032954748e-17,6.497189508238687e-18,0.00011623859740905566,1.9282425405954193e-05,2.410303175744274e-06,0.7055871032485309,0.053368354070471365,78252,78252,0,1024,0,0,0,0,0,2.220446049250313e-16,78252,76.41796875,1.7184836614932244,76.0,72,81,75.41796875,0.0,0.0,4.2554149388868045e-16,2.8646990141732027e-18,4.336808689942018e-19,2.5102570631497265e-16,5.550553435310063e-19,148.5466681781571,7.71875266056688e-28,161.3499416956438,0.0,0.0,0.0,1.4416220074117224e-17,2.4182292609228962e-18,6.092612697237908e-05,5.961477808194,-5.551115123125783e-16,-9.71445146547012e-17,5.635475559608569e-16,3.6473646898244416e-18,-5.551115123125783e-16,-9.71445146547012e-17,5.635475559608569e-16,3.6473646898244416e-18,0.0,0.0,-0.9141479758898063,-0.9141479758898063,0.0,1e-12,2.7201678788768026e-14,4.974362124979962,60,0.07750051662733312,0.07700831250986084,0.0790762499673292,0.0775242152934273,0.07747681796123894,0.9993886125514594,-0.0006113874485406123,339525632,36.347389221191406,355188736,0.3307952880859375
sph-pio-poc.stage01d.dynamic-diagnostics.v1,stage01d2_dis_j05_s2,87583422ddf81d1252a618cf87a57795097d2c519df1ded90d531c66ab2dcceb,dc403e7df9d33b89080ef66a7703ca418bcc761c,4,80,0.02,0.00025,OK,1024,float64,cpu,True,0,0,0,0,0,0,0,,,,4.0,0.05282400621750867,1.8916956412939212,0.08426153595421076,0.13715582214149866,0.99156384454593,0.9921354055113971,0.0005715609654670661,0.0005760916930209284,0.9902600935263356,0.984273418562134,0.005986674964201577,0.006082329209852229,1.0001900482397752,0.00570010956428715,0.005703276898268177,0.005703276898268177,0.01850468375120362,0.01850468375120362,0.9814953162487964,1.0144279934340923,-7.401873500481448,5.771197373636916,7.401873500481448,1.0309946631996774,0.05154973315998387,0.00016063408980053614,0.000664309091683329,0.0006834543730924372,3.404394821604484e-17,5.421010862427522e-19,3.404826403393348e-17,8.51206600848337e-18,0.0001491661090421148,5.220993703901333e-05,6.5262421298766665e-06,0.33153695998781874,0.052022252168803365,78662,78662,0,1024,0,0,0,0,0,2.220446049250313e-16,78662,76.818359375,1.8209744750699568,77.0,72,82,75.818359375,0.0,0.0,9.036560719766055e-16,4.448685962409991e-18,6.505213034913027e-19,2.259537880422801e-16,3.109100919333986e-19,203.12876197875448,9.267943201438991e-24,162.64875705715974,0.0,0.0,0.0,2.7606946902892727e-17,4.8580856886307785e-18,5.291969784414316e-05,5.68268010741358,-2.220446049250313e-16,-1.1102230246251565e-16,2.482534153247273e-16,1.1888879883425313e-18,-2.220446049250313e-16,-1.1102230246251565e-16,2.482534153247273e-16,1.1888879883425313e-18,0.0,0.0,-0.8254547188180044,-0.8254547188180043,1.1102230246251565e-16,1e-12,2.5941271798302585e-14,6.605314625019673,80,0.07756662132233032,0.07719322945922613,0.07927166600711644,0.07734403859358281,0.07778920405107784,1.0057556531258243,0.005755653125824267,359464960,36.2849235534668,375209984,0.3494415283203125
sph-pio-poc.stage01d.dynamic-diagnostics.v1,stage01d2_dis_j05_s2,87583422ddf81d1252a618cf87a57795097d2c519df1ded90d531c66ab2dcceb,dc403e7df9d33b89080ef66a7703ca418bcc761c,5,100,0.025,0.00025,OK,1024,float64,cpu,True,0,0,0,0,0,0,0,,,,4.0,0.07794986597259429,2.77304305712904,0.12376362441186042,0.19839977513650484,0.989536511264711,0.9901789403074717,0.0006424290427606838,0.0006488009556749368,0.9942684893123872,0.9803953229473793,0.013873166365007905,0.014150583994322582,1.0001751858151926,0.004718575315209239,0.0047218262436420355,0.0047218262436420355,0.017328702194600032,0.017328702194600032,0.9826712978054,1.0128305541875273,-6.931480877840013,5.132221675010928,6.931480877840013,1.1169263818178368,0.05584631909089184,0.0001606340898005357,0.0006643090916833533,0.0006834543730924607,3.361026734705064e-17,2.482822974991805e-17,4.1786254482244925e-17,1.0446563620561231e-17,0.00017669125576151232,7.973508375841085e-05,9.966885469801356e-06,0.6666791800129949,0.051128626232301286,78884,78884,0,1024,0,0,0,0,0,2.220446049250313e-16,78884,77.03515625,1.809266463750543,77.0,71,82,76.03515625,0.0,0.0,6.707437923744493e-16,4.094277611881943e-18,4.336808689942018e-19,2.3771509689279014e-16,9.129012055967416e-19,163.82469777522988,1.02188343940992e-25,164.28950326191907,0.0,0.0,0.0,1.7860071305544555e-17,3.0692636990466043e-18,5.6712032651994385e-05,5.819008419215453,-1.6653345369377348e-16,3.885780586188048e-16,4.2276033262255756e-16,2.4920484355487395e-18,-1.6653345369377348e-16,3.885780586188048e-16,4.2276033262255756e-16,2.4920484355487395e-18,0.0,0.0,-0.8647943812114125,-0.8647943812114125,0.0,1e-12,2.6500322025120404e-14,8.23370891698869,100,0.07757773371879012,0.07720743751269765,0.07936558400979266,0.07730817085364833,0.0778472965839319,1.0069737224969944,0.00697372249699435,376356864,36.24591827392578,392134656,0.365203857421875
sph-pio-poc.stage01d.dynamic-diagnostics.v1,stage01d2_dis_j05_s2,87583422ddf81d1252a618cf87a57795097d2c519df1ded90d531c66ab2dcceb,dc403e7df9d33b89080ef66a7703ca418bcc761c,6,120,0.03,0.00025,OK,1024,float64,cpu,True,0,0,0,0,0,0,0,,,,4.0,0.09688098900978523,3.4362550052016094,0.15366959589798834,0.24543790976372873,0.9876275305011318,0.9882263332020205,0.0005988027008886343,0.000605936798859035,0.9984970864258214,0.9765325072592318,0.02196457916658956,0.022492419866529653,1.0001555756911134,0.0033737946351411504,0.003377379758891888,0.003377379758891888,0.011833016476153313,0.011833016476153313,0.9881669835238467,1.0113545124785335,-4.733206590461325,4.54180499141339,4.733206590461325,1.132673169469718,0.05663365847348591,0.00016063408980053918,0.0006643090916833424,0.0006834543730924509,3.707971429900425e-17,1.3986208025063007e-17,3.9629777029603856e-17,9.907444257400964e-18,0.00018409343802874107,8.71372660256396e-05,1.089215825320495e-05,0.8473411180063292,0.05060696546299343,79162,79162,0,1024,0,0,0,0,0,2.220446049250313e-16,79162,77.306640625,1.8181540389190176,77.0,71,82,76.306640625,0.0,0.0,5.594315114139762e-17,4.821219950759705e-19,4.336808689942018e-19,2.2404328480772707e-16,9.0175513334828e-19,116.03526018882908,1.0790839925624431e-23,166.17098064239605,0.0,0.0,0.0,3.0357660829594124e-18,5.07743470976776e-19,5.777896177553137e-05,5.978936719992342,-1.457167719820518e-16,3.885780586188048e-16,4.150015485234104e-16,3.4012562393336252e-18,-1.457167719820518e-16,3.885780586188048e-16,4.150015485234104e-16,3.4012562393336252e-18,0.0,0.0,-0.9144086707648089,-0.9144086707648089,0.0,1e-12,2.7205383485761685e-14,9.901141208014451,120,0.07790647184059102,0.07722583299619146,0.07936558400979266,0.07750051662733312,0.0783124270538489,1.010476193731971,0.010476193731971062,393576448,36.15093231201172,409419776,0.3813018798828125
sph-pio-poc.stage01d.dynamic-diagnostics.v1,stage01d2_dis_j05_s2,87583422ddf81d1252a618cf87a57795097d2c519df1ded90d531c66ab2dcceb,dc403e7df9d33b89080ef66a7703ca418bcc761c,7,140,0.035,0.00025,OK,1024,float64,cpu,True,0,0,0,0,0,0,0,,,,4.0,0.07607779509108836,2.7336270376290392,0.12249312738299124,0.24523629782819864,0.985876418927914,0.9862775765869737,0.00040115765905968104,0.00040673910528098216,0.9865177552055644,0.9726849112938752,0.013832843911689152,0.014221299982219899,1.0001707899404328,0.004559264294042719,0.004562462066328433,0.004562462066328433,0.013379671876968091,0.013379671876968091,0.9867210962103119,1.013379671876968,-5.3115615158752405,5.3518687507872365,5.3518687507872365,1.114344486997569,0.05571722434987845,0.00016063408980051446,0.0006643090916833515,0.000683454373092454,1.235990476633475e-17,2.3093506273941244e-17,2.6193076907026943e-17,6.548269226756736e-18,0.00017559155212497693,7.863538012187546e-05,9.829422515234432e-06,0.6218424960915726,0.050194568234214566,79490,79490,0,1024,0,0,0,0,0,2.220446049250313e-16,79490,77.626953125,1.8721334800453062,78.0,72,82,76.626953125,0.0,0.0,5.47117593947029e-16,3.4117992313747824e-18,4.336808689942018e-19,2.208364009092741e-16,4.0127584521252913e-19,160.36043062433316,1.1473535250006453e-29,168.0377316327566,0.0,0.0,0.0,2.110382192020081e-17,3.627211649597692e-18,5.3158494746431426e-05,5.818194238139236,2.7755575615628914e-16,1.249000902703301e-16,3.0436364816617974e-16,1.831545112484038e-18,2.7755575615628914e-16,1.249000902703301e-16,3.0436364816617974e-16,1.831545112484038e-18,0.0,0.0,-0.8612506566961431,-0.861250656696143,1.1102230246251565e-16,1e-12,2.6449962670883208e-14,11.526807542017195,140,0.07784923719092539,0.07728289547958411,0.07927166600711644,0.07751027021024909,0.07818820417160169,1.0087463759255861,0.008746375925586136,410173440,36.14082336425781,426082304,0.396820068359375
sph-pio-poc.stage01d.dynamic-diagnostics.v1,stage01d2_dis_j05_s2,87583422ddf81d1252a618cf87a57795097d2c519df1ded90d531c66ab2dcceb,dc403e7df9d33b89080ef66a7703ca418bcc761c,8,160,0.04,0.00025,OK,1024,float64,cpu,True,0,0,0,0,0,0,0,,,,4.0,0.05901297049306105,2.125863380171768,0.09544977204439503,0.18028942232869705,0.9842447346819934,0.9843326628692644,8.792818727099139e-05,8.932771469219213e-05,0.9774911811688478,0.9688524750846993,0.008638706084148517,0.008916430835760937,1.0001838701853611,0.0051852884576183015,0.005188547449313185,0.005188547449313185,0.016584924337197382,0.016584924337197382,0.9873032406195791,1.0165849243371974,-5.078703752168368,6.633969734878953,6.633969734878953,1.0662195878953051,0.05331097939476526,0.0001606340898005383,0.0006643090916833333,0.0006834543730924419,3.621235256101585e-17,4.87890977618477e-18,3.653954349205067e-17,9.134885873012667e-18,0.00016825671067486432,7.130053867176285e-05,8.912567333970356e-06,0.43933081345038383,0.04962300229736225,79880,79880,0,1024,0,0,0,0,0,2.220446049250313e-16,79880,78.0078125,2.0014504759848886,78.0,73,83,77.0078125,0.0,0.0,7.2377686124476805e-16,3.936126802211097e-18,4.336808689942018e-19,2.5202156367114395e-16,5.419588750420903e-19,183.88047377899272,8.042915939760401e-24,169.6399455417348,0.0,0.0,0.0,9.024314302204245e-18,1.5955063882848243e-18,5.243342720347632e-05,5.65608158542406,6.106226635438361e-16,2.7755575615628914e-16,6.707437923744493e-16,3.538862416723932e-18,6.106226635438361e-16,2.7755575615628914e-16,6.707437923744493e-16,3.538862416723932e-18,0.0,0.0,-0.8167400150226829,-0.8167400150226829,0.0,1e-12,2.5817428408781252e-14,13.168263499974273,160,0.07789934218526469,0.07734804201754741,0.07936558400979266,0.07756662132233032,0.07823206304819905,1.0085789701101389,0.008578970110138862,426180608,35.89487075805664,442171392,0.41180419921875
sph-pio-poc.stage01d.dynamic-diagnostics.v1,stage01d2_dis_j05_s2,87583422ddf81d1252a618cf87a57795097d2c519df1ded90d531c66ab2dcceb,dc403e7df9d33b89080ef66a7703ca418bcc761c,9,180,0.045,0.00025,OK,1024,float64,cpu,True,0,0,0,0,0,0,0,,,,4.0,0.08193928781711349,2.911817901413358,0.1309973241591881,0.2189977243995108,0.9826004174152858,0.9823915844707989,0.00020883294448692524,0.00021257607229954105,0.981984205012216,0.9650351389013663,0.016949066110849675,0.01756315954478627,1.0001679797432057,0.0040051756795377765,0.004008696723136877,0.004008696723136877,0.013886558303924934,0.013886558303924934,0.9899845049052799,1.013886558303925,-4.006198037888042,5.554623321569974,5.554623321569974,1.0654583823181365,0.05327291911590683,0.00016063408980056173,0.0006643090916833418,0.0006834543730924556,5.963111948670274e-17,1.3335686721571705e-17,6.110409930252899e-17,1.5276024825632247e-17,0.00017047778079883535,7.352160879573388e-05,9.190201099466735e-06,0.7072400667904564,0.04877955205069282,80160,80160,0,1024,0,0,0,0,0,2.220446049250313e-16,80160,78.28125,2.181634889661617,78.0,73,83,77.28125,0.0,0.0,4.47545209131181e-16,3.2841380786637913e-18,4.336808689942018e-19,2.3427241943978103e-16,1.895306577090636e-19,136.27478455877608,1.3113033408107926e-24,170.86756817023306,0.0,0.0,0.0,6.087001062749907e-18,1.0564518636257188e-18,5.471849683225018e-05,5.761740096571422,1.3877787807814457e-16,-4.440892098500626e-16,4.652682298944613e-16,3.2756942696495675e-18,1.3877787807814457e-16,-4.440892098500626e-16,4.652682298944613e-16,3.2756942696495675e-18,0.0,0.0,-0.8577165864175269,-0.8577165864175267,2.220446049250313e-16,1e-12,2.639974051160048e-14,14.804566207982134,180,0.07791378426546645,0.07741295848973095,0.07936558400979266,0.07757517267665308,0.07825239585427982,1.0087298958450215,0.008729895845021485,442171392,35.999298095703125,458211328,0.4267425537109375
sph-pio-poc.stage01d.dynamic-diagnostics.v1,stage01d2_dis_j05_s2,87583422ddf81d1252a618cf87a57795097d2c519df1ded90d531c66ab2dcceb,dc403e7df9d33b89080ef66a7703ca418bcc761c,10,200,0.05,0.00025,OK,1024,float64,cpu,True,0,0,0,0,0,0,0,,,,4.0,0.08773481847065613,3.130590780965393,0.14111504799575075,0.22650261485240913,0.9808568632154658,0.9804543338284276,0.0004025293870382196,0.00041055393724095604,0.9811802746753167,0.9612328432488789,0.019947431426437734,0.020751924537885373,1.0001594804143807,0.0034030806151412844,0.003406815474269399,0.003406815474269399,0.011292016585883413,0.011292016585883413,0.9902610193400475,1.0112920165858834,-3.895592263980996,4.516806634353365,4.516806634353365,1.0456101276688967,0.052280506383444836,0.0001606340898005574,0.0006643090916833377,0.0006834543730924506,5.5294310796760726e-17,9.215718466126788e-18,5.60570269755334e-17,1.401425674388335e-17,0.0001759623039828621,7.900613197976063e-05,9.875766497470078e-06,0.7696119579068543,0.04775781594319468,80450,80450,0,1024,0,0,0,0,0,2.220446049250313e-16,80450,78.564453125,2.264897696910002,79.0,73,84,77.564453125,0.0,0.0,5.661048867003676e-16,4.90544092031577e-18,3.2526065174565133e-19,2.571257177350933e-16,4.476229328153837e-19,115.40346645616651,1.100413718813039e-23,171.79251824558898,0.0,0.0,0.0,8.673617379884035e-18,1.4890255013679149e-18,5.4421810409980056e-05,5.825029438324522,-1.8041124150158794e-16,3.3306690738754696e-16,3.787898901196402e-16,3.1245944884881928e-18,-1.8041124150158794e-16,3.3306690738754696e-16,3.787898901196402e-16,3.1245944884881928e-18,0.0,0.0,-0.8765860694676465,-0.8765860694676465,0.0,1e-12,2.6667891993776698e-14,16.52358695800649,200,0.07833148021483793,0.07749339548172429,0.08370062499307096,0.07757773371879012,0.07908522671088576,1.0194320318451184,0.019432031845118436,461291520,35.89582443237305,477396992,0.444610595703125
sph-pio-poc.stage01d.dynamic-diagnostics.v1,stage01d2_dis_j05_s2,87583422ddf81d1252a618cf87a57795097d2c519df1ded90d531c66ab2dcceb,dc403e7df9d33b89080ef66a7703ca418bcc761c,11,220,0.055,0.00025,OK,1024,float64,cpu,True,0,0,0,0,0,0,0,,,,4.0,0.0661329192176516,2.363738935020541,0.10675526288137265,0.1854057972313532,0.9790246283623806,0.9785209033939152,0.0005037249684654022,0.0005147820212304874,0.9694242183210116,0.9574455288666543,0.011978689454357205,0.012511092373616906,1.0001741873436214,0.0045753565748984865,0.004578671097397661,0.004578671097397661,0.013230249069771549,0.013230249069771549,0.9868508193253673,1.0132302490697715,-5.259672269853066,5.29209962790862,5.29209962790862,1.0535606544461966,0.05267803272230983,0.0001606340898005569,0.0006643090916833285,0.0006834543730924416,5.480641981914225e-17,1.0842021724855044e-19,5.48065270596083e-17,1.3701631764902075e-17,0.00017675406292492644,7.979789092182497e-05,9.974736365228121e-06,0.5286060086774385,0.04677823140647497,80606,80606,0,1024,0,0,0,0,0,2.220446049250313e-16,80606,78.716796875,2.262765696231286,79.0,73,83,77.716796875,0.0,0.0,5.551115123125783e-17,3.4359416942506446e-19,4.336808689942018e-19,2.4568282075812774e-16,1.0059905747911516e-19,161.56022473880898,3.5310812926735716e-23,172.61359359527845,0.0,0.0,0.0,6.5052130349130266e-18,1.143391921042319e-18,5.106214732827772e-05,5.68939915981115,-1.1102230246251565e-16,4.996003610813204e-16,5.117875266520903e-16,3.0600219882247083e-18,-1.1102230246251565e-16,4.996003610813204e-16,5.117875266520903e-16,3.0600219882247083e-18,0.0,0.0,-0.8286255927781376,-0.8286255927781377,1.1102230246251565e-16,1e-12,2.598633262747026e-14,18.236900624993723,220,0.07860613523146391,0.07759079150855541,0.08527762501034886,0.07755867081683722,0.07965359964609062,1.0270108913315545,0.027010891331554543,478052352,35.71138381958008,494174208,0.460235595703125
sph-pio-poc.stage01d.dynamic-diagnostics.v1,stage01d2_dis_j05_s2,87583422ddf81d1252a618cf87a57795097d2c519df1ded90d531c66ab2dcceb,dc403e7df9d33b89080ef66a7703ca418bcc761c,12,240,0.06,0.00025,OK,1024,float64,cpu,True,0,0,0,0,0,0,0,,,,4.0,0.06250951303539612,2.2637547485792355,0.10243847993295249,0.1787872058869021,0.9771076212418437,0.9765912856339108,0.0005163356079328496,0.0005287120779474223,0.964829000923305,0.9536731367275997,0.011155864195705356,0.011697785924834996,1.0001775060345526,0.004642425871996171,0.004645818159300037,0.004645818159300037,0.015037453345631668,0.015037453345631668,0.9849625466543683,1.0131065984233845,-6.014981338252667,5.242639369353785,6.014981338252667,1.0292434340078607,0.051462171700393036,0.0001606340898005756,0.0006643090916833242,0.0006834543730924418,7.35089072945172e-17,-4.228388472693467e-18,7.363041980533542e-17,1.8407604951333855e-17,0.00016968513221560233,7.272896021250086e-05,9.091120026562607e-06,0.4950789789281968,0.04603948775261383,80670,80670,0,1024,0,0,0,0,0,2.220446049250313e-16,80670,78.779296875,2.185019889977942,79.0,73,84,77.779296875,0.0,0.0,5.026748538604307e-16,3.108423376495686e-18,4.336808689942018e-19,2.4469904129580776e-16,7.169390596609625e-20,161.71376706963468,2.922689194302606e-22,173.52977030360515,0.0,0.0,0.0,1.489900510803593e-17,2.640686683589091e-18,4.987877505357082e-05,5.642094990150796,1.1102230246251565e-16,-1.457167719820518e-16,1.8319205572553517e-16,1.0946258677218753e-18,1.1102230246251565e-16,-1.457167719820518e-16,1.8319205572553517e-16,1.0946258677218753e-18,0.0,0.0,-0.8153631455672652,-0.8153631455672652,0.0,1e-12,2.5797861916988512e-14,19.93716583296191,240,0.07881379514559134,0.07769802102120593,0.08542458299780264,0.07790647184059102,0.07972111845059165,1.0232926298307243,0.023292629830724332,495042560,35.68868637084961,511180800,0.47607421875
sph-pio-poc.stage01d.dynamic-diagnostics.v1,stage01d2_dis_j05_s2,87583422ddf81d1252a618cf87a57795097d2c519df1ded90d531c66ab2dcceb,dc403e7df9d33b89080ef66a7703ca418bcc761c,13,260,0.065,0.00025,OK,1024,float64,cpu,True,0,0,0,0,0,0,0,,,,4.0,0.08463120737780637,3.01590142189795,0.13674234968066412,0.23202036177441368,0.9750806194255921,0.97466547302992,0.00041514639567208356,0.0004259373160942365,0.9686500885266973,0.9499156080371922,0.0187344804895051,0.019722257778473713,1.000164442402811,0.003402551566584661,0.0034065229291918857,0.0034065229291918857,0.011845669215537535,0.011845669215537535,0.9881543307844625,1.009641752853686,-4.738267686215014,3.856701141474428,4.738267686215014,1.0661577105808908,0.053307885529044544,0.00016063408980055826,0.0006643090916833416,0.0006834543730924546,5.616167253474913e-17,1.3118846287074604e-17,5.767354323955037e-17,1.4418385809887592e-17,0.00015121923628620736,5.426306428310589e-05,6.782883035388236e-06,0.7286576775546664,0.045598512215367794,80748,80748,0,1024,0,0,0,0,0,2.220446049250313e-16,80748,78.85546875,2.1567619403746625,79.0,73,84,77.85546875,0.0,0.0,2.3714374201337736e-16,2.0876090266985072e-18,4.336808689942018e-19,2.4754955926404827e-16,6.909039003494484e-19,113.59585965596885,2.2858518075777295e-24,174.6126311099949,0.0,0.0,0.0,1.3985787785349405e-17,2.430817476683245e-18,5.404644136762763e-05,5.753532677588144,-1.3877787807814457e-16,0.0,1.3877787807814457e-16,1.1627866331341592e-18,-1.3877787807814457e-16,0.0,1.3877787807814457e-16,1.1627866331341592e-18,0.0,0.0,-0.8521503834610612,-0.8521503834610612,0.0,1e-12,2.632064001007082e-14,21.64762254199013,260,0.07902138734554263,0.07779893698170781,0.08630908303894103,0.07787230318286814,0.08017047150821711,1.0295120117348033,0.029512011734803334,511901696,35.57310104370117,528056320,0.491790771484375
sph-pio-poc.stage01d.dynamic-diagnostics.v1,stage01d2_dis_j05_s2,87583422ddf81d1252a618cf87a57795097d2c519df1ded90d531c66ab2dcceb,dc403e7df9d33b89080ef66a7703ca418bcc761c,14,280,0.07,0.00025,OK,1024,float64,cpu,True,0,0,0,0,0,0,0,,,,4.0,0.08122005139076163,2.923648502691024,0.13282332078319162,0.23169826843273172,0.9729879114269709,0.9727434580782738,0.00024445334869716007,0.00025130299943635254,0.9634765895070745,0.9461728842325632,0.017303705274511305,0.018288101004444095,1.0001687739045226,0.0035662525052669435,0.0035702439079383077,0.0035702439079383077,0.011954127491366151,0.011954127491366151,0.9887214077487828,1.0119541274913662,-4.511436900486876,4.78165099654646,4.78165099654646,1.0582241518444941,0.05291120759222471,0.0001606340898005574,0.0006643090916833632,0.0006834543730924754,5.5294310796760726e-17,3.480288973678469e-17,6.533530393684232e-17,1.633382598421058e-17,0.00011880624068773575,2.1850068684634277e-05,2.7312585855792846e-06,0.7047436405099584,0.045350107812070155,80782,80782,0,1024,0,0,0,0,0,2.220446049250313e-16,80782,78.888671875,2.150566224684709,79.0,73,84,77.888671875,0.0,0.0,3.1401849173675503e-16,2.656695161283147e-18,2.168404344971009e-19,2.5096274995726315e-16,6.463411794662685e-19,118.1989173289601,4.377255432744617e-23,175.76912001943774,0.0,0.0,0.0,1.0842021724855044e-17,1.8909034842113938e-18,5.469666201199959e-05,5.7337784902208995,1.0408340855860843e-17,0.0,1.0408340855860843e-17,8.398381707960837e-20,1.0408340855860843e-17,0.0,1.0408340855860843e-17,8.398381707960837e-20,0.0,0.0,-0.8432100352416536,-0.8432100352416535,1.1102230246251565e-16,1e-12,2.6193590020421505e-14,23.315072375000454,280,0.07904674598518925,0.07786270853830501,0.08596883300924674,0.07784923719092539,0.08024425477945313,1.0307648176777116,0.030764817677711553,528482304,35.720062255859375,544653312,0.5072479248046875
sph-pio-poc.stage01d.dynamic-diagnostics.v1,stage01d2_dis_j05_s2,87583422ddf81d1252a618cf87a57795097d2c519df1ded90d531c66ab2dcceb,dc403e7df9d33b89080ef66a7703ca418bcc761c,15,300,0.075,0.00025,OK,1024,float64,cpu,True,0,0,0,0,0,0,0,,,,4.0,0.05799161103212466,2.1028585763456156,0.0957262059447564,0.20640918791959675,0.9709371757420677,0.9708252332901006,0.0001119424519671064,0.00011530649197048209,0.9513695541037328,0.942444906981585,0.0089246471221478,0.009469675156642534,1.0001873723112429,0.004764840723391169,0.004768523409013249,0.004768523409013249,0.016716236238776938,0.016716236238776938,0.9832837637612231,1.014417653067561,-6.686494495510775,5.767061227024417,6.686494495510775,1.0318840882254265,0.05159420441127133,0.00016063408980055132,0.0006643090916833533,0.0006834543730924644,4.92227786308419e-17,2.482822974991805e-17,5.513005467669683e-17,1.3782513669174208e-17,7.963827520827233e-05,1.7317896794829136e-05,2.164737099353642e-06,0.4644495215362136,0.04510747146562652,80776,80776,0,1024,0,0,0,0,0,2.220446049250313e-16,80776,78.8828125,2.147525230091778,79.0,73,84,77.8828125,0.0,0.0,2.618455766672135e-16,1.57441984305575e-18,4.336808689942018e-19,2.3977298743800367e-16,2.0740578242928573e-19,166.31242157047788,2.697639172941779e-31,176.82202210651053,0.0,0.0,0.0,1.8297015907360072e-17,3.273201549706511e-18,5.2013435800672606e-05,5.589944777155766,-1.6653345369377348e-16,1.1102230246251565e-16,2.0014830212433605e-16,1.1643138275338303e-18,-1.6653345369377348e-16,1.1102230246251565e-16,2.0014830212433605e-16,1.1643138275338303e-18,0.0,0.0,-0.7967496705373569,-0.7967496705373568,1.1102230246251565e-16,1e-12,2.5533348527593445e-14,24.99355779198231,300,0.07910446500250448,0.07797783351270482,0.08563225000398234,0.07787407471099868,0.08033485529401029,1.0315994840663456,0.03159948406634561,544653312,35.518836975097656,544653312,0.5072479248046875
sph-pio-poc.stage01d.dynamic-diagnostics.v1,stage01d2_dis_j05_s2,87583422ddf81d1252a618cf87a57795097d2c519df1ded90d531c66ab2dcceb,dc403e7df9d33b89080ef66a7703ca418bcc761c,16,320,0.08,0.00025,OK,1024,float64,cpu,True,0,0,0,0,0,0,0,,,,4.0,0.06282682979505394,2.262589116364551,0.10320459578079028,0.18872088967616626,0.9689844908659384,0.9689107911912967,7.36996746416585e-05,7.606445847408011e-05,0.9488771985988362,0.9387316181819623,0.010145580416873967,0.010807754016555735,1.000187549050494,0.004568362767491518,0.004572210955516374,0.004572210955516374,0.01486582403920278,0.01486582403920278,0.9851341759607972,1.0141633523061782,-5.946329615681112,5.6653409224712625,5.946329615681112,1.0563201753430231,0.05281600876715116,0.00016063408980052834,0.0006643090916833242,0.0006834543730924307,2.6237692574149207e-17,-4.228388472693467e-18,2.6576225854917237e-17,6.644056463729309e-18,4.9627211516628435e-05,4.7328960486473035e-05,5.916120060809129e-06,0.5246432088430896,0.04421123512939531,80812,80812,0,1024,0,0,0,0,0,2.220446049250313e-16,80812,78.91796875,2.19550535602363,79.0,73,84,77.91796875,0.0,0.0,7.28550816809042e-16,4.5469302269742976e-18,6.505213034913027e-19,2.41552798686591e-16,3.8162636532974896e-19,160.2291613112893,1.2569687879698797e-23,177.64133745577914,0.0,0.0,0.0,2.6020852139652106e-17,4.646965662511437e-18,5.203377251535829e-05,5.599536133776643,-3.885780586188048e-16,-2.220446049250313e-16,4.47545209131181e-16,2.6988405265586753e-18,-3.885780586188048e-16,-2.220446049250313e-16,4.47545209131181e-16,2.6988405265586753e-18,0.0,0.0,-0.803023905712047,-0.803023905712047,0.0,1e-12,2.5622510772109975e-14,26.661277749983128,320,0.07912599583378324,0.07803041697479784,0.08542458299780264,0.07789934218526469,0.08035264948230178,1.0314932992784778,0.03149329927847777,544718848,35.863399505615234,544718848,0.5073089599609375
sph-pio-poc.stage01d.dynamic-diagnostics.v1,stage01d2_dis_j05_s2,87583422ddf81d1252a618cf87a57795097d2c519df1ded90d531c66ab2dcceb,dc403e7df9d33b89080ef66a7703ca418bcc761c,17,340,0.085,0.00025,OK,1024,float64,cpu,True,0,0,0,0,0,0,0,,,,4.0,0.08198077131610587,2.930505869161854,0.13393720205458812,0.23217927913642494,0.9671247870696101,0.9670001243224973,0.00012466274711286918,0.00012891699181549824,0.9520167773853836,0.9350329599603258,0.016983817425057834,0.018163870315093998,1.000177643140613,0.003439379643392966,0.0034439642008581898,0.0034439642008581898,0.011957860338761783,0.011957860338761783,0.9884832272064698,1.0119578603387618,-4.6067091174121,4.783144135504713,4.783144135504713,1.0411489515829417,0.052057447579147084,0.00016063408980052812,0.0006643090916833259,0.0006834543730924324,2.6020852139652106e-17,-2.4936649967166602e-18,2.614006716115105e-17,6.535016790287762e-18,4.095206475659453e-05,5.600410724650694e-05,7.000513405813367e-06,0.7178321051425718,0.04364962491122127,80738,80738,0,1024,0,0,0,0,0,2.220446049250313e-16,80738,78.845703125,2.1392439565236527,79.0,73,84,77.845703125,0.0,0.0,6.822736016865924e-16,5.712755629122373e-18,3.2526065174565133e-19,2.372667365670538e-16,3.947469859329784e-19,119.42985941994638,8.748475363050638e-24,178.23236795928338,0.0,0.0,0.0,3.069039122309917e-17,5.3861628314284536e-18,5.346882434921864e-05,5.698006574182948,5.967448757360216e-16,5.551115123125783e-17,5.993212282476064e-16,4.789670338305977e-18,5.967448757360216e-16,5.551115123125783e-17,5.993212282476064e-16,4.789670338305977e-18,0.0,0.0,-0.8364992277682921,-0.8364992277682922,1.1102230246251565e-16,1e-12,2.6098223710395873e-14,28.33908808301203,340,0.07917353848101544,0.07820883300155401,0.08527762501034886,0.07788779755150352,0.08045927941052736,1.0330152082850133,0.03301520828501325,548913152,35.68391799926758,548913152,0.5112152099609375
sph-pio-poc.stage01d.dynamic-diagnostics.v1,stage01d2_dis_j05_s2,87583422ddf81d1252a618cf87a57795097d2c519df1ded90d531c66ab2dcceb,dc403e7df9d33b89080ef66a7703ca418bcc761c,18,360,0.09,0.00025,OK,1024,float64,cpu,True,0,0,0,0,0,0,0,,,,4.0,0.07544400682561875,2.7079185996643393,0.12400737324652127,0.22039240581969888,0.9653645730879399,0.9650932252390468,0.0002713478488930443,0.00028116231862039374,0.9461812953541704,0.9313488746713311,0.014832420682839298,0.015925740703851277,1.0001874396252037,0.003729312290065676,0.003734019787029982,0.003734019787029982,0.011750464163924557,0.011750464163924557,0.9882495358360754,1.0112386014027634,-4.700185665569823,4.495440561105379,4.700185665569823,1.0790209622523794,0.05395104811261897,0.0001606340898005201,0.0006643090916833138,0.0006834543730924186,1.7997756063259374e-17,-1.463672932855431e-17,2.3198126406025798e-17,5.7995316015064496e-18,5.294970593478399e-05,4.400646606831748e-05,5.500808258539685e-06,0.6430418909042686,0.04303292483813698,80654,80654,0,1024,0,0,0,0,0,2.220446049250313e-16,80654,78.763671875,2.034119664410082,79.0,73,84,77.763671875,0.0,0.0,5.79553433516819e-16,4.448604043945487e-18,2.168404344971009e-19,2.4810939677904766e-16,3.203533976828825e-19,130.2775944524859,4.120152138210877e-28,179.28478011138338,0.0,0.0,0.0,2.0248763655265817e-17,3.596917007378356e-18,5.233303270003411e-05,5.62947758142029,2.220446049250313e-16,5.551115123125783e-17,2.2887833992611187e-16,1.6840796913718448e-18,2.220446049250313e-16,5.551115123125783e-17,2.2887833992611187e-16,1.6840796913718448e-18,0.0,0.0,-0.8141553855231437,-0.8141553855231437,0.0,1e-12,2.5780698614470674e-14,30.013432417006698,360,0.07920293114051068,0.07848218700382859,0.08509900001809001,0.07791378426546645,0.0804920780155549,1.0330916252418665,0.033091625241866485,548978688,35.80732345581055,548995072,0.51129150390625
sph-pio-poc.stage01d.dynamic-diagnostics.v1,stage01d2_dis_j05_s2,87583422ddf81d1252a618cf87a57795097d2c519df1ded90d531c66ab2dcceb,dc403e7df9d33b89080ef66a7703ca418bcc761c,19,380,0.095,0.00025,OK,1024,float64,cpu,True,0,0,0,0,0,0,0,,,,4.0,0.05652821529771318,2.062649135867085,0.09464115175571991,0.1637143627449065,0.963697152288086,0.9631900865109706,0.0005070657771153453,0.000526444140379522,0.9370145328734745,0.9276793048967596,0.009335227976714822,0.010062990440164803,1.000204419833946,0.004519208776800421,0.004523829731192412,0.004523829731192412,0.01468153438283204,0.01468153438283204,0.985318465617168,1.0130250500029687,-5.872613753132816,5.2100200011874875,5.872613753132816,1.0657919240693465,0.05328959620346733,0.00016063408980052617,0.0006643090916833121,0.0006834543730924184,2.4069288229178198e-17,-1.6371452804531117e-17,2.9109364520549845e-17,7.277341130137461e-18,7.280848771007713e-05,2.4147684293024342e-05,3.0184605366280427e-06,0.44707320258259053,0.042195998239500376,80636,80636,0,1024,0,0,0,0,0,2.220446049250313e-16,80636,78.74609375,1.9838015518854077,79.0,74,83,77.74609375,9.583083854271089e-21,2.444279164465773e-19,1.2560739669470201e-15,7.887792683059352e-18,4.336808689942018e-19,2.38239700904059e-16,1.5354263004759608e-19,159.2427713832662,6.101378058187205e-26,180.0195866724795,1.5418086514178208e-19,1.4973568522298576e-22,2.613046109479016e-19,9.813077866773595e-18,1.782172899304191e-18,4.926799724437794e-05,5.506243457413638,-6.106226635438361e-16,-5.551115123125783e-16,8.252325904466732e-16,5.009028984147265e-18,-6.106226635438361e-16,-5.551115123125783e-16,8.252325904466732e-16,5.009028984147265e-18,0.0,0.0,-0.7750141676199067,-0.7750141676199068,1.1102230246251565e-16,1e-12,2.5224468453471714e-14,31.70883670798503,380,0.07928053334364545,0.07863591649220325,0.08509900001809001,0.07826283772040991,0.08029822896688098,1.026007122994216,0.026007122994216036,548995072,35.73312759399414,548995072,0.51129150390625
sph-pio-poc.stage01d.dynamic-diagnostics.v1,stage01d2_dis_j05_s2,87583422ddf81d1252a618cf87a57795097d2c519df1ded90d531c66ab2dcceb,dc403e7df9d33b89080ef66a7703ca418bcc761c,20,400,0.1,0.00025,OK,1024,float64,cpu,True,0,0,0,0,0,0,0,,,,4.0,0.06588942124753505,2.363712441699117,0.10866472900933127,0.17475929616786465,0.9620486998233141,0.9612907007229459,0.0007579991003682229,0.0007885222438937192,0.9365190577059024,0.9240241934446244,0.012494864261277994,0.013522226311736496,1.0002028621850874,0.004023781681050246,0.004028892165706842,0.004028892165706842,0.011782937310272024,0.011782937310272024,0.9889669739908115,1.011782937310272,-4.413210403675416,4.7131749241088094,4.7131749241088094,1.0584604805034457,0.05292302402517228,0.0001606340898005201,0.0006643090916832923,0.0006834543730923978,1.7997756063259374e-17,-3.61039323437673e-17,4.034120912907688e-17,1.008530228226922e-17,8.260351509559996e-05,1.4352656907501513e-05,1.7940821134376892e-06,0.5621589538495723,0.0415936531457311,80500,80500,0,1024,0,0,0,0,0,2.220446049250313e-16,80500,78.61328125,1.9396715906991564,79.0,74,83,77.61328125,0.0,0.0,4.041272810440265e-16,2.832175598425466e-18,2.168404344971009e-19,2.3502666525332247e-16,2.3093089212742866e-19,142.69146350554644,4.308855288317098e-24,180.57963773818156,0.0,0.0,0.0,2.3095287758093018e-17,4.15153692444562e-18,5.4938893480153383e-05,5.563069335141966,-2.220446049250313e-16,-3.3306690738754696e-16,4.002966042486721e-16,2.700063172293177e-18,-2.220446049250313e-16,-3.3306690738754696e-16,4.002966042486721e-16,2.700063172293177e-18,0.0,0.0,-0.7922577572957696,-0.7922577572957696,0.0,1e-12,2.5469514601123956e-14,33.38008066697512,400,0.07929725594905904,0.07868922950001433,0.08494995802175254,0.07833148021483793,0.08026303168328014,1.0246586871988705,0.024658687198870544,548995072,35.55459976196289,548995072,0.51129150390625
