step,retired_old_survivor_count,retired_old_survivor_bytes,same_slot_multigeneration_count,maximum_retired_generations_in_one_slot,retired_slot_count,gc_count_generation_0,gc_count_generation_1,gc_count_generation_2,gc_collections_generation_0,gc_collections_generation_1,gc_collections_generation_2,gc_collected_generation_0,gc_collected_generation_1,gc_collected_generation_2,manual_gc_collected_objects,manual_gc_wall_seconds,current_rss_bytes,live_current_tensor_bytes,edge_count,step_wall_seconds
1,-1,-1,-1,-1,-1,87,3,6,311,28,2,6139,466,10,0,0.0,235225088,4112416,82944,0.02241487498395145
2,-1,-1,-1,-1,-1,186,3,6,311,28,2,6139,466,10,0,0.0,237240320,4112416,82944,0.023303624999243766
3,-1,-1,-1,-1,-1,251,3,6,311,28,2,6139,466,10,0,0.0,239271936,4112416,82944,0.02218537498265505
4,-1,-1,-1,-1,-1,316,3,6,311,28,2,6139,466,10,0,0.0,243318784,4112416,82944,0.022979750006925315
5,-1,-1,-1,-1,-1,381,3,6,311,28,2,6139,466,10,0,0.0,245334016,4112416,82944,0.022498292033560574
6,-1,-1,-1,-1,-1,445,3,6,311,28,2,6139,466,10,0,0.0,251379712,4112416,82944,0.021697667019907385
7,-1,-1,-1,-1,-1,509,3,6,311,28,2,6139,466,10,0,0.0,254164992,4112416,82944,0.022503208019770682
8,-1,-1,-1,-1,-1,573,3,6,311,28,2,6139,466,10,0,0.0,256294912,4112416,82944,0.022878083982504904
9,-1,-1,-1,-1,-1,637,3,6,311,28,2,6139,466,10,0,0.0,257654784,4112416,82944,0.022032750013750046
10,-1,-1,-1,-1,-1,0,4,6,312,28,2,6378,466,10,0,0.0,261783552,4112416,82944,0.022595541027840227
11,-1,-1,-1,-1,-1,48,4,6,312,28,2,6378,466,10,0,0.0,261799936,4112416,82944,0.023318624997045845
12,-1,-1,-1,-1,-1,110,4,6,312,28,2,6378,466,10,0,0.0,262225920,4112416,82944,0.02372891700360924
13,-1,-1,-1,-1,-1,172,4,6,312,28,2,6378,466,10,0,0.0,262225920,4112416,82944,0.023172874993178993
14,-1,-1,-1,-1,-1,234,4,6,312,28,2,6378,466,10,0,0.0,262275072,4112416,82944,0.023089708003681153
15,-1,-1,-1,-1,-1,296,4,6,312,28,2,6378,466,10,0,0.0,262340608,4112416,82944,0.023742875026073307
16,-1,-1,-1,-1,-1,358,4,6,312,28,2,6378,466,10,0,0.0,262340608,4112416,82944,0.02251375000923872
17,-1,-1,-1,-1,-1,420,4,6,312,28,2,6378,466,10,0,0.0,262340608,4112416,82944,0.022210249968338758
18,-1,-1,-1,-1,-1,482,4,6,312,28,2,6378,466,10,0,0.0,262356992,4112416,82944,0.023115709016565233
19,-1,-1,-1,-1,-1,544,4,6,312,28,2,6378,466,10,0,0.0,262373376,4112416,82944,0.02227808302268386
20,-1,-1,-1,-1,-1,608,4,6,312,28,2,6378,466,10,0,0.0,262389760,4112416,82944,0.022901457967236638
21,-1,-1,-1,-1,-1,0,5,6,313,28,2,6642,466,10,0,0.0,266076160,4112416,82944,0.02219004201469943
22,-1,-1,-1,-1,-1,48,5,6,313,28,2,6642,466,10,0,0.0,266108928,4112416,82944,0.022761665983125567
23,-1,-1,-1,-1,-1,110,5,6,313,28,2,6642,466,10,0,0.0,266108928,4112416,82944,0.023816458007786423
24,-1,-1,-1,-1,-1,172,5,6,313,28,2,6642,466,10,0,0.0,266108928,4112416,82944,0.02319641603389755
25,-1,-1,-1,-1,-1,234,5,6,313,28,2,6642,466,10,0,0.0,266108928,4112416,82944,0.023995792027562857
26,-1,-1,-1,-1,-1,296,5,6,313,28,2,6642,466,10,0,0.0,266108928,4112416,82944,0.022536167001817375
27,-1,-1,-1,-1,-1,358,5,6,313,28,2,6642,466,10,0,0.0,266108928,4112416,82944,0.022013249981682748
28,-1,-1,-1,-1,-1,420,5,6,313,28,2,6642,466,10,0,0.0,266108928,4112416,82944,0.022295542003121227
29,-1,-1,-1,-1,-1,482,5,6,313,28,2,6642,466,10,0,0.0,266125312,4112416,82944,0.02226400002837181
30,-1,-1,-1,-1,-1,544,5,6,313,28,2,6642,466,10,0,0.0,266125312,4112416,82944,0.02225395798450336
31,-1,-1,-1,-1,-1,606,5,6,313,28,2,6642,466,10,0,0.0,266878976,4112416,82944,0.022812167007941753
32,-1,-1,-1,-1,-1,0,6,6,314,28,2,6906,466,10,0,0.0,266977280,4112416,82944,0.022150666976813227
33,-1,-1,-1,-1,-1,48,6,6,314,28,2,6906,466,10,0,0.0,266993664,4112416,82944,0.022543042025063187
34,-1,-1,-1,-1,-1,110,6,6,314,28,2,6906,466,10,0,0.0,266993664,4112416,82944,0.0245952500263229
35,-1,-1,-1,-1,-1,172,6,6,314,28,2,6906,466,10,0,0.0,266993664,4112416,82944,0.022876542003359646
36,-1,-1,-1,-1,-1,234,6,6,314,28,2,6906,466,10,0,0.0,266993664,4112416,82944,0.023595582984853536
37,-1,-1,-1,-1,-1,296,6,6,314,28,2,6906,466,10,0,0.0,266993664,4112416,82944,0.022622917022090405
38,-1,-1,-1,-1,-1,358,6,6,314,28,2,6906,466,10,0,0.0,266993664,4112416,82944,0.022650792030617595
39,-1,-1,-1,-1,-1,420,6,6,314,28,2,6906,466,10,0,0.0,267026432,4112416,82944,0.0231173750362359
40,-1,-1,-1,-1,-1,482,6,6,314,28,2,6906,466,10,0,0.0,267026432,4112416,82944,0.022569665976334363
41,-1,-1,-1,-1,-1,544,6,6,314,28,2,6906,466,10,0,0.0,267026432,4112416,82944,0.02311583299888298
42,-1,-1,-1,-1,-1,606,6,6,314,28,2,6906,466,10,0,0.0,267386880,4112416,82944,0.02231224998831749
43,-1,-1,-1,-1,-1,0,7,6,315,28,2,7170,466,10,0,0.0,270729216,4112416,82944,0.022802833002060652
44,-1,-1,-1,-1,-1,48,7,6,315,28,2,7170,466,10,0,0.0,270729216,4112416,82944,0.024111041973810643
45,-1,-1,-1,-1,-1,110,7,6,315,28,2,7170,466,10,0,0.0,270729216,4112416,82944,0.02272829198045656
46,-1,-1,-1,-1,-1,172,7,6,315,28,2,7170,466,10,0,0.0,270729216,4112416,82944,0.024123541952576488
47,-1,-1,-1,-1,-1,234,7,6,315,28,2,7170,466,10,0,0.0,270729216,4112416,82944,0.022967666969634593
48,-1,-1,-1,-1,-1,296,7,6,315,28,2,7170,466,10,0,0.0,270729216,4112416,82944,0.02315224998164922
49,-1,-1,-1,-1,-1,358,7,6,315,28,2,7170,466,10,0,0.0,270729216,4112416,82944,0.02371379197575152
50,-1,-1,-1,-1,-1,420,7,6,315,28,2,7170,466,10,0,0.0,270729216,4112416,82944,0.02278312499402091
51,-1,-1,-1,-1,-1,482,7,6,315,28,2,7170,466,10,0,0.0,270729216,4112416,82944,0.022768499969970435
52,-1,-1,-1,-1,-1,544,7,6,315,28,2,7170,466,10,0,0.0,270761984,4112416,82944,0.022367791971191764
53,-1,-1,-1,-1,-1,606,7,6,315,28,2,7170,466,10,0,0.0,270843904,4112416,82944,0.022682250011712313
54,-1,-1,-1,-1,-1,0,8,6,316,28,2,7434,466,10,0,0.0,270860288,4112416,82944,0.023031999997328967
55,-1,-1,-1,-1,-1,48,8,6,316,28,2,7434,466,10,0,0.0,270860288,4112416,82944,0.02395266602979973
56,-1,-1,-1,-1,-1,110,8,6,316,28,2,7434,466,10,0,0.0,270860288,4112416,82944,0.023822458984795958
57,-1,-1,-1,-1,-1,172,8,6,316,28,2,7434,466,10,0,0.0,270860288,4112416,82944,0.023296000028494745
58,-1,-1,-1,-1,-1,234,8,6,316,28,2,7434,466,10,0,0.0,270860288,4112416,82944,0.02363537496421486
59,-1,-1,-1,-1,-1,296,8,6,316,28,2,7434,466,10,0,0.0,270876672,4112416,82944,0.027554415981285274
60,-1,-1,-1,-1,-1,358,8,6,316,28,2,7434,466,10,0,0.0,272924672,4112416,82944,0.028346290986519307
61,-1,-1,-1,-1,-1,420,8,6,316,28,2,7434,466,10,0,0.0,272924672,4112416,82944,0.025432499998714775
62,-1,-1,-1,-1,-1,482,8,6,316,28,2,7434,466,10,0,0.0,274268160,4112416,82944,0.023995707975700498
63,-1,-1,-1,-1,-1,544,8,6,316,28,2,7434,466,10,0,0.0,275267584,4112416,82944,0.02361712499987334
64,-1,-1,-1,-1,-1,606,8,6,316,28,2,7434,466,10,0,0.0,278708224,4112416,82944,0.024221875006332994
65,-1,-1,-1,-1,-1,0,9,6,317,28,2,7698,466,10,0,0.0,280035328,4112416,82944,0.02274237497476861
66,-1,-1,-1,-1,-1,48,9,6,317,28,2,7698,466,10,0,0.0,280051712,4112416,82944,0.022796624980401248
67,-1,-1,-1,-1,-1,110,9,6,317,28,2,7698,466,10,0,0.0,280084480,4112416,82944,0.02226087497547269
68,-1,-1,-1,-1,-1,172,9,6,317,28,2,7698,466,10,0,0.0,280084480,4112416,82944,0.024409874982666224
69,-1,-1,-1,-1,-1,234,9,6,317,28,2,7698,466,10,0,0.0,280084480,4112416,82944,0.024733665981329978
70,-1,-1,-1,-1,-1,296,9,6,317,28,2,7698,466,10,0,0.0,280084480,4112416,82944,0.021890833973884583
71,-1,-1,-1,-1,-1,358,9,6,317,28,2,7698,466,10,0,0.0,280084480,4112416,82944,0.022159292013384402
72,-1,-1,-1,-1,-1,420,9,6,317,28,2,7698,466,10,0,0.0,280084480,4112416,82944,0.022014582995325327
73,-1,-1,-1,-1,-1,482,9,6,317,28,2,7698,466,10,0,0.0,280100864,4112416,82944,0.022030332998838276
74,-1,-1,-1,-1,-1,544,9,6,317,28,2,7698,466,10,0,0.0,280100864,4112416,82944,0.02178620803169906
75,-1,-1,-1,-1,-1,606,9,6,317,28,2,7698,466,10,0,0.0,280117248,4112416,82944,0.021694333001505584
76,-1,-1,-1,-1,-1,0,10,6,318,28,2,7962,466,10,0,0.0,282787840,4112416,82944,0.021666167012881488
77,-1,-1,-1,-1,-1,48,10,6,318,28,2,7962,466,10,0,0.0,282787840,4112416,82944,0.022177332954015583
78,-1,-1,-1,-1,-1,110,10,6,318,28,2,7962,466,10,0,0.0,282804224,4112416,82944,0.02334295801119879
79,-1,-1,-1,-1,-1,172,10,6,318,28,2,7962,466,10,0,0.0,282804224,4112416,82944,0.022808332985732704
80,-1,-1,-1,-1,-1,234,10,6,318,28,2,7962,466,10,0,0.0,282804224,4112416,82944,0.0226468340260908
81,-1,-1,-1,-1,-1,296,10,6,318,28,2,7962,466,10,0,0.0,282804224,4112416,82944,0.021988958003930748
82,-1,-1,-1,-1,-1,358,10,6,318,28,2,7962,466,10,0,0.0,283623424,4112416,82944,0.03326166601618752
83,-1,-1,-1,-1,-1,420,10,6,318,28,2,7962,466,10,0,0.0,287522816,4112416,82944,0.04161445901263505
84,-1,-1,-1,-1,-1,482,10,6,318,28,2,7962,466,10,0,0.0,287539200,4112416,82944,0.034339957986958325
85,-1,-1,-1,-1,-1,544,10,6,318,28,2,7962,466,10,0,0.0,287539200,4112416,82944,0.02923945797374472
86,-1,-1,-1,-1,-1,606,10,6,318,28,2,7962,466,10,0,0.0,288882688,4112416,82944,0.025867375021334738
87,-1,-1,-1,-1,-1,0,11,6,319,28,2,8226,466,10,0,0.0,288882688,4112416,82944,0.026561749982647598
88,-1,-1,-1,-1,-1,48,11,6,319,28,2,8226,466,10,0,0.0,288882688,4112416,82944,0.025604624999687076
89,-1,-1,-1,-1,-1,110,11,6,319,28,2,8226,466,10,0,0.0,288882688,4112416,82944,0.0256154999951832
90,-1,-1,-1,-1,-1,172,11,6,319,28,2,8226,466,10,0,0.0,288882688,4112416,82944,0.024309916014317423
91,-1,-1,-1,-1,-1,234,11,6,319,28,2,8226,466,10,0,0.0,288882688,4112416,82944,0.024462582950945944
92,-1,-1,-1,-1,-1,296,11,6,319,28,2,8226,466,10,0,0.0,288882688,4112416,82944,0.023515917011536658
93,-1,-1,-1,-1,-1,358,11,6,319,28,2,8226,466,10,0,0.0,288882688,4112416,82944,0.024249334004707634
94,-1,-1,-1,-1,-1,420,11,6,319,28,2,8226,466,10,0,0.0,288882688,4112416,82944,0.023174416972324252
95,-1,-1,-1,-1,-1,482,11,6,319,28,2,8226,466,10,0,0.0,288882688,4112416,82944,0.023254416999407113
96,-1,-1,-1,-1,-1,544,11,6,319,28,2,8226,466,10,0,0.0,288899072,4112416,82944,0.023385000007692724
97,-1,-1,-1,-1,-1,606,11,6,319,28,2,8226,466,10,0,0.0,288915456,4112416,82944,0.02316350000910461
98,-1,-1,-1,-1,-1,0,0,7,319,29,2,8226,730,10,0,0.0,288915456,4112416,82944,0.02257266698870808
99,-1,-1,-1,-1,-1,48,0,7,319,29,2,8226,730,10,0,0.0,288915456,4112416,82944,0.023199208022560924
100,-1,-1,-1,-1,-1,110,0,7,319,29,2,8226,730,10,0,0.0,288915456,4112416,82944,0.022722374997101724
101,-1,-1,-1,-1,-1,172,0,7,319,29,2,8226,730,10,0,0.0,288915456,4112416,82944,0.022370750026311725
102,-1,-1,-1,-1,-1,234,0,7,319,29,2,8226,730,10,0,0.0,288915456,4112416,82944,0.02264512499095872
103,-1,-1,-1,-1,-1,296,0,7,319,29,2,8226,730,10,0,0.0,288915456,4112416,82944,0.02808283397462219
104,-1,-1,-1,-1,-1,358,0,7,319,29,2,8226,730,10,0,0.0,289603584,4112416,82944,0.026291165966540575
105,-1,-1,-1,-1,-1,420,0,7,319,29,2,8226,730,10,0,0.0,289603584,4112416,82944,0.026330916967708617
106,-1,-1,-1,-1,-1,482,0,7,319,29,2,8226,730,10,0,0.0,289603584,4112416,82944,0.021566334005910903
107,-1,-1,-1,-1,-1,544,0,7,319,29,2,8226,730,10,0,0.0,289603584,4112416,82944,0.023214582994114608
108,-1,-1,-1,-1,-1,606,0,7,319,29,2,8226,730,10,0,0.0,289619968,4112416,82944,0.022176624974235892
109,-1,-1,-1,-1,-1,0,1,7,320,29,2,8490,730,10,0,0.0,289619968,4112416,82944,0.021953624964226037
110,-1,-1,-1,-1,-1,48,1,7,320,29,2,8490,730,10,0,0.0,289619968,4112416,82944,0.02366399997845292
111,-1,-1,-1,-1,-1,110,1,7,320,29,2,8490,730,10,0,0.0,289619968,4112416,82944,0.02294029196491465
112,-1,-1,-1,-1,-1,172,1,7,320,29,2,8490,730,10,0,0.0,289619968,4112416,82944,0.022318875009659678
113,-1,-1,-1,-1,-1,234,1,7,320,29,2,8490,730,10,0,0.0,289619968,4112416,82944,0.02274645899888128
114,-1,-1,-1,-1,-1,296,1,7,320,29,2,8490,730,10,0,0.0,289619968,4112416,82944,0.022332374996040016
115,-1,-1,-1,-1,-1,358,1,7,320,29,2,8490,730,10,0,0.0,289619968,4112416,82944,0.022578666976187378
116,-1,-1,-1,-1,-1,420,1,7,320,29,2,8490,730,10,0,0.0,289619968,4112416,82944,0.022278917022049427
117,-1,-1,-1,-1,-1,482,1,7,320,29,2,8490,730,10,0,0.0,289619968,4112416,82944,0.021830999990925193
118,-1,-1,-1,-1,-1,544,1,7,320,29,2,8490,730,10,0,0.0,289619968,4112416,82944,0.021902792039327323
119,-1,-1,-1,-1,-1,606,1,7,320,29,2,8490,730,10,0,0.0,289636352,4112416,82944,0.021865458053071052
120,-1,-1,-1,-1,-1,0,2,7,321,29,2,8754,730,10,0,0.0,289652736,4112416,82944,0.021526916010770947
121,-1,-1,-1,-1,-1,48,2,7,321,29,2,8754,730,10,0,0.0,289652736,4112416,82944,0.022469749965239316
122,-1,-1,-1,-1,-1,110,2,7,321,29,2,8754,730,10,0,0.0,289652736,4112416,82944,0.022679666988551617
123,-1,-1,-1,-1,-1,172,2,7,321,29,2,8754,730,10,0,0.0,289734656,4112416,82944,0.048041416972409934
124,-1,-1,-1,-1,-1,234,2,7,321,29,2,8754,730,10,0,0.0,290390016,4112416,82944,0.04369783401489258
125,-1,-1,-1,-1,-1,296,2,7,321,29,2,8754,730,10,0,0.0,290390016,4112416,82944,0.026673459040466696
126,-1,-1,-1,-1,-1,358,2,7,321,29,2,8754,730,10,0,0.0,290390016,4112416,82944,0.026338333962485194
127,-1,-1,-1,-1,-1,420,2,7,321,29,2,8754,730,10,0,0.0,290406400,4112416,82944,0.02563820796785876
128,-1,-1,-1,-1,-1,482,2,7,321,29,2,8754,730,10,0,0.0,290406400,4112416,82944,0.025441958045121282
129,-1,-1,-1,-1,-1,544,2,7,321,29,2,8754,730,10,0,0.0,290406400,4112416,82944,0.022995707986410707
130,-1,-1,-1,-1,-1,606,2,7,321,29,2,8754,730,10,0,0.0,290422784,4112416,82944,0.022659750015009195
131,-1,-1,-1,-1,-1,0,3,7,322,29,2,9018,730,10,0,0.0,290439168,4112416,82944,0.024437374959234148
132,-1,-1,-1,-1,-1,48,3,7,322,29,2,9018,730,10,0,0.0,290439168,4112416,82944,0.02330987498862669
133,-1,-1,-1,-1,-1,104,3,7,322,29,2,9018,730,10,0,0.0,290439168,4112416,82944,0.0224806250189431
134,-1,-1,-1,-1,-1,151,3,7,322,29,2,9018,730,10,0,0.0,290439168,4112416,82944,0.023334208002779633
135,-1,-1,-1,-1,-1,198,3,7,322,29,2,9018,730,10,0,0.0,290439168,4112416,82944,0.02273970900569111
136,-1,-1,-1,-1,-1,245,3,7,322,29,2,9018,730,10,0,0.0,290439168,4112416,82944,0.02234783401945606
137,-1,-1,-1,-1,-1,292,3,7,322,29,2,9018,730,10,0,0.0,290439168,4112416,82944,0.022221666993573308
138,-1,-1,-1,-1,-1,339,3,7,322,29,2,9018,730,10,0,0.0,290439168,4112416,82944,0.022793542011640966
139,-1,-1,-1,-1,-1,386,3,7,322,29,2,9018,730,10,0,0.0,290439168,4112416,82944,0.023424374987371266
140,-1,-1,-1,-1,-1,433,3,7,322,29,2,9018,730,10,0,0.0,290439168,4112416,82944,0.022038667055312544
141,-1,-1,-1,-1,-1,480,3,7,322,29,2,9018,730,10,0,0.0,290439168,4112416,82944,0.025062833970878273
142,-1,-1,-1,-1,-1,528,3,7,322,29,2,9018,730,10,0,0.0,290471936,4112416,82944,0.022336124966386706
143,-1,-1,-1,-1,-1,577,3,7,322,29,2,9018,730,10,0,0.0,293208064,4112416,82944,0.02203074999852106
144,-1,-1,-1,-1,-1,626,3,7,322,29,2,9018,730,10,0,0.0,293289984,4112416,82944,0.02189787500537932
145,-1,-1,-1,-1,-1,0,4,7,323,29,2,9357,730,10,0,0.0,294027264,4112416,82944,0.02117558295140043
146,-1,-1,-1,-1,-1,33,4,7,323,29,2,9357,730,10,0,0.0,294027264,4112416,82944,0.02310687501449138
147,-1,-1,-1,-1,-1,80,4,7,323,29,2,9357,730,10,0,0.0,294027264,4112416,82944,0.023563124996144325
148,-1,-1,-1,-1,-1,127,4,7,323,29,2,9357,730,10,0,0.0,294027264,4112416,82944,0.022651791980024427
149,-1,-1,-1,-1,-1,174,4,7,323,29,2,9357,730,10,0,0.0,294027264,4112416,82944,0.022988124983385205
150,-1,-1,-1,-1,-1,221,4,7,323,29,2,9357,730,10,0,0.0,294027264,4112416,82944,0.02287462499225512
151,-1,-1,-1,-1,-1,268,4,7,323,29,2,9357,730,10,0,0.0,294027264,4112416,82944,0.022410790959838778
152,-1,-1,-1,-1,-1,315,4,7,323,29,2,9357,730,10,0,0.0,294027264,4112416,82944,0.022396625019609928
153,-1,-1,-1,-1,-1,362,4,7,323,29,2,9357,730,10,0,0.0,294027264,4112416,82944,0.021886250004172325
154,-1,-1,-1,-1,-1,409,4,7,323,29,2,9357,730,10,0,0.0,294027264,4112416,82944,0.022187958005815744
155,-1,-1,-1,-1,-1,456,4,7,323,29,2,9357,730,10,0,0.0,294027264,4112416,82944,0.022093875042628497
156,-1,-1,-1,-1,-1,503,4,7,323,29,2,9357,730,10,0,0.0,294027264,4112416,82944,0.02174941700650379
157,-1,-1,-1,-1,-1,550,4,7,323,29,2,9357,730,10,0,0.0,294092800,4112416,82944,0.022275916999205947
158,-1,-1,-1,-1,-1,597,4,7,323,29,2,9357,730,10,0,0.0,294240256,4112416,82944,0.021377958997618407
159,-1,-1,-1,-1,-1,646,4,7,323,29,2,9357,730,10,0,0.0,294289408,4112416,82944,0.021163166034966707
160,-1,-1,-1,-1,-1,15,5,7,324,29,2,9714,730,10,0,0.0,294371328,4112416,82944,0.021241667040158063
161,-1,-1,-1,-1,-1,58,5,7,324,29,2,9714,730,10,0,0.0,294387712,4112416,82944,0.02224670903524384
162,-1,-1,-1,-1,-1,105,5,7,324,29,2,9714,730,10,0,0.0,294387712,4112416,82944,0.02210404200013727
163,-1,-1,-1,-1,-1,152,5,7,324,29,2,9714,730,10,0,0.0,294387712,4112416,82944,0.02141458395635709
164,-1,-1,-1,-1,-1,199,5,7,324,29,2,9714,730,10,0,0.0,294387712,4112416,82944,0.035740958992391825
165,-1,-1,-1,-1,-1,246,5,7,324,29,2,9714,730,10,0,0.0,294387712,4112416,82944,0.0372636669781059
166,-1,-1,-1,-1,-1,293,5,7,324,29,2,9714,730,10,0,0.0,294387712,4112416,82944,0.023743500001728535
167,-1,-1,-1,-1,-1,340,5,7,324,29,2,9714,730,10,0,0.0,294404096,4112416,82944,0.022108417004346848
168,-1,-1,-1,-1,-1,387,5,7,324,29,2,9714,730,10,0,0.0,294420480,4112416,82944,0.022073207946959883
169,-1,-1,-1,-1,-1,434,5,7,324,29,2,9714,730,10,0,0.0,294420480,4112416,82944,0.022033541987184435
170,-1,-1,-1,-1,-1,481,5,7,324,29,2,9714,730,10,0,0.0,294436864,4112416,82944,0.02192945801652968
171,-1,-1,-1,-1,-1,528,5,7,324,29,2,9714,730,10,0,0.0,294453248,4112416,82944,0.021890582982450724
172,-1,-1,-1,-1,-1,575,5,7,324,29,2,9714,730,10,0,0.0,294453248,4112416,82944,0.022264082974288613
173,-1,-1,-1,-1,-1,622,5,7,324,29,2,9714,730,10,0,0.0,294453248,4112416,82944,0.02143091702600941
174,-1,-1,-1,-1,-1,0,6,7,325,29,2,10060,730,10,0,0.0,294453248,4112416,82944,0.02688708296045661
175,-1,-1,-1,-1,-1,33,6,7,325,29,2,10060,730,10,0,0.0,294453248,4112416,82944,0.025789458013605326
176,-1,-1,-1,-1,-1,80,6,7,325,29,2,10060,730,10,0,0.0,294453248,4112416,82944,0.023027957999147475
177,-1,-1,-1,-1,-1,127,6,7,325,29,2,10060,730,10,0,0.0,294453248,4112416,82944,0.02309691597474739
178,-1,-1,-1,-1,-1,174,6,7,325,29,2,10060,730,10,0,0.0,294453248,4112416,82944,0.024306457955390215
179,-1,-1,-1,-1,-1,221,6,7,325,29,2,10060,730,10,0,0.0,294469632,4112416,82944,0.02275674999691546
180,-1,-1,-1,-1,-1,268,6,7,325,29,2,10060,730,10,0,0.0,294469632,4112416,82944,0.0221649159793742
181,-1,-1,-1,-1,-1,315,6,7,325,29,2,10060,730,10,0,0.0,294469632,4112416,82944,0.021554292005021125
182,-1,-1,-1,-1,-1,362,6,7,325,29,2,10060,730,10,0,0.0,294469632,4112416,82944,0.021730666980147362
183,-1,-1,-1,-1,-1,409,6,7,325,29,2,10060,730,10,0,0.0,294469632,4112416,82944,0.022124457987956703
184,-1,-1,-1,-1,-1,456,6,7,325,29,2,10060,730,10,0,0.0,294486016,4112416,82944,0.0217109170043841
185,-1,-1,-1,-1,-1,503,6,7,325,29,2,10060,730,10,0,0.0,294486016,4112416,82944,0.021650124981533736
186,-1,-1,-1,-1,-1,550,6,7,325,29,2,10060,730,10,0,0.0,294502400,4112416,82944,0.021938541962299496
187,-1,-1,-1,-1,-1,597,6,7,325,29,2,10060,730,10,0,0.0,295190528,4112416,82944,0.022023374971468
188,-1,-1,-1,-1,-1,644,6,7,325,29,2,10060,730,10,0,0.0,297222144,4112416,82944,0.02172650001011789
189,-1,-1,-1,-1,-1,0,7,7,326,29,2,10424,730,10,0,0.0,299925504,4112416,82944,0.021319416991900653
190,-1,-1,-1,-1,-1,33,7,7,326,29,2,10424,730,10,0,0.0,299941888,4112416,82944,0.022445250011514872
191,-1,-1,-1,-1,-1,80,7,7,326,29,2,10424,730,10,0,0.0,299941888,4112416,82944,0.02308062498923391
192,-1,-1,-1,-1,-1,127,7,7,326,29,2,10424,730,10,0,0.0,299941888,4112416,82944,0.02241929102456197
193,-1,-1,-1,-1,-1,174,7,7,326,29,2,10424,730,10,0,0.0,299941888,4112416,82944,0.026037833013106138
194,-1,-1,-1,-1,-1,221,7,7,326,29,2,10424,730,10,0,0.0,299941888,4112416,82944,0.02351804100908339
195,-1,-1,-1,-1,-1,268,7,7,326,29,2,10424,730,10,0,0.0,299941888,4112416,82944,0.022469917021226138
196,-1,-1,-1,-1,-1,315,7,7,326,29,2,10424,730,10,0,0.0,299941888,4112416,82944,0.022221583989448845
197,-1,-1,-1,-1,-1,362,7,7,326,29,2,10424,730,10,0,0.0,299941888,4112416,82944,0.0219914999906905
198,-1,-1,-1,-1,-1,409,7,7,326,29,2,10424,730,10,0,0.0,300630016,4112416,82944,0.04403812496457249
199,-1,-1,-1,-1,-1,456,7,7,326,29,2,10424,730,10,0,0.0,300646400,4112416,82944,0.03304012498119846
200,-1,-1,-1,-1,-1,503,7,7,326,29,2,10424,730,10,0,0.0,300646400,4112416,82944,0.028583041043020785
201,-1,-1,-1,-1,-1,550,7,7,326,29,2,10424,730,10,0,0.0,300646400,4112416,82944,0.023713667003903538
202,-1,-1,-1,-1,-1,597,7,7,326,29,2,10424,730,10,0,0.0,302628864,4112416,82944,0.022222083003725857
203,-1,-1,-1,-1,-1,644,7,7,326,29,2,10424,730,10,0,0.0,302645248,4112416,82944,0.02155983296688646
204,-1,-1,-1,-1,-1,0,8,7,327,29,2,10788,730,10,0,0.0,302645248,4112416,82944,0.02139608300058171
205,-1,-1,-1,-1,-1,33,8,7,327,29,2,10788,730,10,0,0.0,302645248,4112416,82944,0.02272429200820625
206,-1,-1,-1,-1,-1,80,8,7,327,29,2,10788,730,10,0,0.0,302645248,4112416,82944,0.02277404099004343
207,-1,-1,-1,-1,-1,127,8,7,327,29,2,10788,730,10,0,0.0,302645248,4112416,82944,0.02202837500954047
208,-1,-1,-1,-1,-1,174,8,7,327,29,2,10788,730,10,0,0.0,302645248,4112416,82944,0.023257915978319943
209,-1,-1,-1,-1,-1,221,8,7,327,29,2,10788,730,10,0,0.0,302645248,4112416,82944,0.022501291998196393
210,-1,-1,-1,-1,-1,268,8,7,327,29,2,10788,730,10,0,0.0,302661632,4112416,82944,0.02201412501744926
211,-1,-1,-1,-1,-1,315,8,7,327,29,2,10788,730,10,0,0.0,302661632,4112416,82944,0.02294312504818663
212,-1,-1,-1,-1,-1,362,8,7,327,29,2,10788,730,10,0,0.0,302661632,4112416,82944,0.021776125009637326
213,-1,-1,-1,-1,-1,409,8,7,327,29,2,10788,730,10,0,0.0,302678016,4112416,82944,0.02192379196640104
214,-1,-1,-1,-1,-1,456,8,7,327,29,2,10788,730,10,0,0.0,302678016,4112416,82944,0.02173091599252075
215,-1,-1,-1,-1,-1,503,8,7,327,29,2,10788,730,10,0,0.0,302694400,4112416,82944,0.021711000008508563
216,-1,-1,-1,-1,-1,550,8,7,327,29,2,10788,730,10,0,0.0,302694400,4112416,82944,0.02195058297365904
217,-1,-1,-1,-1,-1,597,8,7,327,29,2,10788,730,10,0,0.0,302694400,4112416,82944,0.021506958990357816
218,-1,-1,-1,-1,-1,644,8,7,327,29,2,10788,730,10,0,0.0,302727168,4112416,82944,0.021470416977535933
219,-1,-1,-1,-1,-1,0,9,7,328,29,2,11152,730,10,0,0.0,302841856,4112416,82944,0.021833375038113445
220,-1,-1,-1,-1,-1,33,9,7,328,29,2,11152,730,10,0,0.0,302841856,4112416,82944,0.022805083019193262
221,-1,-1,-1,-1,-1,80,9,7,328,29,2,11152,730,10,0,0.0,302841856,4112416,82944,0.021910291980020702
222,-1,-1,-1,-1,-1,127,9,7,328,29,2,11152,730,10,0,0.0,302858240,4112416,82944,0.02177862502867356
223,-1,-1,-1,-1,-1,174,9,7,328,29,2,11152,730,10,0,0.0,302858240,4112416,82944,0.022243749990593642
224,-1,-1,-1,-1,-1,221,9,7,328,29,2,11152,730,10,0,0.0,302858240,4112416,82944,0.021684042003471404
225,-1,-1,-1,-1,-1,268,9,7,328,29,2,11152,730,10,0,0.0,302858240,4112416,82944,0.021990250039380044
226,-1,-1,-1,-1,-1,315,9,7,328,29,2,11152,730,10,0,0.0,302858240,4112416,82944,0.021728958003222942
227,-1,-1,-1,-1,-1,362,9,7,328,29,2,11152,730,10,0,0.0,302858240,4112416,82944,0.02150795899797231
228,-1,-1,-1,-1,-1,409,9,7,328,29,2,11152,730,10,0,0.0,302858240,4112416,82944,0.021908041962888092
229,-1,-1,-1,-1,-1,456,9,7,328,29,2,11152,730,10,0,0.0,302858240,4112416,82944,0.021602332999464124
230,-1,-1,-1,-1,-1,503,9,7,328,29,2,11152,730,10,0,0.0,302858240,4112416,82944,0.021641457977239043
231,-1,-1,-1,-1,-1,550,9,7,328,29,2,11152,730,10,0,0.0,302858240,4112416,82944,0.021458457980770618
232,-1,-1,-1,-1,-1,597,9,7,328,29,2,11152,730,10,0,0.0,302874624,4112416,82944,0.02181712497258559
233,-1,-1,-1,-1,-1,644,9,7,328,29,2,11152,730,10,0,0.0,302874624,4112416,82944,0.02197954204166308
234,-1,-1,-1,-1,-1,0,10,7,329,29,2,11516,730,10,0,0.0,302891008,4112416,82944,0.022358625021297485
235,-1,-1,-1,-1,-1,33,10,7,329,29,2,11516,730,10,0,0.0,302891008,4112416,82944,0.022805375047028065
236,-1,-1,-1,-1,-1,80,10,7,329,29,2,11516,730,10,0,0.0,302891008,4112416,82944,0.022650750004686415
237,-1,-1,-1,-1,-1,127,10,7,329,29,2,11516,730,10,0,0.0,302907392,4112416,82944,0.025870917015708983
238,-1,-1,-1,-1,-1,174,10,7,329,29,2,11516,730,10,0,0.0,302907392,4112416,82944,0.021768250036984682
239,-1,-1,-1,-1,-1,221,10,7,329,29,2,11516,730,10,0,0.0,302907392,4112416,82944,0.022060709015931934
240,-1,-1,-1,-1,-1,268,10,7,329,29,2,11516,730,10,0,0.0,302923776,4112416,82944,0.02203804103191942
241,-1,-1,-1,-1,-1,315,10,7,329,29,2,11516,730,10,0,0.0,302940160,4112416,82944,0.022566833009477705
242,-1,-1,-1,-1,-1,362,10,7,329,29,2,11516,730,10,0,0.0,302940160,4112416,82944,0.022140624991152436
243,-1,-1,-1,-1,-1,409,10,7,329,29,2,11516,730,10,0,0.0,302940160,4112416,82944,0.021155959053430706
244,-1,-1,-1,-1,-1,456,10,7,329,29,2,11516,730,10,0,0.0,302940160,4112416,82944,0.021402542013674974
245,-1,-1,-1,-1,-1,503,10,7,329,29,2,11516,730,10,0,0.0,302940160,4112416,82944,0.02157470799284056
246,-1,-1,-1,-1,-1,550,10,7,329,29,2,11516,730,10,0,0.0,302940160,4112416,82944,0.02178104198537767
247,-1,-1,-1,-1,-1,597,10,7,329,29,2,11516,730,10,0,0.0,302940160,4112416,82944,0.028115625027567148
248,-1,-1,-1,-1,-1,644,10,7,329,29,2,11516,730,10,0,0.0,302989312,4112416,82944,0.021844000031705946
249,-1,-1,-1,-1,-1,0,11,7,330,29,2,11880,730,10,0,0.0,304332800,4112416,82944,0.021559458982665092
250,-1,-1,-1,-1,-1,33,11,7,330,29,2,11880,730,10,0,0.0,304349184,4112416,82944,0.023059791012201458
251,-1,-1,-1,-1,-1,80,11,7,330,29,2,11880,730,10,0,0.0,304349184,4112416,82944,0.02286695799557492
252,-1,-1,-1,-1,-1,127,11,7,330,29,2,11880,730,10,0,0.0,304349184,4112416,82944,0.022183625027537346
253,-1,-1,-1,-1,-1,174,11,7,330,29,2,11880,730,10,0,0.0,304349184,4112416,82944,0.022465292015112936
254,-1,-1,-1,-1,-1,221,11,7,330,29,2,11880,730,10,0,0.0,304349184,4112416,82944,0.022633999993558973
255,-1,-1,-1,-1,-1,268,11,7,330,29,2,11880,730,10,0,0.0,304349184,4112416,82944,0.024755417020060122
256,-1,-1,-1,-1,-1,315,11,7,330,29,2,11880,730,10,0,0.0,304349184,4112416,82944,0.023028958006761968
257,-1,-1,-1,-1,-1,362,11,7,330,29,2,11880,730,10,0,0.0,304349184,4112416,82944,0.022259166988078505
258,-1,-1,-1,-1,-1,409,11,7,330,29,2,11880,730,10,0,0.0,304365568,4112416,82944,0.023114958952646703
259,-1,-1,-1,-1,-1,456,11,7,330,29,2,11880,730,10,0,0.0,304365568,4112416,82944,0.024026416009292006
260,-1,-1,-1,-1,-1,503,11,7,330,29,2,11880,730,10,0,0.0,304398336,4112416,82944,0.026058999996166676
261,-1,-1,-1,-1,-1,550,11,7,330,29,2,11880,730,10,0,0.0,304398336,4112416,82944,0.026484500034712255
262,-1,-1,-1,-1,-1,597,11,7,330,29,2,11880,730,10,0,0.0,304398336,4112416,82944,0.02223804098321125
263,-1,-1,-1,-1,-1,644,11,7,330,29,2,11880,730,10,0,0.0,305741824,4112416,82944,0.0245061669847928
264,-1,-1,-1,-1,-1,0,0,8,330,30,2,11880,1094,10,0,0.0,307085312,4112416,82944,0.02433920803014189
265,-1,-1,-1,-1,-1,33,0,8,330,30,2,11880,1094,10,0,0.0,307101696,4112416,82944,0.02295524999499321
266,-1,-1,-1,-1,-1,80,0,8,330,30,2,11880,1094,10,0,0.0,307101696,4112416,82944,0.02251541701843962
267,-1,-1,-1,-1,-1,127,0,8,330,30,2,11880,1094,10,0,0.0,307101696,4112416,82944,0.02233754104236141
268,-1,-1,-1,-1,-1,174,0,8,330,30,2,11880,1094,10,0,0.0,307101696,4112416,82944,0.02307741600088775
269,-1,-1,-1,-1,-1,221,0,8,330,30,2,11880,1094,10,0,0.0,307101696,4112416,82944,0.02263791603036225
270,-1,-1,-1,-1,-1,268,0,8,330,30,2,11880,1094,10,0,0.0,307101696,4112416,82944,0.021986958978231996
271,-1,-1,-1,-1,-1,315,0,8,330,30,2,11880,1094,10,0,0.0,307101696,4112416,82944,0.02154120896011591
272,-1,-1,-1,-1,-1,362,0,8,330,30,2,11880,1094,10,0,0.0,307101696,4112416,82944,0.021959999983664602
273,-1,-1,-1,-1,-1,402,0,8,330,30,2,11880,1094,10,0,0.0,307101696,4112416,82944,0.02168583299499005
274,-1,-1,-1,-1,-1,442,0,8,330,30,2,11880,1094,10,0,0.0,307101696,4112416,82944,0.022065417026169598
275,-1,-1,-1,-1,-1,482,0,8,330,30,2,11880,1094,10,0,0.0,307101696,4112416,82944,0.021109624998643994
276,-1,-1,-1,-1,-1,522,0,8,330,30,2,11880,1094,10,0,0.0,307101696,4112416,82944,0.021341832994949073
277,-1,-1,-1,-1,-1,562,0,8,330,30,2,11880,1094,10,0,0.0,307101696,4112416,82944,0.022102957998868078
278,-1,-1,-1,-1,-1,602,0,8,330,30,2,11880,1094,10,0,0.0,307101696,4112416,82944,0.021478665992617607
279,-1,-1,-1,-1,-1,644,0,8,330,30,2,11880,1094,10,0,0.0,307134464,4112416,82944,0.021664083993528038
280,-1,-1,-1,-1,-1,0,1,8,331,30,2,12269,1094,10,0,0.0,307134464,4112416,82944,0.02128737501334399
281,-1,-1,-1,-1,-1,26,1,8,331,30,2,12269,1094,10,0,0.0,307134464,4112416,82944,0.022913041000720114
282,-1,-1,-1,-1,-1,66,1,8,331,30,2,12269,1094,10,0,0.0,307134464,4112416,82944,0.023101542028598487
283,-1,-1,-1,-1,-1,106,1,8,331,30,2,12269,1094,10,0,0.0,307134464,4112416,82944,0.022977083979640156
284,-1,-1,-1,-1,-1,146,1,8,331,30,2,12269,1094,10,0,0.0,307134464,4112416,82944,0.022282374964561313
285,-1,-1,-1,-1,-1,186,1,8,331,30,2,12269,1094,10,0,0.0,307134464,4112416,82944,0.021925541979726404
286,-1,-1,-1,-1,-1,226,1,8,331,30,2,12269,1094,10,0,0.0,307134464,4112416,82944,0.02239150000968948
287,-1,-1,-1,-1,-1,266,1,8,331,30,2,12269,1094,10,0,0.0,307150848,4112416,82944,0.02221145899966359
288,-1,-1,-1,-1,-1,306,1,8,331,30,2,12269,1094,10,0,0.0,307150848,4112416,82944,0.0213605830213055
289,-1,-1,-1,-1,-1,346,1,8,331,30,2,12269,1094,10,0,0.0,307150848,4112416,82944,0.021502540970686823
290,-1,-1,-1,-1,-1,386,1,8,331,30,2,12269,1094,10,0,0.0,307150848,4112416,82944,0.02131283300695941
291,-1,-1,-1,-1,-1,426,1,8,331,30,2,12269,1094,10,0,0.0,307150848,4112416,82944,0.02123616699827835
292,-1,-1,-1,-1,-1,466,1,8,331,30,2,12269,1094,10,0,0.0,307150848,4112416,82944,0.024219750019256026
293,-1,-1,-1,-1,-1,506,1,8,331,30,2,12269,1094,10,0,0.0,307167232,4112416,82944,0.022102041984908283
294,-1,-1,-1,-1,-1,546,1,8,331,30,2,12269,1094,10,0,0.0,307183616,4112416,82944,0.02154858404537663
295,-1,-1,-1,-1,-1,586,1,8,331,30,2,12269,1094,10,0,0.0,307183616,4112416,82944,0.02166929200757295
296,-1,-1,-1,-1,-1,628,1,8,331,30,2,12269,1094,10,0,0.0,307183616,4112416,82944,0.02208945801248774
297,-1,-1,-1,-1,-1,0,2,8,332,30,2,12683,1094,10,0,0.0,307183616,4112416,82944,0.021386499982327223
298,-1,-1,-1,-1,-1,26,2,8,332,30,2,12683,1094,10,0,0.0,307183616,4112416,82944,0.022887667000759393
299,-1,-1,-1,-1,-1,66,2,8,332,30,2,12683,1094,10,0,0.0,307183616,4112416,82944,0.022094582964200526
300,-1,-1,-1,-1,-1,106,2,8,332,30,2,12683,1094,10,0,0.0,307183616,4112416,82944,0.02157187496777624
301,-1,-1,-1,-1,-1,146,2,8,332,30,2,12683,1094,10,0,0.0,307183616,4112416,82944,0.022131750010885298
302,-1,-1,-1,-1,-1,186,2,8,332,30,2,12683,1094,10,0,0.0,307183616,4112416,82944,0.02240891696419567
303,-1,-1,-1,-1,-1,226,2,8,332,30,2,12683,1094,10,0,0.0,307183616,4112416,82944,0.02152291702805087
304,-1,-1,-1,-1,-1,266,2,8,332,30,2,12683,1094,10,0,0.0,307183616,4112416,82944,0.022042916039936244
305,-1,-1,-1,-1,-1,306,2,8,332,30,2,12683,1094,10,0,0.0,307183616,4112416,82944,0.02231599995866418
306,-1,-1,-1,-1,-1,346,2,8,332,30,2,12683,1094,10,0,0.0,307183616,4112416,82944,0.021420916018541902
307,-1,-1,-1,-1,-1,386,2,8,332,30,2,12683,1094,10,0,0.0,307183616,4112416,82944,0.021642541978508234
308,-1,-1,-1,-1,-1,426,2,8,332,30,2,12683,1094,10,0,0.0,307183616,4112416,82944,0.021479499991983175
309,-1,-1,-1,-1,-1,466,2,8,332,30,2,12683,1094,10,0,0.0,307183616,4112416,82944,0.021796833956614137
310,-1,-1,-1,-1,-1,506,2,8,332,30,2,12683,1094,10,0,0.0,307183616,4112416,82944,0.02169441699516028
311,-1,-1,-1,-1,-1,546,2,8,332,30,2,12683,1094,10,0,0.0,307200000,4112416,82944,0.02123520796885714
312,-1,-1,-1,-1,-1,586,2,8,332,30,2,12683,1094,10,0,0.0,307200000,4112416,82944,0.021504584001377225
313,-1,-1,-1,-1,-1,626,2,8,332,30,2,12683,1094,10,0,0.0,307216384,4112416,82944,0.02160008403006941
314,-1,-1,-1,-1,-1,0,3,8,333,30,2,13097,1094,10,0,0.0,308609024,4112416,82944,0.021738915995229036
315,-1,-1,-1,-1,-1,26,3,8,333,30,2,13097,1094,10,0,0.0,308609024,4112416,82944,0.022683541988953948
316,-1,-1,-1,-1,-1,66,3,8,333,30,2,13097,1094,10,0,0.0,308609024,4112416,82944,0.02257262502098456
317,-1,-1,-1,-1,-1,106,3,8,333,30,2,13097,1094,10,0,0.0,308609024,4112416,82944,0.022380540962330997
318,-1,-1,-1,-1,-1,146,3,8,333,30,2,13097,1094,10,0,0.0,308609024,4112416,82944,0.02460704097757116
319,-1,-1,-1,-1,-1,186,3,8,333,30,2,13097,1094,10,0,0.0,308609024,4112416,82944,0.024342458054888994
320,-1,-1,-1,-1,-1,226,3,8,333,30,2,13097,1094,10,0,0.0,308625408,4112416,82944,0.02244808297837153
321,-1,-1,-1,-1,-1,266,3,8,333,30,2,13097,1094,10,0,0.0,308625408,4112416,82944,0.024093666987027973
322,-1,-1,-1,-1,-1,306,3,8,333,30,2,13097,1094,10,0,0.0,308625408,4112416,82944,0.024037708004470915
323,-1,-1,-1,-1,-1,346,3,8,333,30,2,13097,1094,10,0,0.0,308625408,4112416,82944,0.023379874997772276
324,-1,-1,-1,-1,-1,386,3,8,333,30,2,13097,1094,10,0,0.0,308625408,4112416,82944,0.02628799999365583
325,-1,-1,-1,-1,-1,426,3,8,333,30,2,13097,1094,10,0,0.0,308625408,4112416,82944,0.024902541015762836
326,-1,-1,-1,-1,-1,466,3,8,333,30,2,13097,1094,10,0,0.0,308625408,4112416,82944,0.02273954200791195
327,-1,-1,-1,-1,-1,506,3,8,333,30,2,13097,1094,10,0,0.0,308641792,4112416,82944,0.023953832976985723
328,-1,-1,-1,-1,-1,546,3,8,333,30,2,13097,1094,10,0,0.0,308641792,4112416,82944,0.02382691699313
329,-1,-1,-1,-1,-1,586,3,8,333,30,2,13097,1094,10,0,0.0,308641792,4112416,82944,0.023449875006917864
330,-1,-1,-1,-1,-1,626,3,8,333,30,2,13097,1094,10,0,0.0,308690944,4112416,82944,0.023129583045374602
331,-1,-1,-1,-1,-1,0,4,8,334,30,2,13511,1094,10,0,0.0,308690944,4112416,82944,0.021536665968596935
332,-1,-1,-1,-1,-1,26,4,8,334,30,2,13511,1094,10,0,0.0,308690944,4112416,82944,0.024487707996740937
333,-1,-1,-1,-1,-1,66,4,8,334,30,2,13511,1094,10,0,0.0,308690944,4112416,82944,0.022660208051092923
334,-1,-1,-1,-1,-1,106,4,8,334,30,2,13511,1094,10,0,0.0,308690944,4112416,82944,0.02656708302674815
335,-1,-1,-1,-1,-1,146,4,8,334,30,2,13511,1094,10,0,0.0,308690944,4112416,82944,0.024531542032491416
336,-1,-1,-1,-1,-1,186,4,8,334,30,2,13511,1094,10,0,0.0,308690944,4112416,82944,0.024727582989726216
337,-1,-1,-1,-1,-1,226,4,8,334,30,2,13511,1094,10,0,0.0,308690944,4112416,82944,0.02286845800699666
338,-1,-1,-1,-1,-1,266,4,8,334,30,2,13511,1094,10,0,0.0,308690944,4112416,82944,0.02484287496190518
339,-1,-1,-1,-1,-1,306,4,8,334,30,2,13511,1094,10,0,0.0,308690944,4112416,82944,0.023444332997314632
340,-1,-1,-1,-1,-1,346,4,8,334,30,2,13511,1094,10,0,0.0,308690944,4112416,82944,0.02175808302126825
341,-1,-1,-1,-1,-1,386,4,8,334,30,2,13511,1094,10,0,0.0,308707328,4112416,82944,0.021742708049714565
342,-1,-1,-1,-1,-1,426,4,8,334,30,2,13511,1094,10,0,0.0,308707328,4112416,82944,0.021494916989468038
343,-1,-1,-1,-1,-1,466,4,8,334,30,2,13511,1094,10,0,0.0,308707328,4112416,82944,0.021367667010053992
344,-1,-1,-1,-1,-1,506,4,8,334,30,2,13511,1094,10,0,0.0,308707328,4112416,82944,0.02202020800905302
345,-1,-1,-1,-1,-1,546,4,8,334,30,2,13511,1094,10,0,0.0,308707328,4112416,82944,0.02184962504543364
346,-1,-1,-1,-1,-1,586,4,8,334,30,2,13511,1094,10,0,0.0,309035008,4112416,82944,0.02150787500431761
347,-1,-1,-1,-1,-1,626,4,8,334,30,2,13511,1094,10,0,0.0,309035008,4112416,82944,0.021406499959994107
348,-1,-1,-1,-1,-1,0,5,8,335,30,2,13925,1094,10,0,0.0,309084160,4112416,82944,0.021465750003699213
349,-1,-1,-1,-1,-1,26,5,8,335,30,2,13925,1094,10,0,0.0,309084160,4112416,82944,0.023078542028088123
350,-1,-1,-1,-1,-1,66,5,8,335,30,2,13925,1094,10,0,0.0,309084160,4112416,82944,0.022899833042174578
351,-1,-1,-1,-1,-1,106,5,8,335,30,2,13925,1094,10,0,0.0,309084160,4112416,82944,0.022682957991492003
352,-1,-1,-1,-1,-1,146,5,8,335,30,2,13925,1094,10,0,0.0,309084160,4112416,82944,0.02274995803600177
353,-1,-1,-1,-1,-1,186,5,8,335,30,2,13925,1094,10,0,0.0,309084160,4112416,82944,0.022258999990299344
354,-1,-1,-1,-1,-1,226,5,8,335,30,2,13925,1094,10,0,0.0,309084160,4112416,82944,0.022016582952346653
355,-1,-1,-1,-1,-1,266,5,8,335,30,2,13925,1094,10,0,0.0,309084160,4112416,82944,0.024293125024996698
356,-1,-1,-1,-1,-1,306,5,8,335,30,2,13925,1094,10,0,0.0,309084160,4112416,82944,0.022026167018339038
357,-1,-1,-1,-1,-1,346,5,8,335,30,2,13925,1094,10,0,0.0,309084160,4112416,82944,0.022822750033810735
358,-1,-1,-1,-1,-1,386,5,8,335,30,2,13925,1094,10,0,0.0,309084160,4112416,82944,0.021640082995872945
359,-1,-1,-1,-1,-1,426,5,8,335,30,2,13925,1094,10,0,0.0,309100544,4112416,82944,0.022185874986462295
360,-1,-1,-1,-1,-1,466,5,8,335,30,2,13925,1094,10,0,0.0,309100544,4112416,82944,0.021854208025615662
361,-1,-1,-1,-1,-1,506,5,8,335,30,2,13925,1094,10,0,0.0,309116928,4112416,82944,0.0219370829872787
362,-1,-1,-1,-1,-1,546,5,8,335,30,2,13925,1094,10,0,0.0,312492032,4112416,82944,0.029946708003990352
363,-1,-1,-1,-1,-1,586,5,8,335,30,2,13925,1094,10,0,0.0,312492032,4112416,82944,0.02642162499250844
364,-1,-1,-1,-1,-1,626,5,8,335,30,2,13925,1094,10,0,0.0,312508416,4112416,82944,0.022812584007624537
365,-1,-1,-1,-1,-1,0,6,8,336,30,2,14339,1094,10,0,0.0,312508416,4112416,82944,0.022652417013887316
366,-1,-1,-1,-1,-1,26,6,8,336,30,2,14339,1094,10,0,0.0,312508416,4112416,82944,0.030292792012915015
367,-1,-1,-1,-1,-1,66,6,8,336,30,2,14339,1094,10,0,0.0,312508416,4112416,82944,0.026049084030091763
368,-1,-1,-1,-1,-1,106,6,8,336,30,2,14339,1094,10,0,0.0,312508416,4112416,82944,0.023060583043843508
369,-1,-1,-1,-1,-1,146,6,8,336,30,2,14339,1094,10,0,0.0,312508416,4112416,82944,0.02244433300802484
370,-1,-1,-1,-1,-1,186,6,8,336,30,2,14339,1094,10,0,0.0,312508416,4112416,82944,0.02253712498350069
371,-1,-1,-1,-1,-1,226,6,8,336,30,2,14339,1094,10,0,0.0,312508416,4112416,82944,0.02201329101808369
372,-1,-1,-1,-1,-1,266,6,8,336,30,2,14339,1094,10,0,0.0,312508416,4112416,82944,0.02129637496545911
373,-1,-1,-1,-1,-1,306,6,8,336,30,2,14339,1094,10,0,0.0,312508416,4112416,82944,0.021891499985940754
374,-1,-1,-1,-1,-1,346,6,8,336,30,2,14339,1094,10,0,0.0,312508416,4112416,82944,0.021529499965254217
375,-1,-1,-1,-1,-1,386,6,8,336,30,2,14339,1094,10,0,0.0,312508416,4112416,82944,0.02133199997479096
376,-1,-1,-1,-1,-1,426,6,8,336,30,2,14339,1094,10,0,0.0,312508416,4112416,82944,0.02132512495154515
377,-1,-1,-1,-1,-1,466,6,8,336,30,2,14339,1094,10,0,0.0,312508416,4112416,82944,0.02101712499279529
378,-1,-1,-1,-1,-1,506,6,8,336,30,2,14339,1094,10,0,0.0,312524800,4112416,82944,0.021280999993905425
379,-1,-1,-1,-1,-1,546,6,8,336,30,2,14339,1094,10,0,0.0,312524800,4112416,82944,0.020897666981909424
380,-1,-1,-1,-1,-1,586,6,8,336,30,2,14339,1094,10,0,0.0,312524800,4112416,82944,0.020944375020917505
381,-1,-1,-1,-1,-1,626,6,8,336,30,2,14339,1094,10,0,0.0,312524800,4112416,82944,0.020788417023140937
382,-1,-1,-1,-1,-1,0,7,8,337,30,2,14753,1094,10,0,0.0,312524800,4112416,82944,0.02076045802095905
383,-1,-1,-1,-1,-1,26,7,8,337,30,2,14753,1094,10,0,0.0,312524800,4112416,82944,0.02192704100161791
384,-1,-1,-1,-1,-1,66,7,8,337,30,2,14753,1094,10,0,0.0,312524800,4112416,82944,0.02232358301989734
385,-1,-1,-1,-1,-1,106,7,8,337,30,2,14753,1094,10,0,0.0,312524800,4112416,82944,0.022860375000163913
386,-1,-1,-1,-1,-1,146,7,8,337,30,2,14753,1094,10,0,0.0,312524800,4112416,82944,0.02276062499731779
387,-1,-1,-1,-1,-1,186,7,8,337,30,2,14753,1094,10,0,0.0,312524800,4112416,82944,0.022182916989549994
388,-1,-1,-1,-1,-1,226,7,8,337,30,2,14753,1094,10,0,0.0,312557568,4112416,82944,0.022092041035648435
389,-1,-1,-1,-1,-1,266,7,8,337,30,2,14753,1094,10,0,0.0,312557568,4112416,82944,0.022053833992686123
390,-1,-1,-1,-1,-1,306,7,8,337,30,2,14753,1094,10,0,0.0,312557568,4112416,82944,0.021931540977675468
391,-1,-1,-1,-1,-1,346,7,8,337,30,2,14753,1094,10,0,0.0,312557568,4112416,82944,0.02207429095869884
392,-1,-1,-1,-1,-1,386,7,8,337,30,2,14753,1094,10,0,0.0,312557568,4112416,82944,0.021791916980873793
393,-1,-1,-1,-1,-1,426,7,8,337,30,2,14753,1094,10,0,0.0,312557568,4112416,82944,0.02176124998368323
394,-1,-1,-1,-1,-1,466,7,8,337,30,2,14753,1094,10,0,0.0,312557568,4112416,82944,0.021478499984368682
395,-1,-1,-1,-1,-1,506,7,8,337,30,2,14753,1094,10,0,0.0,312557568,4112416,82944,0.021299041982274503
396,-1,-1,-1,-1,-1,546,7,8,337,30,2,14753,1094,10,0,0.0,312606720,4112416,82944,0.021111874957568944
397,-1,-1,-1,-1,-1,586,7,8,337,30,2,14753,1094,10,0,0.0,312623104,4112416,82944,0.02151612500892952
398,-1,-1,-1,-1,-1,626,7,8,337,30,2,14753,1094,10,0,0.0,312672256,4112416,82944,0.021194082975853235
399,-1,-1,-1,-1,-1,0,8,8,338,30,2,15167,1094,10,0,0.0,312770560,4112416,82944,0.021086665976326913
400,-1,-1,-1,-1,-1,26,8,8,338,30,2,15167,1094,10,0,0.0,312770560,4112416,82944,0.022481583000626415
401,-1,-1,-1,-1,-1,66,8,8,338,30,2,15167,1094,10,0,0.0,312770560,4112416,82944,0.022384667012374848
402,-1,-1,-1,-1,-1,106,8,8,338,30,2,15167,1094,10,0,0.0,312770560,4112416,82944,0.022350458020810038
403,-1,-1,-1,-1,-1,146,8,8,338,30,2,15167,1094,10,0,0.0,312770560,4112416,82944,0.02198441600194201
404,-1,-1,-1,-1,-1,186,8,8,338,30,2,15167,1094,10,0,0.0,312770560,4112416,82944,0.021995707997120917
405,-1,-1,-1,-1,-1,226,8,8,338,30,2,15167,1094,10,0,0.0,312770560,4112416,82944,0.021839958033524454
406,-1,-1,-1,-1,-1,266,8,8,338,30,2,15167,1094,10,0,0.0,312770560,4112416,82944,0.021998124953825027
407,-1,-1,-1,-1,-1,306,8,8,338,30,2,15167,1094,10,0,0.0,312770560,4112416,82944,0.021671708032954484
408,-1,-1,-1,-1,-1,346,8,8,338,30,2,15167,1094,10,0,0.0,312770560,4112416,82944,0.022863499994855374
409,-1,-1,-1,-1,-1,386,8,8,338,30,2,15167,1094,10,0,0.0,312770560,4112416,82944,0.021711875044275075
410,-1,-1,-1,-1,-1,426,8,8,338,30,2,15167,1094,10,0,0.0,312770560,4112416,82944,0.02185862499754876
411,-1,-1,-1,-1,-1,466,8,8,338,30,2,15167,1094,10,0,0.0,312770560,4112416,82944,0.0221606669947505
412,-1,-1,-1,-1,-1,506,8,8,338,30,2,15167,1094,10,0,0.0,312786944,4112416,82944,0.022129334043711424
413,-1,-1,-1,-1,-1,546,8,8,338,30,2,15167,1094,10,0,0.0,312786944,4112416,82944,0.021734000009018928
414,-1,-1,-1,-1,-1,586,8,8,338,30,2,15167,1094,10,0,0.0,312803328,4112416,82944,0.021745208010543138
415,-1,-1,-1,-1,-1,626,8,8,338,30,2,15167,1094,10,0,0.0,313475072,4112416,82944,0.02140841697109863
416,-1,-1,-1,-1,-1,0,9,8,339,30,2,15581,1094,10,0,0.0,313475072,4112416,82944,0.02124845900107175
417,-1,-1,-1,-1,-1,26,9,8,339,30,2,15581,1094,10,0,0.0,313475072,4112416,82944,0.02278083300916478
418,-1,-1,-1,-1,-1,66,9,8,339,30,2,15581,1094,10,0,0.0,313475072,4112416,82944,0.02300183300394565
419,-1,-1,-1,-1,-1,106,9,8,339,30,2,15581,1094,10,0,0.0,313475072,4112416,82944,0.022210166964214295
420,-1,-1,-1,-1,-1,146,9,8,339,30,2,15581,1094,10,0,0.0,313475072,4112416,82944,0.02195583301363513
421,-1,-1,-1,-1,-1,186,9,8,339,30,2,15581,1094,10,0,0.0,313475072,4112416,82944,0.02190237498143688
422,-1,-1,-1,-1,-1,226,9,8,339,30,2,15581,1094,10,0,0.0,313475072,4112416,82944,0.02160045801429078
423,-1,-1,-1,-1,-1,266,9,8,339,30,2,15581,1094,10,0,0.0,313475072,4112416,82944,0.021986667008604854
424,-1,-1,-1,-1,-1,306,9,8,339,30,2,15581,1094,10,0,0.0,313475072,4112416,82944,0.02223058295203373
425,-1,-1,-1,-1,-1,346,9,8,339,30,2,15581,1094,10,0,0.0,313475072,4112416,82944,0.02183683298062533
426,-1,-1,-1,-1,-1,386,9,8,339,30,2,15581,1094,10,0,0.0,313475072,4112416,82944,0.02147237496683374
427,-1,-1,-1,-1,-1,426,9,8,339,30,2,15581,1094,10,0,0.0,313475072,4112416,82944,0.021784292010124773
428,-1,-1,-1,-1,-1,466,9,8,339,30,2,15581,1094,10,0,0.0,313491456,4112416,82944,0.0215523749939166
429,-1,-1,-1,-1,-1,506,9,8,339,30,2,15581,1094,10,0,0.0,313622528,4112416,82944,0.021261083020363003
430,-1,-1,-1,-1,-1,546,9,8,339,30,2,15581,1094,10,0,0.0,313638912,4112416,82944,0.021087582979816943
431,-1,-1,-1,-1,-1,586,9,8,339,30,2,15581,1094,10,0,0.0,313819136,4112416,82944,0.021728624997194856
432,-1,-1,-1,-1,-1,626,9,8,339,30,2,15581,1094,10,0,0.0,313851904,4112416,82944,0.021541333000641316
433,-1,-1,-1,-1,-1,0,10,8,340,30,2,15995,1094,10,0,0.0,313851904,4112416,82944,0.02125041699036956
434,-1,-1,-1,-1,-1,26,10,8,340,30,2,15995,1094,10,0,0.0,313851904,4112416,82944,0.023009166994597763
435,-1,-1,-1,-1,-1,66,10,8,340,30,2,15995,1094,10,0,0.0,313851904,4112416,82944,0.023088958056177944
436,-1,-1,-1,-1,-1,106,10,8,340,30,2,15995,1094,10,0,0.0,313851904,4112416,82944,0.02238104201387614
437,-1,-1,-1,-1,-1,146,10,8,340,30,2,15995,1094,10,0,0.0,313851904,4112416,82944,0.0223416670341976
438,-1,-1,-1,-1,-1,186,10,8,340,30,2,15995,1094,10,0,0.0,313851904,4112416,82944,0.02188533399021253
439,-1,-1,-1,-1,-1,226,10,8,340,30,2,15995,1094,10,0,0.0,313884672,4112416,82944,0.022192375035956502
440,-1,-1,-1,-1,-1,266,10,8,340,30,2,15995,1094,10,0,0.0,313884672,4112416,82944,0.021927166962996125
441,-1,-1,-1,-1,-1,306,10,8,340,30,2,15995,1094,10,0,0.0,313884672,4112416,82944,0.021868875017389655
442,-1,-1,-1,-1,-1,346,10,8,340,30,2,15995,1094,10,0,0.0,313884672,4112416,82944,0.02151391701772809
443,-1,-1,-1,-1,-1,386,10,8,340,30,2,15995,1094,10,0,0.0,313884672,4112416,82944,0.022053833003155887
444,-1,-1,-1,-1,-1,426,10,8,340,30,2,15995,1094,10,0,0.0,313884672,4112416,82944,0.02164833399001509
445,-1,-1,-1,-1,-1,466,10,8,340,30,2,15995,1094,10,0,0.0,313884672,4112416,82944,0.02116833400214091
446,-1,-1,-1,-1,-1,506,10,8,340,30,2,15995,1094,10,0,0.0,313884672,4112416,82944,0.021464499994181097
447,-1,-1,-1,-1,-1,546,10,8,340,30,2,15995,1094,10,0,0.0,313884672,4112416,82944,0.021287292009219527
448,-1,-1,-1,-1,-1,586,10,8,340,30,2,15995,1094,10,0,0.0,313884672,4112416,82944,0.021144500002264977
449,-1,-1,-1,-1,-1,626,10,8,340,30,2,15995,1094,10,0,0.0,313884672,4112416,82944,0.02136229199822992
450,-1,-1,-1,-1,-1,0,11,8,341,30,2,16409,1094,10,0,0.0,313901056,4112416,82944,0.021066499990411103
451,-1,-1,-1,-1,-1,26,11,8,341,30,2,16409,1094,10,0,0.0,313901056,4112416,82944,0.022973167011514306
452,-1,-1,-1,-1,-1,66,11,8,341,30,2,16409,1094,10,0,0.0,313901056,4112416,82944,0.022440082975663245
453,-1,-1,-1,-1,-1,106,11,8,341,30,2,16409,1094,10,0,0.0,313901056,4112416,82944,0.02229275001445785
454,-1,-1,-1,-1,-1,146,11,8,341,30,2,16409,1094,10,0,0.0,313901056,4112416,82944,0.022159332991577685
455,-1,-1,-1,-1,-1,186,11,8,341,30,2,16409,1094,10,0,0.0,313901056,4112416,82944,0.02217570797074586
456,-1,-1,-1,-1,-1,226,11,8,341,30,2,16409,1094,10,0,0.0,313901056,4112416,82944,0.02159595798002556
457,-1,-1,-1,-1,-1,266,11,8,341,30,2,16409,1094,10,0,0.0,313901056,4112416,82944,0.024108166981022805
458,-1,-1,-1,-1,-1,306,11,8,341,30,2,16409,1094,10,0,0.0,313901056,4112416,82944,0.023116458964068443
459,-1,-1,-1,-1,-1,346,11,8,341,30,2,16409,1094,10,0,0.0,313901056,4112416,82944,0.021982040954753757
460,-1,-1,-1,-1,-1,386,11,8,341,30,2,16409,1094,10,0,0.0,313901056,4112416,82944,0.022381999995559454
461,-1,-1,-1,-1,-1,426,11,8,341,30,2,16409,1094,10,0,0.0,313917440,4112416,82944,0.02196870796615258
462,-1,-1,-1,-1,-1,466,11,8,341,30,2,16409,1094,10,0,0.0,313917440,4112416,82944,0.02251808304572478
463,-1,-1,-1,-1,-1,506,11,8,341,30,2,16409,1094,10,0,0.0,313933824,4112416,82944,0.022297666990198195
464,-1,-1,-1,-1,-1,546,11,8,341,30,2,16409,1094,10,0,0.0,313950208,4112416,82944,0.021702042024116963
465,-1,-1,-1,-1,-1,586,11,8,341,30,2,16409,1094,10,0,0.0,313950208,4112416,82944,0.021591374999843538
466,-1,-1,-1,-1,-1,626,11,8,341,30,2,16409,1094,10,0,0.0,313966592,4112416,82944,0.0217784580308944
467,-1,-1,-1,-1,-1,0,0,9,341,31,2,16409,1508,10,0,0.0,313966592,4112416,82944,0.021012332988902926
468,-1,-1,-1,-1,-1,26,0,9,341,31,2,16409,1508,10,0,0.0,313966592,4112416,82944,0.02218020800501108
469,-1,-1,-1,-1,-1,66,0,9,341,31,2,16409,1508,10,0,0.0,313982976,4112416,82944,0.022686208016239107
470,-1,-1,-1,-1,-1,106,0,9,341,31,2,16409,1508,10,0,0.0,313982976,4112416,82944,0.022446374990977347
471,-1,-1,-1,-1,-1,146,0,9,341,31,2,16409,1508,10,0,0.0,313982976,4112416,82944,0.021646125009283423
472,-1,-1,-1,-1,-1,186,0,9,341,31,2,16409,1508,10,0,0.0,313982976,4112416,82944,0.0214571250253357
473,-1,-1,-1,-1,-1,226,0,9,341,31,2,16409,1508,10,0,0.0,313982976,4112416,82944,0.02165254100691527
474,-1,-1,-1,-1,-1,266,0,9,341,31,2,16409,1508,10,0,0.0,313982976,4112416,82944,0.02184900001157075
475,-1,-1,-1,-1,-1,306,0,9,341,31,2,16409,1508,10,0,0.0,313982976,4112416,82944,0.02191237499937415
476,-1,-1,-1,-1,-1,346,0,9,341,31,2,16409,1508,10,0,0.0,313982976,4112416,82944,0.02170170802855864
477,-1,-1,-1,-1,-1,386,0,9,341,31,2,16409,1508,10,0,0.0,313982976,4112416,82944,0.021674583025742322
478,-1,-1,-1,-1,-1,426,0,9,341,31,2,16409,1508,10,0,0.0,313982976,4112416,82944,0.02148266602307558
479,-1,-1,-1,-1,-1,466,0,9,341,31,2,16409,1508,10,0,0.0,313999360,4112416,82944,0.021628583956044167
480,-1,-1,-1,-1,-1,506,0,9,341,31,2,16409,1508,10,0,0.0,313999360,4112416,82944,0.021612250013276935
481,-1,-1,-1,-1,-1,546,0,9,341,31,2,16409,1508,10,0,0.0,313999360,4112416,82944,0.021727749961428344
482,-1,-1,-1,-1,-1,586,0,9,341,31,2,16409,1508,10,0,0.0,313999360,4112416,82944,0.021214792039245367
483,-1,-1,-1,-1,-1,626,0,9,341,31,2,16409,1508,10,0,0.0,313999360,4112416,82944,0.021627833019010723
484,-1,-1,-1,-1,-1,0,1,9,342,31,2,16823,1508,10,0,0.0,313999360,4112416,82944,0.021111500042025
485,-1,-1,-1,-1,-1,26,1,9,342,31,2,16823,1508,10,0,0.0,313999360,4112416,82944,0.02269020798848942
486,-1,-1,-1,-1,-1,66,1,9,342,31,2,16823,1508,10,0,0.0,313999360,4112416,82944,0.04050637502223253
487,-1,-1,-1,-1,-1,106,1,9,342,31,2,16823,1508,10,0,0.0,313999360,4112416,82944,0.029083708010148257
488,-1,-1,-1,-1,-1,146,1,9,342,31,2,16823,1508,10,0,0.0,313999360,4112416,82944,0.02257037500385195
489,-1,-1,-1,-1,-1,186,1,9,342,31,2,16823,1508,10,0,0.0,313999360,4112416,82944,0.02285250002751127
490,-1,-1,-1,-1,-1,226,1,9,342,31,2,16823,1508,10,0,0.0,314015744,4112416,82944,0.022586209001019597
491,-1,-1,-1,-1,-1,266,1,9,342,31,2,16823,1508,10,0,0.0,314015744,4112416,82944,0.02203679201193154
492,-1,-1,-1,-1,-1,306,1,9,342,31,2,16823,1508,10,0,0.0,313966592,4112416,82944,0.021951999980956316
493,-1,-1,-1,-1,-1,346,1,9,342,31,2,16823,1508,10,0,0.0,313950208,4112416,82944,0.021266457973979414
494,-1,-1,-1,-1,-1,386,1,9,342,31,2,16823,1508,10,0,0.0,313950208,4112416,82944,0.021418999996967614
495,-1,-1,-1,-1,-1,426,1,9,342,31,2,16823,1508,10,0,0.0,313950208,4112416,82944,0.021716332994401455
496,-1,-1,-1,-1,-1,466,1,9,342,31,2,16823,1508,10,0,0.0,313950208,4112416,82944,0.021393416973296553
497,-1,-1,-1,-1,-1,506,1,9,342,31,2,16823,1508,10,0,0.0,313966592,4112416,82944,0.021073415991850197
498,-1,-1,-1,-1,-1,546,1,9,342,31,2,16823,1508,10,0,0.0,313966592,4112416,82944,0.021292334015015513
499,-1,-1,-1,-1,-1,586,1,9,342,31,2,16823,1508,10,0,0.0,313950208,4112416,82944,0.021503124968148768
500,-1,-1,-1,-1,-1,626,1,9,342,31,2,16823,1508,10,0,0.0,313933824,4112416,82944,0.02124079200439155
