panel,resolution,particle_count,layout,jitter_fraction,s0_mean_abs,s0_l2,s0_linf,s1_l2,s1_linf,operator,norm,error,observed_order_from_previous,force_type,state_case,density_perturbation,pair_force_residual_l2,pair_force_residual_linf,total_internal_force,characteristic_normalized_internal_force,total_internal_torque,viscous_power,density_offset,density_amplitude,minimum_pressure,maximum_pressure,integration_scheme,dt,numerical,exact,absolute_error,observed_order,ad_completed_cases,ad_pass,canary_rows_used,conservation_pass,disorder_status,evidence_complete,final_status,gci_justified,gci_statement,jitter10_median_velocity_error_multiplier,mach_complete,mach_density_nonworsening,prerequisite_pass,provenance_pass,resource_pass,schema_version,space_gates,space_pass,space_slope_modal,space_slope_velocity,stage02_started,time_gates,time_modal_errors,time_pass,time_self_difference_coarse,time_self_difference_fine,time_self_difference_series_coarse,time_self_difference_series_fine,time_velocity_errors,v3_started
a-b,16,256,regular,0.0,0.0004157493822276592,0.0004157493822276592,0.0004159212112426758,2.73822720053829e-09,1.259468263015151e-08,,,,,,,,,,,,,,,,,,,,,,,,,,,,,,,,,,,,,,,,,,,,,,,,,,,,,
a-b,24,576,regular,0.0,0.0004158318042755127,0.0004158319206908345,0.00041675567626953125,1.3605723658827173e-08,2.7492717435961822e-08,,,,,,,,,,,,,,,,,,,,,,,,,,,,,,,,,,,,,,,,,,,,,,,,,,,,,
a-b,32,1024,regular,0.0,0.00041574984788894653,0.0004157498187851161,0.0004159212112426758,1.3030009293757416e-09,6.170012056827545e-09,,,,,,,,,,,,,,,,,,,,,,,,,,,,,,,,,,,,,,,,,,,,,,,,,,,,,
a-b,16,256,jitter_05,0.05,0.007487163878977299,0.009243255481123924,0.027165532112121582,0.0011762353824451566,0.0037809594068676233,,,,,,,,,,,,,,,,,,,,,,,,,,,,,,,,,,,,,,,,,,,,,,,,,,,,,
a-b,24,576,jitter_05,0.05,0.007005825638771057,0.008717029355466366,0.025014817714691162,0.000746977748349309,0.002309763338416815,,,,,,,,,,,,,,,,,,,,,,,,,,,,,,,,,,,,,,,,,,,,,,,,,,,,,
a-b,32,1024,jitter_05,0.05,0.007333568297326565,0.009103583171963692,0.02729552984237671,0.0005366101977415383,0.0017212365055456758,,,,,,,,,,,,,,,,,,,,,,,,,,,,,,,,,,,,,,,,,,,,,,,,,,,,,
a-b,16,256,jitter_10,0.1,0.014547029510140419,0.017911165952682495,0.05071735382080078,0.002107231179252267,0.005596170201897621,,,,,,,,,,,,,,,,,,,,,,,,,,,,,,,,,,,,,,,,,,,,,,,,,,,,,
a-b,24,576,jitter_10,0.1,0.0140277910977602,0.017624709755182266,0.062102675437927246,0.0014527963940054178,0.00555449491366744,,,,,,,,,,,,,,,,,,,,,,,,,,,,,,,,,,,,,,,,,,,,,,,,,,,,,
a-b,32,1024,jitter_10,0.1,0.015230206772685051,0.019146494567394257,0.078213632106781,0.0011093358043581247,0.004207118880003691,,,,,,,,,,,,,,,,,,,,,,,,,,,,,,,,,,,,,,,,,,,,,,,,,,,,,
c,16,256,jitter_05,0.05,,,,,,generic_sph_divergence,l1,1.1680903434753418,,,,,,,,,,,,,,,,,,,,,,,,,,,,,,,,,,,,,,,,,,,,,,,,,,
c,24,576,jitter_05,0.05,,,,,,generic_sph_divergence,l1,0.5686097741127014,1.7755686149322036,,,,,,,,,,,,,,,,,,,,,,,,,,,,,,,,,,,,,,,,,,,,,,,,,
c,32,1024,jitter_05,0.05,,,,,,generic_sph_divergence,l1,0.3336268961429596,1.85333445754011,,,,,,,,,,,,,,,,,,,,,,,,,,,,,,,,,,,,,,,,,,,,,,,,,
c,16,256,jitter_05,0.05,,,,,,generic_sph_divergence,l2,1.4666997194290161,,,,,,,,,,,,,,,,,,,,,,,,,,,,,,,,,,,,,,,,,,,,,,,,,,
c,24,576,jitter_05,0.05,,,,,,generic_sph_divergence,l2,0.7023531198501587,1.8160225256148155,,,,,,,,,,,,,,,,,,,,,,,,,,,,,,,,,,,,,,,,,,,,,,,,,
c,32,1024,jitter_05,0.05,,,,,,generic_sph_divergence,l2,0.410977303981781,1.8628143950723173,,,,,,,,,,,,,,,,,,,,,,,,,,,,,,,,,,,,,,,,,,,,,,,,,
c,16,256,jitter_05,0.05,,,,,,generic_sph_divergence,linf,2.8324766159057617,,,,,,,,,,,,,,,,,,,,,,,,,,,,,,,,,,,,,,,,,,,,,,,,,,
c,24,576,jitter_05,0.05,,,,,,generic_sph_divergence,linf,1.4794034957885742,1.6018949155267617,,,,,,,,,,,,,,,,,,,,,,,,,,,,,,,,,,,,,,,,,,,,,,,,,
c,32,1024,jitter_05,0.05,,,,,,generic_sph_divergence,linf,0.9563608169555664,1.5164621589781098,,,,,,,,,,,,,,,,,,,,,,,,,,,,,,,,,,,,,,,,,,,,,,,,,
c,16,256,jitter_05,0.05,,,,,,generic_sph_gradient,l1,0.7194442749023438,,,,,,,,,,,,,,,,,,,,,,,,,,,,,,,,,,,,,,,,,,,,,,,,,,
c,24,576,jitter_05,0.05,,,,,,generic_sph_gradient,l1,0.33885252475738525,1.8569146296566506,,,,,,,,,,,,,,,,,,,,,,,,,,,,,,,,,,,,,,,,,,,,,,,,,
c,32,1024,jitter_05,0.05,,,,,,generic_sph_gradient,l1,0.1967504620552063,1.889685867969281,,,,,,,,,,,,,,,,,,,,,,,,,,,,,,,,,,,,,,,,,,,,,,,,,
c,16,256,jitter_05,0.05,,,,,,generic_sph_gradient,l2,0.8220709562301636,,,,,,,,,,,,,,,,,,,,,,,,,,,,,,,,,,,,,,,,,,,,,,,,,,
c,24,576,jitter_05,0.05,,,,,,generic_sph_gradient,l2,0.39499443769454956,1.8076895276696312,,,,,,,,,,,,,,,,,,,,,,,,,,,,,,,,,,,,,,,,,,,,,,,,,
c,32,1024,jitter_05,0.05,,,,,,generic_sph_gradient,l2,0.2321879118680954,1.8469161797861924,,,,,,,,,,,,,,,,,,,,,,,,,,,,,,,,,,,,,,,,,,,,,,,,,
c,16,256,jitter_05,0.05,,,,,,generic_sph_gradient,linf,1.520883560180664,,,,,,,,,,,,,,,,,,,,,,,,,,,,,,,,,,,,,,,,,,,,,,,,,,
c,24,576,jitter_05,0.05,,,,,,generic_sph_gradient,linf,0.8702030181884766,1.376987032223694,,,,,,,,,,,,,,,,,,,,,,,,,,,,,,,,,,,,,,,,,,,,,,,,,
c,32,1024,jitter_05,0.05,,,,,,generic_sph_gradient,linf,0.5757179260253906,1.4359904534829286,,,,,,,,,,,,,,,,,,,,,,,,,,,,,,,,,,,,,,,,,,,,,,,,,
c,16,256,jitter_05,0.05,,,,,,physical_nu_generic_laplacian,l1,3.271660566329956,,,,,,,,,,,,,,,,,,,,,,,,,,,,,,,,,,,,,,,,,,,,,,,,,,
c,24,576,jitter_05,0.05,,,,,,physical_nu_generic_laplacian,l1,1.8285223245620728,1.434869474768126,,,,,,,,,,,,,,,,,,,,,,,,,,,,,,,,,,,,,,,,,,,,,,,,,
c,32,1024,jitter_05,0.05,,,,,,physical_nu_generic_laplacian,l1,1.4719955921173096,0.7539195615821663,,,,,,,,,,,,,,,,,,,,,,,,,,,,,,,,,,,,,,,,,,,,,,,,,
c,16,256,jitter_05,0.05,,,,,,physical_nu_generic_laplacian,l2,3.8746464252471924,,,,,,,,,,,,,,,,,,,,,,,,,,,,,,,,,,,,,,,,,,,,,,,,,,
c,24,576,jitter_05,0.05,,,,,,physical_nu_generic_laplacian,l2,2.1800143718719482,1.418427708482929,,,,,,,,,,,,,,,,,,,,,,,,,,,,,,,,,,,,,,,,,,,,,,,,,
c,32,1024,jitter_05,0.05,,,,,,physical_nu_generic_laplacian,l2,1.8098077774047852,0.6469323183252579,,,,,,,,,,,,,,,,,,,,,,,,,,,,,,,,,,,,,,,,,,,,,,,,,
c,16,256,jitter_05,0.05,,,,,,physical_nu_generic_laplacian,linf,7.701824188232422,,,,,,,,,,,,,,,,,,,,,,,,,,,,,,,,,,,,,,,,,,,,,,,,,,
c,24,576,jitter_05,0.05,,,,,,physical_nu_generic_laplacian,linf,5.350982666015625,0.8981709674871458,,,,,,,,,,,,,,,,,,,,,,,,,,,,,,,,,,,,,,,,,,,,,,,,,
c,32,1024,jitter_05,0.05,,,,,,physical_nu_generic_laplacian,linf,5.71497917175293,-0.2287609799917306,,,,,,,,,,,,,,,,,,,,,,,,,,,,,,,,,,,,,,,,,,,,,,,,,
c,16,256,jitter_10,0.1,,,,,,generic_sph_divergence,l1,1.1769936084747314,,,,,,,,,,,,,,,,,,,,,,,,,,,,,,,,,,,,,,,,,,,,,,,,,,
c,24,576,jitter_10,0.1,,,,,,generic_sph_divergence,l1,0.5881801247596741,1.7108388056281512,,,,,,,,,,,,,,,,,,,,,,,,,,,,,,,,,,,,,,,,,,,,,,,,,
c,32,1024,jitter_10,0.1,,,,,,generic_sph_divergence,l1,0.3517597019672394,1.7869899004175192,,,,,,,,,,,,,,,,,,,,,,,,,,,,,,,,,,,,,,,,,,,,,,,,,
c,16,256,jitter_10,0.1,,,,,,generic_sph_divergence,l2,1.4629433155059814,,,,,,,,,,,,,,,,,,,,,,,,,,,,,,,,,,,,,,,,,,,,,,,,,,
c,24,576,jitter_10,0.1,,,,,,generic_sph_divergence,l2,0.7166470289230347,1.7600089626493822,,,,,,,,,,,,,,,,,,,,,,,,,,,,,,,,,,,,,,,,,,,,,,,,,
c,32,1024,jitter_10,0.1,,,,,,generic_sph_divergence,l2,0.4234042465686798,1.8292973133668167,,,,,,,,,,,,,,,,,,,,,,,,,,,,,,,,,,,,,,,,,,,,,,,,,
c,16,256,jitter_10,0.1,,,,,,generic_sph_divergence,linf,2.8259763717651367,,,,,,,,,,,,,,,,,,,,,,,,,,,,,,,,,,,,,,,,,,,,,,,,,,
c,24,576,jitter_10,0.1,,,,,,generic_sph_divergence,linf,1.6699886322021484,1.2973671306110235,,,,,,,,,,,,,,,,,,,,,,,,,,,,,,,,,,,,,,,,,,,,,,,,,
c,32,1024,jitter_10,0.1,,,,,,generic_sph_divergence,linf,1.0503158569335938,1.6119387639564349,,,,,,,,,,,,,,,,,,,,,,,,,,,,,,,,,,,,,,,,,,,,,,,,,
c,16,256,jitter_10,0.1,,,,,,generic_sph_gradient,l1,0.7217851281166077,,,,,,,,,,,,,,,,,,,,,,,,,,,,,,,,,,,,,,,,,,,,,,,,,,
c,24,576,jitter_10,0.1,,,,,,generic_sph_gradient,l1,0.3458229601383209,1.814707369863538,,,,,,,,,,,,,,,,,,,,,,,,,,,,,,,,,,,,,,,,,,,,,,,,,
c,32,1024,jitter_10,0.1,,,,,,generic_sph_gradient,l1,0.20131099224090576,1.880812475299905,,,,,,,,,,,,,,,,,,,,,,,,,,,,,,,,,,,,,,,,,,,,,,,,,
c,16,256,jitter_10,0.1,,,,,,generic_sph_gradient,l2,0.8239525556564331,,,,,,,,,,,,,,,,,,,,,,,,,,,,,,,,,,,,,,,,,,,,,,,,,,
c,24,576,jitter_10,0.1,,,,,,generic_sph_gradient,l2,0.4068467915058136,1.7404118261383708,,,,,,,,,,,,,,,,,,,,,,,,,,,,,,,,,,,,,,,,,,,,,,,,,
c,32,1024,jitter_10,0.1,,,,,,generic_sph_gradient,l2,0.24501337110996246,1.7627928344317354,,,,,,,,,,,,,,,,,,,,,,,,,,,,,,,,,,,,,,,,,,,,,,,,,
c,16,256,jitter_10,0.1,,,,,,generic_sph_gradient,linf,1.5754213333129883,,,,,,,,,,,,,,,,,,,,,,,,,,,,,,,,,,,,,,,,,,,,,,,,,,
c,24,576,jitter_10,0.1,,,,,,generic_sph_gradient,linf,1.0354766845703125,1.0350110424614118,,,,,,,,,,,,,,,,,,,,,,,,,,,,,,,,,,,,,,,,,,,,,,,,,
c,32,1024,jitter_10,0.1,,,,,,generic_sph_gradient,linf,0.7721314430236816,1.0200926441384492,,,,,,,,,,,,,,,,,,,,,,,,,,,,,,,,,,,,,,,,,,,,,,,,,
c,16,256,jitter_10,0.1,,,,,,physical_nu_generic_laplacian,l1,3.7556049823760986,,,,,,,,,,,,,,,,,,,,,,,,,,,,,,,,,,,,,,,,,,,,,,,,,,
c,24,576,jitter_10,0.1,,,,,,physical_nu_generic_laplacian,l1,2.484923839569092,1.0186015190374604,,,,,,,,,,,,,,,,,,,,,,,,,,,,,,,,,,,,,,,,,,,,,,,,,
c,32,1024,jitter_10,0.1,,,,,,physical_nu_generic_laplacian,l1,2.5745973587036133,-0.12323029035838244,,,,,,,,,,,,,,,,,,,,,,,,,,,,,,,,,,,,,,,,,,,,,,,,,
c,16,256,jitter_10,0.1,,,,,,physical_nu_generic_laplacian,l2,4.307393550872803,,,,,,,,,,,,,,,,,,,,,,,,,,,,,,,,,,,,,,,,,,,,,,,,,,
c,24,576,jitter_10,0.1,,,,,,physical_nu_generic_laplacian,l2,3.0178048610687256,0.8775188532793685,,,,,,,,,,,,,,,,,,,,,,,,,,,,,,,,,,,,,,,,,,,,,,,,,
c,32,1024,jitter_10,0.1,,,,,,physical_nu_generic_laplacian,l2,3.2766857147216797,-0.2860892864101669,,,,,,,,,,,,,,,,,,,,,,,,,,,,,,,,,,,,,,,,,,,,,,,,,
c,16,256,jitter_10,0.1,,,,,,physical_nu_generic_laplacian,linf,8.237064361572266,,,,,,,,,,,,,,,,,,,,,,,,,,,,,,,,,,,,,,,,,,,,,,,,,,
c,24,576,jitter_10,0.1,,,,,,physical_nu_generic_laplacian,linf,8.134393692016602,0.030934367200455667,,,,,,,,,,,,,,,,,,,,,,,,,,,,,,,,,,,,,,,,,,,,,,,,,
c,32,1024,jitter_10,0.1,,,,,,physical_nu_generic_laplacian,linf,13.8262939453125,-1.8439485158139148,,,,,,,,,,,,,,,,,,,,,,,,,,,,,,,,,,,,,,,,,,,,,,,,,
c,16,256,regular,0.0,,,,,,generic_sph_divergence,l1,1.1555231809616089,,,,,,,,,,,,,,,,,,,,,,,,,,,,,,,,,,,,,,,,,,,,,,,,,,
c,24,576,regular,0.0,,,,,,generic_sph_divergence,l1,0.5608411431312561,1.7828187391974362,,,,,,,,,,,,,,,,,,,,,,,,,,,,,,,,,,,,,,,,,,,,,,,,,
c,32,1024,regular,0.0,,,,,,generic_sph_divergence,l1,0.3274608850479126,1.8703601532740821,,,,,,,,,,,,,,,,,,,,,,,,,,,,,,,,,,,,,,,,,,,,,,,,,
c,16,256,regular,0.0,,,,,,generic_sph_divergence,l2,1.465320348739624,,,,,,,,,,,,,,,,,,,,,,,,,,,,,,,,,,,,,,,,,,,,,,,,,,
c,24,576,regular,0.0,,,,,,generic_sph_divergence,l2,0.7001012563705444,1.8216220688739702,,,,,,,,,,,,,,,,,,,,,,,,,,,,,,,,,,,,,,,,,,,,,,,,,
c,32,1024,regular,0.0,,,,,,generic_sph_divergence,l2,0.4066369831562042,1.88855745425366,,,,,,,,,,,,,,,,,,,,,,,,,,,,,,,,,,,,,,,,,,,,,,,,,
c,16,256,regular,0.0,,,,,,generic_sph_divergence,linf,2.7075624465942383,,,,,,,,,,,,,,,,,,,,,,,,,,,,,,,,,,,,,,,,,,,,,,,,,,
c,24,576,regular,0.0,,,,,,generic_sph_divergence,linf,1.3524980545043945,1.7118500624453499,,,,,,,,,,,,,,,,,,,,,,,,,,,,,,,,,,,,,,,,,,,,,,,,,
c,32,1024,regular,0.0,,,,,,generic_sph_divergence,linf,0.7976503372192383,1.8354923553715616,,,,,,,,,,,,,,,,,,,,,,,,,,,,,,,,,,,,,,,,,,,,,,,,,
c,16,256,regular,0.0,,,,,,generic_sph_gradient,l1,0.7179498672485352,,,,,,,,,,,,,,,,,,,,,,,,,,,,,,,,,,,,,,,,,,,,,,,,,,
c,24,576,regular,0.0,,,,,,generic_sph_gradient,l1,0.3381229639053345,1.8571021301668498,,,,,,,,,,,,,,,,,,,,,,,,,,,,,,,,,,,,,,,,,,,,,,,,,
c,32,1024,regular,0.0,,,,,,generic_sph_gradient,l1,0.19540807604789734,1.905991407751603,,,,,,,,,,,,,,,,,,,,,,,,,,,,,,,,,,,,,,,,,,,,,,,,,
c,16,256,regular,0.0,,,,,,generic_sph_gradient,l2,0.8191388845443726,,,,,,,,,,,,,,,,,,,,,,,,,,,,,,,,,,,,,,,,,,,,,,,,,,
c,24,576,regular,0.0,,,,,,generic_sph_gradient,l2,0.39136868715286255,1.821620611261772,,,,,,,,,,,,,,,,,,,,,,,,,,,,,,,,,,,,,,,,,,,,,,,,,
c,32,1024,regular,0.0,,,,,,generic_sph_gradient,l2,0.2273169755935669,1.888559246140894,,,,,,,,,,,,,,,,,,,,,,,,,,,,,,,,,,,,,,,,,,,,,,,,,
c,16,256,regular,0.0,,,,,,generic_sph_gradient,linf,1.353780746459961,,,,,,,,,,,,,,,,,,,,,,,,,,,,,,,,,,,,,,,,,,,,,,,,,,
c,24,576,regular,0.0,,,,,,generic_sph_gradient,linf,0.6762533187866211,1.7118335424246143,,,,,,,,,,,,,,,,,,,,,,,,,,,,,,,,,,,,,,,,,,,,,,,,,
c,32,1024,regular,0.0,,,,,,generic_sph_gradient,linf,0.39882516860961914,1.8355144146737632,,,,,,,,,,,,,,,,,,,,,,,,,,,,,,,,,,,,,,,,,,,,,,,,,
c,16,256,regular,0.0,,,,,,physical_nu_generic_laplacian,l1,3.241853713989258,,,,,,,,,,,,,,,,,,,,,,,,,,,,,,,,,,,,,,,,,,,,,,,,,,
c,24,576,regular,0.0,,,,,,physical_nu_generic_laplacian,l1,1.5385808944702148,1.8380984966471738,,,,,,,,,,,,,,,,,,,,,,,,,,,,,,,,,,,,,,,,,,,,,,,,,
c,32,1024,regular,0.0,,,,,,physical_nu_generic_laplacian,l1,0.8925224542617798,1.8929372159197762,,,,,,,,,,,,,,,,,,,,,,,,,,,,,,,,,,,,,,,,,,,,,,,,,
c,16,256,regular,0.0,,,,,,physical_nu_generic_laplacian,l2,3.807647466659546,,,,,,,,,,,,,,,,,,,,,,,,,,,,,,,,,,,,,,,,,,,,,,,,,,
c,24,576,regular,0.0,,,,,,physical_nu_generic_laplacian,l2,1.7903820276260376,1.8610294700714203,,,,,,,,,,,,,,,,,,,,,,,,,,,,,,,,,,,,,,,,,,,,,,,,,
c,32,1024,regular,0.0,,,,,,physical_nu_generic_laplacian,l2,1.0404894351959229,1.8865889087017198,,,,,,,,,,,,,,,,,,,,,,,,,,,,,,,,,,,,,,,,,,,,,,,,,
c,16,256,regular,0.0,,,,,,physical_nu_generic_laplacian,linf,6.674591064453125,,,,,,,,,,,,,,,,,,,,,,,,,,,,,,,,,,,,,,,,,,,,,,,,,,
c,24,576,regular,0.0,,,,,,physical_nu_generic_laplacian,linf,3.2812881469726562,1.7512527007221121,,,,,,,,,,,,,,,,,,,,,,,,,,,,,,,,,,,,,,,,,,,,,,,,,
c,32,1024,regular,0.0,,,,,,physical_nu_generic_laplacian,linf,1.9363136291503906,1.8334479249155795,,,,,,,,,,,,,,,,,,,,,,,,,,,,,,,,,,,,,,,,,,,,,,,,,
d,16,256,regular,0.0,,,,,,,,,,physical_nu_laplacian,uniform_density,0.0,0.0,0.0,1.1746485029107134e-07,1.86824617998127e-08,-1.1641532182693481e-08,-2.7729663848876953,,,,,,,,,,,,,,,,,,,,,,,,,,,,,,,,,,,,,,,,
d,16,256,regular,0.0,,,,,,,,,,physical_nu_laplacian,density_perturbation_05,0.05,2.139359639841132e-05,0.00013071834109723568,0.06945458054542542,0.011033950373530388,-7.450580596923828e-09,-2.7748827934265137,,,,,,,,,,,,,,,,,,,,,,,,,,,,,,,,,,,,,,,,
d,16,256,regular,0.0,,,,,,,,,,Antuono_pressure,all_positive_pressure,,3.740683318653737e-10,1.862645149230957e-09,2.3743331212244811e-07,3.925237024304806e-08,,,1.01,0.005,0.5380630493164062,1.461935043334961,,,,,,,,,,,,,,,,,,,,,,,,,,,,,,,,,,,,
d,16,256,regular,0.0,,,,,,,,,,Antuono_pressure,mixed_sign_pressure,,0.001296713831834495,0.007594817318022251,2.055947021517568e-07,3.2748271650007155e-08,,,1.0,0.005,-0.4619419574737549,0.46193599700927734,,,,,,,,,,,,,,,,,,,,,,,,,,,,,,,,,,,,
d,24,576,regular,0.0,,,,,,,,,,physical_nu_laplacian,uniform_density,0.0,4.3075387701208e-10,3.725290298461914e-09,3.0940950068725215e-07,3.1536256273057006e-08,7.916241884231567e-09,-2.977099895477295,,,,,,,,,,,,,,,,,,,,,,,,,,,,,,,,,,,,,,,,
d,24,576,regular,0.0,,,,,,,,,,physical_nu_laplacian,density_perturbation_05,0.05,9.818254511628766e-06,5.978415720164776e-05,0.07456698268651962,0.007591814734041691,-1.0477378964424133e-08,-2.9786081314086914,,,,,,,,,,,,,,,,,,,,,,,,,,,,,,,,,,,,,,,,
d,24,576,regular,0.0,,,,,,,,,,Antuono_pressure,all_positive_pressure,,2.93467072864928e-09,2.2351741790771484e-08,1.9834251361317e-06,2.8705193244604743e-07,,,1.01,0.005,0.5170345306396484,1.4829635620117188,,,,,,,,,,,,,,,,,,,,,,,,,,,,,,,,,,,,
d,24,576,regular,0.0,,,,,,,,,,Antuono_pressure,mixed_sign_pressure,,0.000614103686530143,0.004186809994280338,1.0222777291346574e-06,1.425341196181762e-07,,,1.0,0.005,-0.48296451568603516,0.48296451568603516,,,,,,,,,,,,,,,,,,,,,,,,,,,,,,,,,,,,
d,32,1024,regular,0.0,,,,,,,,,,physical_nu_laplacian,uniform_density,0.0,0.0,0.0,1.0671280392671179e-07,8.048277599925768e-09,3.958120942115784e-09,-3.052983283996582,,,,,,,,,,,,,,,,,,,,,,,,,,,,,,,,,,,,,,,,
d,32,1024,regular,0.0,,,,,,,,,,physical_nu_laplacian,density_perturbation_05,0.05,5.7724946600501426e-06,3.39635880663991e-05,0.07646775990724564,0.0057609654031693935,1.3969838619232178e-09,-3.054287910461426,,,,,,,,,,,,,,,,,,,,,,,,,,,,,,,,,,,,,,,,
d,32,1024,regular,0.0,,,,,,,,,,Antuono_pressure,all_positive_pressure,,3.260460790244224e-10,3.725290298461914e-09,1.1207571048998943e-07,1.5487698235006064e-08,,,1.01,0.005,0.5096077919006348,1.4903903007507324,,,,,,,,,,,,,,,,,,,,,,,,,,,,,,,,,,,,
d,32,1024,regular,0.0,,,,,,,,,,Antuono_pressure,mixed_sign_pressure,,0.00036762584932148457,0.0025223891716450453,3.5770227668763255e-07,4.761955096910242e-08,,,1.0,0.005,-0.49039125442504883,0.49039125442504883,,,,,,,,,,,,,,,,,,,,,,,,,,,,,,,,,,,,
d,16,256,jitter_05,0.05,,,,,,,,,,physical_nu_laplacian,uniform_density,0.0,2.8531424445255027e-10,3.958120942115784e-09,4.050517077303084e-08,6.423693132973085e-09,-0.0009231767617166042,-2.769134998321533,,,,,,,,,,,,,,,,,,,,,,,,,,,,,,,,,,,,,,,,
d,16,256,jitter_05,0.05,,,,,,,,,,physical_nu_laplacian,density_perturbation_05,0.05,2.0921570467180572e-05,0.0001365826465189457,0.06950419396162033,0.011008384637534618,-0.0009397722315043211,-2.771240234375,,,,,,,,,,,,,,,,,,,,,,,,,,,,,,,,,,,,,,,,
d,16,256,jitter_05,0.05,,,,,,,,,,Antuono_pressure,all_positive_pressure,,2.781168406684742e-09,2.7939677238464355e-08,4.633233743334131e-07,7.708904803394034e-08,,,1.01,0.005,0.5312442779541016,1.4688968658447266,,,,,,,,,,,,,,,,,,,,,,,,,,,,,,,,,,,,
d,16,256,jitter_05,0.05,,,,,,,,,,Antuono_pressure,mixed_sign_pressure,,0.001271217712201178,0.008082198910415173,0.03287799656391144,0.005242525599896908,,,1.0,0.005,-0.46875476837158203,0.46889781951904297,,,,,,,,,,,,,,,,,,,,,,,,,,,,,,,,,,,,
d,24,576,jitter_05,0.05,,,,,,,,,,physical_nu_laplacian,uniform_density,0.0,2.8779945093759807e-10,3.958120942115784e-09,4.574159362391583e-08,4.652476626176849e-09,-0.0003889133222401142,-2.975682258605957,,,,,,,,,,,,,,,,,,,,,,,,,,,,,,,,,,,,,,,,
d,24,576,jitter_05,0.05,,,,,,,,,,physical_nu_laplacian,density_perturbation_05,0.05,9.83560130407568e-06,6.37576449662447e-05,0.07453292608261108,0.007572106551378965,-0.0003140750341117382,-2.977264165878296,,,,,,,,,,,,,,,,,,,,,,,,,,,,,,,,,,,,,,,,
d,24,576,jitter_05,0.05,,,,,,,,,,Antuono_pressure,all_positive_pressure,,2.666480369839519e-09,2.3283064365386963e-08,3.285866512214852e-07,4.689577082217511e-08,,,1.01,0.005,0.5139470100402832,1.4861822128295898,,,,,,,,,,,,,,,,,,,,,,,,,,,,,,,,,,,,
d,24,576,jitter_05,0.05,,,,,,,,,,Antuono_pressure,mixed_sign_pressure,,0.0006164107471704483,0.004471893422305584,0.003536241827532649,0.000492038088850677,,,1.0,0.005,-0.48605799674987793,0.48618316650390625,,,,,,,,,,,,,,,,,,,,,,,,,,,,,,,,,,,,
d,32,1024,jitter_05,0.05,,,,,,,,,,physical_nu_laplacian,uniform_density,0.0,2.768488494009347e-10,4.0745362639427185e-09,3.946874471694173e-08,2.9717364125048107e-09,8.165580220520496e-05,-3.0528404712677,,,,,,,,,,,,,,,,,,,,,,,,,,,,,,,,,,,,,,,,
d,32,1024,jitter_05,0.05,,,,,,,,,,physical_nu_laplacian,density_perturbation_05,0.05,5.6445928748871665e-06,3.624462988227606e-05,0.07642419636249542,0.005748280324041843,3.996025770902634e-05,-3.0540289878845215,,,,,,,,,,,,,,,,,,,,,,,,,,,,,,,,,,,,,,,,
d,32,1024,jitter_05,0.05,,,,,,,,,,Antuono_pressure,all_positive_pressure,,2.6319266765995053e-09,2.514570951461792e-08,3.9014747699184227e-07,5.263799351951093e-08,,,1.01,0.005,0.507807731628418,1.4920592308044434,,,,,,,,,,,,,,,,,,,,,,,,,,,,,,,,,,,,
d,32,1024,jitter_05,0.05,,,,,,,,,,Antuono_pressure,mixed_sign_pressure,,0.0003597479371819645,0.002683662809431553,0.0025192764587700367,0.00033518983400426805,,,1.0,0.005,-0.49219727516174316,0.49206018447875977,,,,,,,,,,,,,,,,,,,,,,,,,,,,,,,,,,,,
d,16,256,jitter_10,0.1,,,,,,,,,,physical_nu_laplacian,uniform_density,0.0,3.113288793432645e-10,5.122274160385132e-09,2.981687075021e-08,4.716947721306042e-09,-0.0010801691096276045,-2.7638676166534424,,,,,,,,,,,,,,,,,,,,,,,,,,,,,,,,,,,,,,,,
d,16,256,jitter_10,0.1,,,,,,,,,,physical_nu_laplacian,density_perturbation_05,0.05,2.079460500681307e-05,0.00014251726679503918,0.06938304007053375,0.010964682325720787,-0.0010024644434452057,-2.7656171321868896,,,,,,,,,,,,,,,,,,,,,,,,,,,,,,,,,,,,,,,,
d,16,256,jitter_10,0.1,,,,,,,,,,Antuono_pressure,all_positive_pressure,,3.017664784721319e-09,3.166496753692627e-08,2.763314341791556e-07,4.430103572872213e-08,,,1.01,0.005,0.5250096321105957,1.4752745628356934,,,,,,,,,,,,,,,,,,,,,,,,,,,,,,,,,,,,
d,16,256,jitter_10,0.1,,,,,,,,,,Antuono_pressure,mixed_sign_pressure,,0.0012579654576256871,0.008409409783780575,0.024341093376278877,0.0038752572145313025,,,1.0,0.005,-0.47498345375061035,0.47527551651000977,,,,,,,,,,,,,,,,,,,,,,,,,,,,,,,,,,,,
d,24,576,jitter_10,0.1,,,,,,,,,,physical_nu_laplacian,uniform_density,0.0,2.8143989916351586e-10,4.889443516731262e-09,5.6258841141243465e-08,5.723333806884057e-09,-0.0022891880944371223,-2.967538356781006,,,,,,,,,,,,,,,,,,,,,,,,,,,,,,,,,,,,,,,,
d,24,576,jitter_10,0.1,,,,,,,,,,physical_nu_laplacian,density_perturbation_05,0.05,9.740450877870899e-06,6.654160097241402e-05,0.07410064339637756,0.0075300633907318115,-0.0021777646616101265,-2.9690685272216797,,,,,,,,,,,,,,,,,,,,,,,,,,,,,,,,,,,,,,,,
d,24,576,jitter_10,0.1,,,,,,,,,,Antuono_pressure,all_positive_pressure,,2.6472648517739117e-09,2.60770320892334e-08,2.2870369775773725e-07,3.102962509160534e-08,,,1.01,0.005,0.5109786987304688,1.4890074729919434,,,,,,,,,,,,,,,,,,,,,,,,,,,,,,,,,,,,
d,24,576,jitter_10,0.1,,,,,,,,,,Antuono_pressure,mixed_sign_pressure,,0.0006108626257628202,0.004675829317420721,0.01214754581451416,0.0016829639207571745,,,1.0,0.005,-0.4890263080596924,0.48900842666625977,,,,,,,,,,,,,,,,,,,,,,,,,,,,,,,,,,,,
d,32,1024,jitter_10,0.1,,,,,,,,,,physical_nu_laplacian,uniform_density,0.0,2.80232170801753e-10,4.0745362639427185e-09,6.336085078828546e-08,4.763968330934176e-09,-0.0007704102899879217,-3.0550827980041504,,,,,,,,,,,,,,,,,,,,,,,,,,,,,,,,,,,,,,,,
d,32,1024,jitter_10,0.1,,,,,,,,,,physical_nu_laplacian,density_perturbation_05,0.05,5.6181911531894e-06,3.789330366998911e-05,0.07656694203615189,0.005750926211476326,-0.0007927720434963703,-3.056299924850464,,,,,,,,,,,,,,,,,,,,,,,,,,,,,,,,,,,,,,,,
d,32,1024,jitter_10,0.1,,,,,,,,,,Antuono_pressure,all_positive_pressure,,2.6790454299430166e-09,2.9336661100387573e-08,1.0684506150937523e-06,1.36376314685549e-07,,,1.01,0.005,0.5061864852905273,1.49383544921875,,,,,,,,,,,,,,,,,,,,,,,,,,,,,,,,,,,,
d,32,1024,jitter_10,0.1,,,,,,,,,,Antuono_pressure,mixed_sign_pressure,,0.0003575216978788376,0.0027763789985328913,0.007675805129110813,0.0010188698070123792,,,1.0,0.005,-0.4938066005706787,0.4938364028930664,,,,,,,,,,,,,,,,,,,,,,,,,,,,,,,,,,,,
e,,,,,,,,,,,,,,,,,,,,,,,,,,,symplecticEuler,0.1,0.27363426001752333,0.2725317930340126,0.0011024669835107415,,,,,,,,,,,,,,,,,,,,,,,,,,,,,,,
e,,,,,,,,,,,,,,,,,,,,,,,,,,,symplecticEuler,0.05,0.2727938769852511,0.2725317930340126,0.0002620839512385009,2.0726345330762954,,,,,,,,,,,,,,,,,,,,,,,,,,,,,,
e,,,,,,,,,,,,,,,,,,,,,,,,,,,symplecticEuler,0.025,0.27259571059006876,0.2725317930340126,6.391755605617e-05,2.0357448609383786,,,,,,,,,,,,,,,,,,,,,,,,,,,,,,
e,,,,,,,,,,,,,,,,,,,,,,,,,,,symplecticEuler,0.0125,0.2725475772689847,0.2725317930340126,1.5784234972116007e-05,2.017727908586886,,,,,,,,,,,,,,,,,,,,,,,,,,,,,,
f,,,,,,,,,,,,,,,,,,,,,,,,,,,,,,,,,20,True,0,True,D_FAIL,True,STAGE01D2_V2_REQUALIFICATION_FAIL,False,GCI not justified,9.337695248846364,True,True,True,True,False,sph-pio-poc.stage01d2.evaluation.v1,"{""S1"":true,""S2"":true,""S3"":true,""S4"":true,""S5"":true,""S6"":true}",True,1.1113178279945766,0.5115416951943935,False,"{""T1"":true,""T2"":true,""T3"":true,""T4"":true}","[0.0011930012666233614,0.0011847299148405321,0.0011826622109748497,0.0011821416163716458]",True,0.0005764696297120209,3.467093406791847e-05,"[0.0,4.325553607889294e-06,6.124493903609106e-05,0.00010137881986811249,2.1291833913134767e-05,0.00015151280268689755,0.00018092941491002298,4.952194322332833e-05,0.0002692389165395034,0.00023720883963643534,0.00011891686197085355,0.0003910976959648559,0.00022941519446813835,0.0002574376120192454,0.0005017397937326255,0.0001650308369055372,0.00042309265397195956,0.0005620749451329655,5.154562112070102e-05,0.0006050796540816517,0.0005764696297120209]","[0.0,3.744081395076287e-07,3.968166624766478e-06,6.0994249018496045e-06,1.061134978624337e-06,9.935036217101293e-06,1.0937880358750348e-05,3.644845709340696e-06,1.7139644685461167e-05,1.39256499546358e-05,8.68137112792172e-06,2.4677584472576773e-05,1.3095268601190847e-05,1.7376457651865478e-05,3.102099960202864e-05,8.557372872988206e-06,2.7734686805487688e-05,3.44275251220365e-05,2.7030740964069558e-06,3.8629320154088427e-05,3.467093406791847e-05]","[0.015718080795089264,0.015156228567847272,0.015019148461665084,0.01498544527448892]",False
