particle_i,particle_j,time_before,time_after,estimated_event_time,ratio_before,ratio_after,added,reciprocal,evaluation_ratio_before,evaluation_ratio_after,directed_edge_before,reverse_edge_before,directed_edge_after,reverse_edge_after,pressure_before_l2,pressure_after_l2,viscosity_before_l2,viscosity_after_l2,pair_total_max_l2,aggregated_rhs_jump_linf
5,9,0.005,0.006,0.00563300441333479,0.9982905535941966,1.0009910844260095,False,True,0.9999999999729942,1.0000000000270048,True,True,False,False,1.877530926535403e-52,0.0,5.946333042282955e-53,0.0,1.2836840503432425e-52,4.735238867681346e-10
6,10,0.005,0.006,0.005632092540050856,0.9982924911255441,1.000993851733965,False,True,0.9999999999729863,1.0000000000270133,True,True,False,False,1.347370235746529e-52,0.0,5.954944388576834e-53,0.0,7.525085993815623e-53,4.743210268998155e-10
16,208,0.005,0.006,0.005632092540051559,0.9982924911255423,1.000993851733963,False,True,0.9999999999729863,1.0000000000270133,True,True,False,False,1.3473702357465315e-52,0.0,5.9549443885768815e-53,0.0,7.5250859938156e-53,4.73990624527687e-10
31,223,0.005,0.006,0.0056330044133345,0.9982905535941966,1.0009910844260104,False,True,0.9999999999729939,1.0000000000270048,True,True,False,False,1.8788786510030063e-52,0.0,5.950601423923577e-53,0.0,1.2846055011585536e-52,4.738534009618434e-10
32,224,0.005,0.006,0.0056330044133345,0.9982905535941966,1.0009910844260104,False,True,0.9999999999729939,1.0000000000270048,True,True,False,False,1.8776081139956072e-52,0.0,5.94657750288582e-53,0.0,1.283736824074123e-52,4.738534009618434e-10
47,239,0.005,0.006,0.005632092540051559,0.9982924911255423,1.000993851733963,False,True,0.9999999999729863,1.0000000000270133,True,True,False,False,1.3482820949288293e-52,0.0,5.958974513759885e-53,0.0,7.530178743070313e-53,4.73990624527687e-10
87,151,0.005,0.006,0.00563300441333479,0.9982905535941966,1.0009910844260095,False,True,0.9999999999729942,1.0000000000270048,True,True,False,False,1.877530926536386e-52,0.0,5.94633304228296e-53,0.0,1.2836840503442247e-52,4.735238867681346e-10
88,152,0.005,0.006,0.005632092540050856,0.9982924911255441,1.000993851733965,False,True,0.9999999999729863,1.0000000000270133,True,True,False,False,1.3482820949244311e-52,0.0,5.958974513759854e-53,0.0,7.530178743026379e-53,4.743210268998155e-10
103,167,0.005,0.006,0.005632092540050856,0.9982924911255441,1.000993851733965,False,True,0.9999999999729863,1.0000000000270133,True,True,False,False,1.3473702357416447e-52,0.0,5.954944388576864e-53,0.0,7.525085993766766e-53,4.743210268998155e-10
104,168,0.005,0.006,0.00563300441333479,0.9982905535941966,1.0009910844260095,False,True,0.9999999999729939,1.0000000000270048,True,True,False,False,1.8788786510030063e-52,0.0,5.950601423923555e-53,0.0,1.2846055011585555e-52,4.735238867681346e-10
113,125,0.005,0.006,0.005632092540051559,0.9982924911255423,1.000993851733963,False,True,0.9999999999729863,1.0000000000270133,True,True,False,False,1.347370235744091e-52,0.0,5.954944388576908e-53,0.0,7.525085993791173e-53,4.73990624527687e-10
114,126,0.005,0.006,0.0056330044133345,0.9982905535941966,1.0009910844260104,False,True,0.9999999999729939,1.0000000000270048,True,True,False,False,1.8776081139951258e-52,0.0,5.946577502885818e-53,0.0,1.2837368240736414e-52,4.738534009618434e-10
129,141,0.005,0.006,0.005633004413334391,0.998290553594197,1.0009910844260108,False,True,0.9999999999729939,1.0000000000270048,True,True,False,False,1.878878651001548e-52,0.0,5.950601423923591e-53,0.0,1.2846055011570944e-52,4.737161773959997e-10
130,142,0.005,0.006,0.005632092540051559,0.9982924911255423,1.000993851733963,False,True,0.9999999999729863,1.0000000000270133,True,True,False,False,1.348282094925409e-52,0.0,5.958974513759897e-53,0.0,7.530178743036108e-53,4.73990624527687e-10
245,249,0.005,0.006,0.005632092540050856,0.9982924911255441,1.000993851733965,False,True,0.9999999999729863,1.0000000000270133,True,True,False,False,1.3482820949273616e-52,0.0,5.958974513759834e-53,0.0,7.530178743055694e-53,4.743210268998155e-10
246,250,0.005,0.006,0.00563300441333479,0.9982905535941966,1.0009910844260095,False,True,0.9999999999729939,1.0000000000270048,True,True,False,False,1.8788786510039763e-52,0.0,5.950601423923546e-53,0.0,1.2846055011595267e-52,4.735238867681346e-10
0,192,0.006,0.007,0.006660614790471087,0.9984946964184622,1.0007733507103835,False,True,0.9999999999772136,1.0000000000227864,True,True,False,False,3.6292569341209976e-53,0.0,2.1603134988685866e-53,0.0,1.509712066595937e-53,5.530393920594179e-10
1,29,0.006,0.007,0.006685326606268225,1.0015373273399655,0.9992942425244142,True,True,1.0000000000224294,0.9999999999775712,False,False,True,True,0.0,6.171472098583811e-54,0.0,2.0889885465956313e-53,1.5300484769834848e-53,5.547891035462271e-10
1,253,0.006,0.007,0.006213379347733365,1.000513372080165,0.9981080235365352,True,True,1.0000000000240583,0.999999999975943,False,False,True,True,0.0,1.6612140879740098e-52,0.0,3.3190860043409114e-53,1.9640237981540177e-52,5.963149973808868e-10
2,30,0.006,0.007,0.006752035711114585,1.001668961187475,0.9994499095373343,True,True,1.0000000000221867,0.9999999999778134,False,False,True,True,0.0,3.293974673662306e-53,0.0,2.1108105422650613e-53,5.227348793305759e-53,5.623603804849608e-10
2,254,0.006,0.007,0.006213379347733365,1.000513372080165,0.9981080235365352,True,True,1.0000000000240579,0.999999999975943,False,False,True,True,0.0,1.6609906402266205e-52,0.0,3.318639558398383e-53,1.963759619866267e-52,5.963149973808868e-10
4,8,0.006,0.007,0.006664885911422828,0.998486798943791,1.0007626954708957,False,True,0.9999999999772405,1.0000000000227591,True,True,False,False,1.0121984180162098e-52,0.0,2.1476173397260404e-53,0.0,7.998765187762232e-53,5.530784719098847e-10
7,11,0.006,0.007,0.006660614790470058,0.9984946964184646,1.0007733507103855,False,True,0.9999999999772131,1.0000000000227869,True,True,False,False,3.6296106042695774e-53,0.0,2.1605240208578378e-53,0.0,1.509859187647751e-53,5.520810475445614e-10
13,17,0.006,0.007,0.0067718507068555535,1.0017034679051378,0.9994966724731896,True,True,1.0000000000220632,0.9999999999779374,False,False,True,True,0.0,8.545249207184138e-53,0.0,2.0549432083785685e-53,1.0364520041935142e-52,5.643419065393118e-10
13,241,0.006,0.007,0.0061994022184179605,1.0004819695705038,0.9980654496795438,True,True,1.0000000000241693,0.9999999999758307,False,False,True,True,0.0,1.547390724195774e-53,0.0,3.3970945723197955e-53,4.836574841949371e-53,5.975460126705912e-10
14,18,0.006,0.007,0.0066983367197994146,1.0015607103466875,0.9993259336232705,True,True,1.0000000000223468,0.9999999999776533,False,False,True,True,0.0,1.3122774019991439e-52,0.0,2.0540837279459446e-53,1.5049595796612997e-52,5.564939620228415e-10
14,242,0.006,0.007,0.0061994022184179605,1.0004819695705038,0.9980654496795438,True,True,1.0000000000241693,0.9999999999758307,False,False,True,True,0.0,1.5471824458337984e-53,0.0,3.3966373243455884e-53,4.8359238403303e-53,5.975460126705912e-10
15,207,0.006,0.007,0.0066648859114226315,0.9984867989437919,1.0007626954708957,False,True,0.999999999977241,1.0000000000227587,True,True,False,False,1.0126801696509115e-52,0.0,2.148639489286108e-53,0.0,8.002572166841347e-53,5.526934465649447e-10
17,209,0.006,0.007,0.006628074011909062,0.998555113924281,1.000855631967238,False,True,0.9999999999769943,1.0000000000230047,True,True,False,False,3.7748155709431647e-53,0.0,2.286521903137196e-53,0.0,1.5317014358712996e-53,5.514628753644502e-10
21,25,0.006,0.007,0.006632265270710654,0.9985472167611338,1.0008449772751287,False,True,0.9999999999770223,1.0000000000229774,True,True,False,False,1.0577310979133905e-52,0.0,2.2727190231918213e-53,0.0,8.329998715895428e-53,5.513367540288527e-10
22,26,0.006,0.007,0.0066280740119085595,0.9985551139242823,1.0008556319672393,False,True,0.9999999999769945,1.0000000000230052,True,True,False,False,3.7746334071914163e-53,0.0,2.2864115609468163e-53,0.0,1.5316275195526667e-53,5.521290091792252e-10
22,215,0.006,0.007,0.006771850706855624,1.0017034679051384,0.9994966724731903,True,True,1.000000000022064,0.9999999999779372,False,False,True,True,0.0,8.535627223601247e-53,0.0,2.0526293343956107e-53,1.0352849552371488e-52,5.643894240847658e-10
23,214,0.006,0.007,0.006685326606268577,1.0015373273399657,0.9992942425244147,True,True,1.0000000000224296,0.9999999999775705,False,False,True,True,0.0,6.172388613163824e-54,0.0,2.089298778596624e-53,1.5302757017681255e-53,5.551310522378117e-10
23,216,0.006,0.007,0.006213379347733365,1.000513372080165,0.9981080235365349,True,True,1.000000000024058,0.999999999975943,False,False,True,True,0.0,1.6612140879718217e-52,0.0,3.3190860043409197e-53,1.964023798151838e-52,5.963149973808868e-10
24,215,0.006,0.007,0.0061994022184178686,1.0004819695705038,0.998065449679544,True,True,1.0000000000241691,0.9999999999758307,False,False,True,True,0.0,1.5471824458197736e-53,0.0,3.3966373243455944e-53,4.835923840316957e-53,5.97558447168467e-10
24,217,0.006,0.007,0.0066983367197994146,1.0015607103466873,0.9993259336232703,True,True,1.0000000000223466,0.9999999999776542,False,False,True,True,0.0,1.312016637576663e-52,0.0,2.053675558182575e-53,1.5046605271019768e-52,5.564939620228415e-10
25,216,0.006,0.007,0.006752035711114491,1.0016689611874747,0.9994499095373343,True,True,1.0000000000221865,0.9999999999778134,False,False,True,True,0.0,3.2978552523794107e-53,0.0,2.1132972543054096e-53,5.233507049060128e-53,5.623705945367874e-10
30,222,0.006,0.007,0.006632265270710505,0.9985472167611342,1.0008449772751287,False,True,0.9999999999770218,1.0000000000229776,True,True,False,False,1.0598727998716328e-52,0.0,2.2773208419294235e-53,0.0,8.346865360540756e-53,5.511666678614802e-10
33,225,0.006,0.007,0.006632265270710505,0.9985472167611342,1.0008449772751287,False,True,0.9999999999770218,1.0000000000229776,True,True,False,False,1.0578333153870517e-52,0.0,2.2729386551947585e-53,0.0,8.330803713898557e-53,5.511666678614802e-10
38,231,0.006,0.007,0.0066983367197994146,1.0015607103466875,0.9993259336232703,True,True,1.0000000000223466,0.9999999999776538,False,False,True,True,0.0,1.3102782933362904e-52,0.0,2.0509545598535116e-53,1.5026669411320063e-52,5.564939620228415e-10
39,230,0.006,0.007,0.006752035711114491,1.0016689611874747,0.9994499095373343,True,True,1.0000000000221865,0.9999999999778134,False,False,True,True,0.0,3.293974673651355e-53,0.0,2.1108105422650715e-53,5.227348793295043e-53,5.623705945367874e-10
39,232,0.006,0.007,0.006213379347733365,1.000513372080165,0.9981080235365349,True,True,1.0000000000240576,0.999999999975943,False,False,True,True,0.0,1.660990640224706e-52,0.0,3.3186395583983943e-53,1.9637596198643604e-52,5.963149973808868e-10
40,231,0.006,0.007,0.0061994022184178686,1.0004819695705038,0.998065449679544,True,True,1.0000000000241691,0.9999999999758307,False,False,True,True,0.0,1.5473907241789445e-53,0.0,3.3970945723198006e-53,4.836574841933358e-53,5.97558447168467e-10
40,233,0.006,0.007,0.006771850706855624,1.0017034679051384,0.9994966724731903,True,True,1.000000000022064,0.9999999999779368,False,False,True,True,0.0,8.546539315765847e-53,0.0,2.0552534509236838e-53,1.0366084812712725e-52,5.643894240847658e-10
41,232,0.006,0.007,0.006685326606268577,1.0015373273399657,0.9992942425244147,True,True,1.0000000000224292,0.9999999999775705,False,False,True,True,0.0,6.181199474765393e-54,0.0,2.092281177097069e-53,1.5324601150358769e-53,5.551310522378117e-10
46,238,0.006,0.007,0.006628074011909062,0.998555113924281,1.000855631967238,False,True,0.9999999999769947,1.0000000000230047,True,True,False,False,3.7817311195603536e-53,0.0,2.2907108636481697e-53,0.0,1.534507548002921e-53,5.514628753644502e-10
48,240,0.006,0.007,0.0066648859114226315,0.9984867989437919,1.0007626954708957,False,True,0.9999999999772405,1.0000000000227591,True,True,False,False,1.012198418014968e-52,0.0,2.1476173397260404e-53,0.0,7.998765187749823e-53,5.526934465649447e-10
63,255,0.006,0.007,0.006660614790471087,0.9984946964184622,1.0007733507103835,False,True,0.9999999999772136,1.0000000000227869,True,True,False,False,3.631339326789287e-53,0.0,2.161553042132169e-53,0.0,1.5105783081991678e-53,5.530393920594179e-10
71,135,0.006,0.007,0.006664885911422869,0.998486798943791,1.0007626954708957,False,True,0.9999999999772408,1.0000000000227591,True,True,False,False,1.012149043205572e-52,0.0,2.14751257943768e-53,0.0,7.998375009798349e-53,5.526694657476128e-10
72,136,0.006,0.007,0.006660614790470058,0.9984946964184646,1.0007733507103855,False,True,0.9999999999772131,1.0000000000227867,True,True,False,False,3.6316931998539512e-53,0.0,2.1617636849145924e-53,0.0,1.5107255136536545e-53,5.520810475445614e-10
80,145,0.006,0.007,0.006752035711114586,1.0016689611874743,0.9994499095373343,True,True,1.0000000000221863,0.9999999999778136,False,False,True,True,0.0,3.2938098455550446e-53,0.0,2.1107049188235642e-53,5.227087220547635e-53,5.621285659174191e-10
80,159,0.006,0.007,0.006213379347734411,1.000513372080167,0.9981080235365378,True,True,1.0000000000240579,0.9999999999759426,False,False,True,True,0.0,1.6611439544196731e-52,0.0,3.3189458783345104e-53,1.9639408805032998e-52,5.965943294938825e-10
81,144,0.006,0.007,0.006698336719798844,1.0015607103466861,0.9993259336232686,True,True,1.0000000000223461,0.9999999999776538,False,False,True,True,0.0,1.310278293338747e-52,0.0,2.050954559853504e-53,1.5026669411344588e-52,5.567302174824817e-10
86,150,0.006,0.007,0.006632265270710654,0.9985472167611338,1.0008449772751287,False,True,0.9999999999770223,1.0000000000229774,True,True,False,False,1.0577310979155634e-52,0.0,2.2727190231918083e-53,0.0,8.329998715917149e-53,5.513367540288527e-10
89,153,0.006,0.007,0.0066280740119085595,0.9985551139242823,1.0008556319672393,False,True,0.9999999999769943,1.0000000000230052,True,True,False,False,3.7820961427184526e-53,0.0,2.2909319693996353e-53,0.0,1.5346556629232424e-53,5.521290091792252e-10
94,159,0.006,0.007,0.006685326606268347,1.0015373273399655,0.9992942425244142,True,True,1.0000000000224296,0.9999999999775707,False,False,True,True,0.0,6.180893521735261e-54,0.0,2.092177614714212e-53,1.5323842623153196e-53,5.552172055445226e-10
95,144,0.006,0.007,0.0061994022184169075,1.0004819695705016,0.9980654496795414,True,True,1.0000000000241693,0.9999999999758309,False,False,True,True,0.0,1.547319645807704e-53,0.0,3.396938528986624e-53,4.836352677024784e-53,5.978049166799337e-10
95,158,0.006,0.007,0.006771850706855235,1.001703467905138,0.999496672473189,True,True,1.0000000000220632,0.9999999999779368,False,False,True,True,0.0,8.546539315769376e-53,0.0,2.0552534509236787e-53,1.0366084812716229e-52,5.645581779845088e-10
96,161,0.006,0.007,0.006685326606268347,1.0015373273399655,0.9992942425244142,True,True,1.0000000000224298,0.9999999999775712,False,False,True,True,0.0,6.171472098680531e-54,0.0,2.088988546595625e-53,1.530048476975069e-53,5.552172055445226e-10
96,175,0.006,0.007,0.006213379347734411,1.000513372080167,0.9981080235365378,True,True,1.0000000000240579,0.9999999999759424,False,False,True,True,0.0,1.661444094446608e-52,0.0,3.31954555454064e-53,1.964295730705849e-52,5.965943294938825e-10
97,109,0.006,0.007,0.006628074011909062,0.998555113924281,1.000855631967238,False,True,0.9999999999769943,1.0000000000230047,True,True,False,False,3.7748155709541467e-53,0.0,2.2865219031371984e-53,0.0,1.5317014358821004e-53,5.514628753644502e-10
97,160,0.006,0.007,0.006771850706855235,1.001703467905138,0.999496672473189,True,True,1.0000000000220632,0.9999999999779368,False,False,True,True,0.0,8.53648630160367e-53,0.0,2.0528359236317856e-53,1.0353891526801711e-52,5.645581779845088e-10
98,110,0.006,0.007,0.006632265270710505,0.9985472167611342,1.0008449772751287,False,True,0.9999999999770218,1.0000000000229776,True,True,False,False,1.0578333153891173e-52,0.0,2.2729386551947428e-53,0.0,8.33080371391921e-53,5.511666678614802e-10
101,121,0.006,0.007,0.006698336719798844,1.0015607103466861,0.9993259336232686,True,True,1.0000000000223461,0.9999999999776538,False,False,True,True,0.0,1.3102782933387436e-52,0.0,2.0509545598535095e-53,1.5026669411344568e-52,5.567302174824817e-10
102,122,0.006,0.007,0.006771850706855461,1.0017034679051386,0.9994966724731896,True,True,1.0000000000220637,0.9999999999779368,False,False,True,True,0.0,8.536486301596572e-53,0.0,2.0528359236317883e-53,1.0353891526794658e-52,5.64453817020194e-10
102,166,0.006,0.007,0.0066280740119085595,0.9985551139242823,1.0008556319672393,False,True,0.9999999999769945,1.0000000000230052,True,True,False,False,3.774633407198021e-53,0.0,2.286411560946817e-53,0.0,1.5316275195591662e-53,5.521290091792252e-10
105,117,0.006,0.007,0.006752035711114475,1.0016689611874743,0.9994499095373343,True,True,1.0000000000221865,0.9999999999778139,False,False,True,True,0.0,3.2975252143945677e-53,0.0,2.1130857627891296e-53,5.232983297704631e-53,5.624403165427339e-10
105,169,0.006,0.007,0.006632265270710654,0.9985472167611338,1.0008449772751287,False,True,0.9999999999770223,1.0000000000229776,True,True,False,False,1.0597703853257425e-52,0.0,2.277100786479739e-53,0.0,8.34605881052835e-53,5.513367540288527e-10
106,118,0.006,0.007,0.006685326606268596,1.0015373273399657,0.9992942425244147,True,True,1.0000000000224294,0.9999999999775707,False,False,True,True,0.0,6.180893521812458e-54,0.0,2.0921776147142205e-53,1.5323842623086187e-53,5.550870874060365e-10
110,175,0.006,0.007,0.006752035711114586,1.0016689611874743,0.9994499095373343,True,True,1.0000000000221863,0.9999999999778134,False,False,True,True,0.0,3.297855252402277e-53,0.0,2.1132972543053933e-53,5.233507049082503e-53,5.621285659174191e-10
111,160,0.006,0.007,0.0061994022184169075,1.0004819695705016,0.9980654496795414,True,True,1.0000000000241698,0.9999999999758307,False,False,True,True,0.0,1.5471824458337933e-53,0.0,3.396637324345587e-53,4.835923840330294e-53,5.978049166799337e-10
111,174,0.006,0.007,0.006698336719798844,1.0015607103466861,0.9993259336232686,True,True,1.0000000000223461,0.999999999977654,False,False,True,True,0.0,1.3120818247980838e-52,0.0,2.0537775945397717e-53,1.5047352857869319e-52,5.567302174824817e-10
112,124,0.006,0.007,0.006660614790471087,0.9984946964184622,1.0007733507103835,False,True,0.9999999999772136,1.0000000000227864,True,True,False,False,3.6292569341095166e-53,0.0,2.160313498868602e-53,0.0,1.5097120665846207e-53,5.530393920594179e-10
115,127,0.006,0.007,0.0066648859114226315,0.9984867989437919,1.0007626954708957,False,True,0.9999999999772405,1.0000000000227591,True,True,False,False,1.0121984180143481e-52,0.0,2.1476173397260316e-53,0.0,7.998765187743634e-53,5.526934465649447e-10
117,137,0.006,0.007,0.006213379347734411,1.000513372080167,0.9981080235365376,True,True,1.0000000000240579,0.9999999999759426,False,False,True,True,0.0,1.6611439544199465e-52,0.0,3.318945878334519e-53,1.9639408805035746e-52,5.962270677173365e-10
118,138,0.006,0.007,0.006213379347734411,1.000513372080167,0.9981080235365376,True,True,1.0000000000240579,0.9999999999759424,False,False,True,True,0.0,1.6614440944460604e-52,0.0,3.3195455545406414e-53,1.9642957307053043e-52,5.962270677173365e-10
119,183,0.006,0.007,0.006660614790470058,0.9984946964184646,1.0007733507103855,False,True,0.9999999999772131,1.0000000000227869,True,True,False,False,3.629610604264362e-53,0.0,2.160524020857847e-53,0.0,1.509859187642606e-53,5.520810475445614e-10
120,184,0.006,0.007,0.006664885911422853,0.998486798943791,1.0007626954708957,False,True,0.999999999977241,1.0000000000227591,True,True,False,False,1.0126801696515326e-52,0.0,2.1486394892861053e-53,0.0,8.0025721668475545e-53,5.528337787552573e-10
121,133,0.006,0.007,0.006199402218416707,1.0004819695705012,0.9980654496795411,True,True,1.0000000000241698,0.9999999999758311,False,False,True,True,0.0,1.5470403107811109e-53,0.0,3.396325285419519e-53,4.835479578429441e-53,5.978209038914883e-10
122,134,0.006,0.007,0.006199402218416707,1.0004819695705012,0.9980654496795411,True,True,1.0000000000241698,0.9999999999758311,False,False,True,True,0.0,1.5472485700203907e-53,0.0,3.396782491387717e-53,4.836130520253609e-53,5.978209038914883e-10
128,140,0.006,0.007,0.0066648859114226315,0.9984867989437919,1.0007626954708957,False,True,0.999999999977241,1.0000000000227587,True,True,False,False,1.0126801696498757e-52,0.0,2.1486394892861076e-53,0.0,8.002572166830994e-53,5.526934465649447e-10
131,143,0.006,0.007,0.006660614790471087,0.9984946964184622,1.0007733507103835,False,True,0.9999999999772136,1.0000000000227869,True,True,False,False,3.6313393267767546e-53,0.0,2.1615530421321715e-53,0.0,1.5105783081868296e-53,5.530393920594179e-10
133,153,0.006,0.007,0.006771850706855461,1.0017034679051386,0.9994966724731896,True,True,1.0000000000220637,0.9999999999779368,False,False,True,True,0.0,8.54653931575785e-53,0.0,2.0552534509236875e-53,1.0366084812704778e-52,5.64453817020194e-10
134,154,0.006,0.007,0.006698336719798763,1.0015607103466861,0.9993259336232686,True,True,1.0000000000223461,0.999999999977654,False,False,True,True,0.0,1.312081824798083e-52,0.0,2.0537775945397768e-53,1.504735285786932e-52,5.566542782275974e-10
137,149,0.006,0.007,0.006685326606268596,1.0015373273399657,0.9992942425244147,True,True,1.0000000000224296,0.9999999999775705,False,False,True,True,0.0,6.172388613202424e-54,0.0,2.0892987785966164e-53,1.5302757017647624e-53,5.550870874060365e-10
138,150,0.006,0.007,0.006752035711114475,1.0016689611874743,0.9994499095373343,True,True,1.0000000000221863,0.9999999999778139,False,False,True,True,0.0,3.293645024025106e-53,0.0,2.1105992996103753e-53,5.226825658240147e-53,5.624403165427339e-10
145,157,0.006,0.007,0.006632265270710505,0.9985472167611342,1.0008449772751287,False,True,0.9999999999770218,1.0000000000229776,True,True,False,False,1.0598727998741384e-52,0.0,2.2773208419294063e-53,0.0,8.346865360565807e-53,5.511666678614802e-10
146,158,0.006,0.007,0.006628074011909062,0.998555113924281,1.000855631967238,False,True,0.9999999999769947,1.0000000000230047,True,True,False,False,3.781731119566969e-53,0.0,2.2907108636481665e-53,0.0,1.5345075480094306e-53,5.514628753644502e-10
225,253,0.006,0.007,0.006752035711114585,1.001668961187475,0.9994499095373343,True,True,1.0000000000221867,0.9999999999778134,False,False,True,True,0.0,3.297855252389459e-53,0.0,2.113297254305402e-53,5.233507049069964e-53,5.623603804849608e-10
226,254,0.006,0.007,0.006685326606268225,1.0015373273399655,0.9992942425244142,True,True,1.0000000000224294,0.9999999999775709,False,False,True,True,0.0,6.180587580819834e-54,0.0,2.0920740564322785e-53,1.5323084125984757e-53,5.547891035462271e-10
229,233,0.006,0.007,0.0066280740119085595,0.9985551139242823,1.0008556319672393,False,True,0.9999999999769943,1.0000000000230052,True,True,False,False,3.78209614270198e-53,0.0,2.290931969399638e-53,0.0,1.5346556629070413e-53,5.521290091792252e-10
230,234,0.006,0.007,0.006632265270710654,0.9985472167611338,1.0008449772751287,False,True,0.9999999999770223,1.0000000000229776,True,True,False,False,1.0597703853241115e-52,0.0,2.2771007864797537e-53,0.0,8.346058810512042e-53,5.513367540288527e-10
237,241,0.006,0.007,0.0066983367197994146,1.0015607103466875,0.9993259336232705,True,True,1.0000000000223468,0.9999999999776542,False,False,True,True,0.0,1.310148101986486e-52,0.0,2.0507507737235711e-53,1.5025176337380208e-52,5.564939620228415e-10
238,242,0.006,0.007,0.0067718507068555535,1.0017034679051378,0.9994966724731896,True,True,1.0000000000220632,0.9999999999779374,False,False,True,True,0.0,8.535197710537076e-53,0.0,2.052526046014811e-53,1.035232859661537e-52,5.643419065393118e-10
244,248,0.006,0.007,0.006660614790470058,0.9984946964184646,1.0007733507103855,False,True,0.9999999999772131,1.0000000000227867,True,True,False,False,3.631693199865449e-53,0.0,2.161763684914586e-53,0.0,1.5107255136649794e-53,5.520810475445614e-10
247,251,0.006,0.007,0.006664885911422869,0.998486798943791,1.0007626954708957,False,True,0.999999999977241,1.0000000000227591,True,True,False,False,1.0126801696519458e-52,0.0,2.148639489286109e-53,0.0,8.002572166851682e-53,5.526694657476128e-10
0,28,0.007,0.008,0.007778338595624251,1.0015055032741091,0.9995712624481343,True,True,1.0000000000193427,0.999999999980658,False,False,True,True,0.0,1.79652387224436e-53,0.0,8.12048075885102e-54,1.0045098822540314e-53,6.379106132214929e-10
0,252,0.007,0.008,0.007313853638417709,1.0006431867040744,0.9985942256227506,True,True,1.0000000000204918,0.9999999999795082,False,False,True,True,0.0,6.978140937928836e-53,0.0,1.2682720851656998e-53,8.1327546283042925e-53,6.591456269688933e-10
1,193,0.007,0.008,0.007831590781446173,0.9983840179709841,1.000327318249817,False,True,0.9999999999805647,1.0000000000194351,True,True,False,False,1.1592728599556651e-53,0.0,8.973627068514239e-54,0.0,2.0154504284316995e-53,6.441820410429955e-10
3,255,0.007,0.008,0.007313853638417709,1.0006431867040744,0.9985942256227506,True,True,1.0000000000204923,0.9999999999795084,False,False,True,True,0.0,6.975090252611953e-53,0.0,1.2677176253071531e-53,8.129199172007307e-53,6.591456269688933e-10
7,198,0.007,0.008,0.007778338595624205,1.0015055032741091,0.9995712624481339,True,True,1.0000000000193414,0.9999999999806574,False,False,True,True,0.0,1.7968332532340913e-53,0.0,8.121879194155343e-54,1.0046828698013415e-53,6.379119454891224e-10
7,200,0.007,0.008,0.007313853638417709,1.0006431867040744,0.9985942256227504,True,True,1.0000000000204918,0.9999999999795082,False,False,True,True,0.0,6.9781409379214765e-53,0.0,1.2682720851656975e-53,8.132754628296956e-53,6.591456269688933e-10
8,199,0.007,0.008,0.007294697357969107,1.0006071122669444,0.9985473447290836,True,True,1.0000000000205997,0.9999999999794006,False,False,True,True,0.0,1.1932947511563548e-53,0.0,1.3013284587200645e-53,2.431252120051619e-53,6.612297376307197e-10
8,201,0.007,0.008,0.007785892428307269,1.0015173261039487,0.9995866341721332,True,True,1.0000000000193068,0.9999999999806937,False,False,True,True,0.0,7.818070221577915e-53,0.0,8.058565156598533e-54,8.612554669422615e-53,6.389080375868161e-10
12,240,0.007,0.008,0.007294697357969107,1.0006071122669438,0.998547344729084,True,True,1.0000000000205997,0.9999999999794004,False,False,True,True,0.0,1.193816584672325e-53,0.0,1.3018975358867554e-53,2.4323153182530402e-53,6.612297376307197e-10
14,206,0.007,0.008,0.00785114938345587,0.9983536109662662,1.0002879778148699,False,True,0.9999999999806536,1.0000000000193456,True,True,False,False,7.2270051474128005e-53,0.0,8.785077772663698e-54,0.0,6.432902391984926e-53,6.462719248645499e-10
15,19,0.007,0.008,0.00778589242830714,1.0015173261039485,0.9995866341721326,True,True,1.0000000000193066,0.9999999999806941,False,False,True,True,0.0,7.817171096746153e-53,0.0,8.057638373413771e-54,8.611564174128183e-53,6.389284656904692e-10
15,243,0.007,0.008,0.007294697357969107,1.0006071122669438,0.998547344729084,True,True,1.0000000000205997,0.9999999999794004,False,False,True,True,0.0,1.193359066193853e-53,0.0,1.3013985964516667e-53,2.4313831573075145e-53,6.612297376307197e-10
20,24,0.007,0.008,0.007851149383455163,0.9983536109662672,1.0002879778148712,False,True,0.9999999999806536,1.0000000000193456,True,True,False,False,7.21521803268043e-53,0.0,8.770749469642646e-54,0.0,6.422410444489999e-53,6.46351416833113e-10
23,27,0.007,0.008,0.007831590781446275,0.9983840179709841,1.000327318249817,False,True,0.9999999999805647,1.0000000000194353,True,True,False,False,1.1592728599570607e-53,0.0,8.973627068514157e-54,0.0,2.0154504284330633e-53,6.440008526453767e-10
49,241,0.007,0.008,0.00785114938345587,0.9983536109662662,1.0002879778148699,False,True,0.9999999999806536,1.0000000000193456,True,True,False,False,7.215218032673096e-53,0.0,8.77074946964259e-54,0.0,6.422410444482682e-53,6.462719248645499e-10
54,247,0.007,0.008,0.007785892428307269,1.0015173261039487,0.9995866341721334,True,True,1.0000000000193068,0.9999999999806939,False,False,True,True,0.0,7.806242838836318e-53,0.0,8.046373946779011e-54,8.599525369663062e-53,6.389080375868161e-10
55,248,0.007,0.008,0.007313853638417709,1.0006431867040744,0.9985942256227504,True,True,1.0000000000204923,0.9999999999795082,False,False,True,True,0.0,6.975468166983855e-53,0.0,1.267786310974497e-53,8.129639616661811e-53,6.591456269688933e-10
56,247,0.007,0.008,0.007294697357969107,1.0006071122669444,0.9985473447290836,True,True,1.0000000000205997,0.9999999999794004,False,False,True,True,0.0,1.1938165846641225e-53,0.0,1.301897535886756e-53,2.4323153182450673e-53,6.612297376307197e-10
57,248,0.007,0.008,0.007778338595624205,1.0015055032741091,0.9995712624481339,True,True,1.0000000000193414,0.9999999999806574,False,False,True,True,0.0,1.7994555092231882e-53,0.0,8.133732072722428e-54,1.0061490802402296e-53,6.379119454891224e-10
62,254,0.007,0.008,0.007831590781446173,0.9983840179709841,1.000327318249817,False,True,0.9999999999805642,1.0000000000194351,True,True,False,False,1.161301438468351e-53,0.0,8.989329762559773e-54,0.0,2.0189772076500219e-53,6.441820410429955e-10
64,143,0.007,0.008,0.007313853638418032,1.0006431867040748,0.9985942256227508,True,True,1.0000000000204918,0.9999999999795088,False,False,True,True,0.0,6.974334472961596e-53,0.0,1.267580262903403e-53,8.128318339922449e-53,6.59901910893268e-10
65,128,0.007,0.008,0.007785892428306273,1.0015173261039463,0.9995866341721312,True,True,1.0000000000193066,0.9999999999806934,False,False,True,True,0.0,7.8071406963759595e-53,0.0,8.047299423693467e-54,8.600514468881723e-53,6.38872954539238e-10
70,134,0.007,0.008,0.007851149383455306,0.998353610966267,1.0002879778148708,False,True,0.9999999999806536,1.0000000000193456,True,True,False,False,7.215218032688701e-53,0.0,8.770749469642544e-54,0.0,6.42241044449826e-53,6.462328450140831e-10
73,137,0.007,0.008,0.007831590781446266,0.9983840179709841,1.000327318249817,False,True,0.9999999999805647,1.0000000000194356,True,True,False,False,1.1611687713671336e-53,0.0,8.988302821364379e-54,0.0,2.0187465596534067e-53,6.438498623140276e-10
78,143,0.007,0.008,0.007778338595624726,1.00150550327411,0.9995712624481352,True,True,1.0000000000193425,0.999999999980658,False,False,True,True,0.0,1.7991456767366132e-53,0.0,8.13233159657462e-54,1.005975840245389e-53,6.379106132214929e-10
79,128,0.007,0.008,0.007294697357968839,1.0006071122669433,0.9985473447290831,True,True,1.0000000000205997,0.9999999999794004,False,False,True,True,0.0,1.1938165846590699e-53,0.0,1.3018975358867554e-53,2.432315318240152e-53,6.612244085602015e-10
96,108,0.007,0.008,0.007831590781446173,0.9983840179709841,1.000327318249817,False,True,0.9999999999805647,1.0000000000194351,True,True,False,False,1.1592728599499966e-53,0.0,8.973627068514261e-54,0.0,2.01545042842612e-53,6.441820410429955e-10
99,111,0.007,0.008,0.00785114938345587,0.9983536109662662,1.0002879778148699,False,True,0.9999999999806536,1.0000000000193456,True,True,False,False,7.215218032679527e-53,0.0,8.770749469642469e-54,0.0,6.422410444489106e-53,6.462719248645499e-10
100,120,0.007,0.008,0.007785892428306327,1.0015173261039465,0.9995866341721314,True,True,1.0000000000193068,0.9999999999806937,False,False,True,True,0.0,7.806691757285674e-53,0.0,8.046836674592168e-54,8.600019907902542e-53,6.388471973650667e-10
107,119,0.007,0.008,0.007778338595624701,1.0015055032741096,0.9995712624481348,True,True,1.0000000000193423,0.9999999999806576,False,False,True,True,0.0,1.7993522269890847e-53,0.0,8.133265225903578e-54,1.0060913309274092e-53,6.37951913518009e-10
112,177,0.007,0.008,0.00777833859562469,1.00150550327411,0.9995712624481352,True,True,1.0000000000193425,0.9999999999806578,False,False,True,True,0.0,1.796626994516533e-53,0.0,8.120946882547685e-54,1.0045675421329671e-53,6.379767825137606e-10
112,191,0.007,0.008,0.007313853638418032,1.0006431867040748,0.9985942256227508,True,True,1.0000000000204918,0.9999999999795088,False,False,True,True,0.0,6.97700680950603e-53,0.0,1.2680659581437382e-53,8.131432845288852e-53,6.59901910893268e-10
116,136,0.007,0.008,0.007313853638418032,1.0006431867040748,0.9985942256227508,True,True,1.0000000000204918,0.9999999999795088,False,False,True,True,0.0,6.974334472955468e-53,0.0,1.2675802629034028e-53,8.128318339916339e-53,6.59901910893268e-10
118,182,0.007,0.008,0.007831590781446275,0.9983840179709841,1.000327318249817,False,True,0.9999999999805647,1.0000000000194353,True,True,False,False,1.1592728599523382e-53,0.0,8.973627068514173e-54,0.0,2.0154504284284145e-53,6.440008526453767e-10
119,139,0.007,0.008,0.007313853638418032,1.0006431867040748,0.9985942256227508,True,True,1.0000000000204918,0.9999999999795086,False,False,True,True,0.0,6.977384835918112e-53,0.0,1.2681346641729637e-53,8.131873420520635e-53,6.59901910893268e-10
120,132,0.007,0.008,0.007294697357968856,1.0006071122669435,0.9985473447290831,True,True,1.0000000000205997,0.9999999999794006,False,False,True,True,0.0,1.193294751145629e-53,0.0,1.3013284587200663e-53,2.431252120041192e-53,6.619940151608716e-10
121,185,0.007,0.008,0.007851149383455247,0.9983536109662672,1.000287977814871,False,True,0.9999999999806536,1.0000000000193456,True,True,False,False,7.227005147424744e-53,0.0,8.785077772663678e-54,0.0,6.432902391996846e-53,6.460547652409332e-10
123,135,0.007,0.008,0.007294697357968856,1.0006071122669435,0.9985473447290831,True,True,1.0000000000205997,0.9999999999794004,False,False,True,True,0.0,1.1938165846596993e-53,0.0,1.3018975358867566e-53,2.4323153182407665e-53,6.619940151608716e-10
127,176,0.007,0.008,0.007294697357968856,1.0006071122669433,0.9985473447290831,True,True,1.0000000000205995,0.9999999999794001,False,False,True,True,0.0,1.1934233839974912e-53,0.0,1.3014687372074134e-53,2.431514200206619e-53,6.611866609773642e-10
127,190,0.007,0.008,0.007785892428306273,1.0015173261039463,0.9995866341721312,True,True,1.0000000000193063,0.9999999999806937,False,False,True,True,0.0,7.818070221576096e-53,0.0,8.058565156598463e-54,8.612554669420788e-53,6.38872954539238e-10
135,155,0.007,0.008,0.007785892428306327,1.0015173261039465,0.9995866341721314,True,True,1.0000000000193068,0.9999999999806941,False,False,True,True,0.0,7.817171096750714e-53,0.0,8.057638373413702e-54,8.611564174132738e-53,6.388471973650667e-10
136,148,0.007,0.008,0.007778338595624645,1.0015055032741096,0.9995712624481348,True,True,1.0000000000193423,0.9999999999806576,False,False,True,True,0.0,1.7967301215075398e-53,0.0,8.121413027648897e-54,1.0046252046432387e-53,6.380225237023751e-10
144,156,0.007,0.008,0.00785114938345587,0.9983536109662662,1.0002879778148699,False,True,0.9999999999806536,1.0000000000193456,True,True,False,False,7.227005147416491e-53,0.0,8.785077772663608e-54,0.0,6.432902391988613e-53,6.462719248645499e-10
147,159,0.007,0.008,0.007831590781446173,0.9983840179709841,1.000327318249817,False,True,0.9999999999805642,1.0000000000194351,True,True,False,False,1.1613014384621937e-53,0.0,8.989329762559768e-54,0.0,2.0189772076439592e-53,6.441820410429955e-10
227,255,0.007,0.008,0.007778338595624326,1.0015055032741094,0.9995712624481345,True,True,1.0000000000193423,0.999999999980658,False,False,True,True,0.0,1.7991456767315288e-53,0.0,8.132331596574638e-54,1.0059758402403482e-53,6.382334660770539e-10
228,232,0.007,0.008,0.007831590781446207,0.9983840179709841,1.000327318249817,False,True,0.9999999999805644,1.0000000000194353,True,True,False,False,1.1612351034015988e-53,0.0,8.988816280229563e-54,0.0,2.018861881016173e-53,6.438400923514109e-10
231,235,0.007,0.008,0.007851149383455163,0.9983536109662672,1.0002879778148712,False,True,0.9999999999806536,1.0000000000193456,True,True,False,False,7.227005147418306e-53,0.0,8.785077772663773e-54,0.0,6.432902391990415e-53,6.46351416833113e-10
236,240,0.007,0.008,0.00778589242830714,1.0015173261039487,0.9995866341721328,True,True,1.0000000000193066,0.9999999999806941,False,False,True,True,0.0,7.805793941039903e-53,0.0,8.045911240253076e-54,8.599030854175205e-53,6.389284656904692e-10
3,31,0.008,0.009000000000000001,0.008038888066342238,1.000072432219588,0.9982109581041203,True,True,1.0000000000186258,0.9999999999813745,False,False,True,True,0.0,3.1848783842683503e-53,0.0,8.249944484815032e-54,3.8599366746412137e-53,7.593055073584765e-10
6,199,0.008,0.009000000000000001,0.008077764129597442,1.000143420838622,0.9983002097744853,True,True,1.0000000000184424,0.9999999999815579,False,False,True,True,0.0,1.7779094270294871e-53,0.0,7.851592773999758e-54,2.433493429160585e-53,7.548832670067895e-10
9,200,0.008,0.009000000000000001,0.008038888066342238,1.0000724322195877,0.9982109581041205,True,True,1.0000000000186253,0.9999999999813747,False,False,True,True,0.0,3.1870755443582208e-53,0.0,8.255635894856151e-54,3.862599538899117e-53,7.593055073584765e-10
12,16,0.008,0.009000000000000001,0.008077764129597969,1.0001434208386222,0.9983002097744851,True,True,1.0000000000184415,0.9999999999815574,False,False,True,True,0.0,1.7794565204378374e-53,0.0,7.85842503845343e-54,2.435610995771262e-53,7.54976525740858e-10
17,45,0.008,0.009000000000000001,0.008726146899847218,1.0012415439097953,0.9995317987688664,True,True,1.000000000017097,0.999999999982903,False,False,True,True,0.0,3.636940600267093e-54,0.0,3.932446513309173e-54,9.609939979594314e-55,7.014251401926686e-10
18,46,0.008,0.009000000000000001,0.008937173613695792,1.0015618361447363,0.9998953424039904,True,True,1.000000000016659,0.9999999999833414,False,False,True,True,0.0,1.4350820958210163e-53,0.0,4.021541177735605e-54,1.7771313080024647e-53,7.245444244574628e-10
21,214,0.008,0.009000000000000001,0.008979720555900078,1.0016184873754288,0.9999665136080206,True,True,1.0000000000165132,0.9999999999834873,False,False,True,True,0.0,1.3734071597736255e-53,0.0,3.848211901598804e-54,1.6983740410338912e-53,7.290990033936851e-10
22,213,0.008,0.009000000000000001,0.008726146899847026,1.001241543909795,0.9995317987688662,True,True,1.0000000000170972,0.9999999999829028,False,False,True,True,0.0,3.637176777519884e-54,0.0,3.932701880244626e-54,9.610564034071019e-55,7.016356384781375e-10
25,218,0.008,0.009000000000000001,0.008740484882060681,1.001262157077029,0.9995576818010127,True,True,1.0000000000170446,0.9999999999829563,False,False,True,True,0.0,3.58059166357119e-53,0.0,3.8812375434494616e-54,3.9573915359590415e-53,7.034879345724221e-10
26,217,0.008,0.009000000000000001,0.008937173613695792,1.0015618361447363,0.9998953424039904,True,True,1.000000000016659,0.9999999999833419,False,False,True,True,0.0,1.4382088191136593e-53,0.0,4.0303032175677626e-54,1.7810032801162314e-53,7.245444244574628e-10
29,33,0.008,0.009000000000000001,0.0089797205559005,1.0016184873754301,0.9999665136080215,True,True,1.0000000000165132,0.9999999999834871,False,False,True,True,0.0,1.3766755407443382e-53,0.0,3.857369726693927e-54,1.7024157655564683e-53,7.288796233240191e-10
30,34,0.008,0.009000000000000001,0.008740484882060681,1.0012621570770281,0.9995576818010125,True,True,1.0000000000170444,0.9999999999829559,False,False,True,True,0.0,3.581058165857889e-53,0.0,3.881743215797209e-54,3.9579071301330495e-53,7.034879345724221e-10
37,230,0.008,0.009000000000000001,0.008740484882060681,1.001262157077029,0.9995576818010127,True,True,1.0000000000170446,0.9999999999829563,False,False,True,True,0.0,3.5716556290470936e-53,0.0,3.871551191039566e-54,3.947515127054069e-53,7.034879345724221e-10
38,229,0.008,0.009000000000000001,0.008937173613695792,1.0015618361447363,0.9998953424039904,True,True,1.000000000016659,0.9999999999833414,False,False,True,True,0.0,1.4350820958179555e-53,0.0,4.021541177735636e-54,1.777131307999433e-53,7.245444244574628e-10
41,234,0.008,0.009000000000000001,0.008979720555900078,1.0016184873754288,0.9999665136080206,True,True,1.0000000000165132,0.9999999999834873,False,False,True,True,0.0,1.376582984285755e-53,0.0,3.857110388542889e-54,1.7023013089758664e-53,7.290990033936851e-10
42,233,0.008,0.009000000000000001,0.00872614689984691,1.001241543909795,0.9995317987688662,True,True,1.0000000000170972,0.999999999982903,False,False,True,True,0.0,3.6460486937878076e-54,0.0,3.942294650662936e-54,9.634006424873484e-55,7.016471847975936e-10
55,246,0.008,0.009000000000000001,0.008038888066342238,1.0000724322195877,0.9982109581041205,True,True,1.0000000000186255,0.9999999999813742,False,False,True,True,0.0,3.185068231566942e-53,0.0,8.250436255468508e-54,3.86016676146598e-53,7.593055073584765e-10
56,249,0.008,0.009000000000000001,0.008077764129597442,1.000143420838622,0.9983002097744853,True,True,1.0000000000184428,0.9999999999815581,False,False,True,True,0.0,1.7791351796862713e-53,0.0,7.857005935409198e-54,2.435171164252407e-53,7.548832670067895e-10
64,129,0.008,0.009000000000000001,0.008038888066342488,1.0000724322195889,0.9982109581041205,True,True,1.0000000000186255,0.9999999999813747,False,False,True,True,0.0,3.184688546016527e-53,0.0,8.249452737611625e-54,3.8597065987820862e-53,7.592282358359626e-10
79,142,0.008,0.009000000000000001,0.008077764129597547,1.0001434208386217,0.9983002097744853,True,True,1.0000000000184421,0.9999999999815579,False,False,True,True,0.0,1.779242288105755e-53,0.0,7.857478946976041e-54,2.4353177676922806e-53,7.551022029872456e-10
81,146,0.008,0.009000000000000001,0.008937173613696654,1.0015618361447371,0.9998953424039917,True,True,1.0000000000166587,0.9999999999833412,False,False,True,True,0.0,1.4351777405438494e-53,0.0,4.0218092036465924e-54,1.7772497494710212e-53,7.248024402883857e-10
82,145,0.008,0.009000000000000001,0.008740484882058874,1.0012621570770261,0.9995576818010093,True,True,1.0000000000170446,0.9999999999829561,False,False,True,True,0.0,3.5718882920073524e-53,0.0,3.871803389642254e-54,3.9477722740610386e-53,7.032325832767583e-10
85,105,0.008,0.009000000000000001,0.008740484882059158,1.0012621570770264,0.9995576818010096,True,True,1.0000000000170441,0.9999999999829559,False,False,True,True,0.0,3.5721209670951524e-53,0.0,3.872055601387663e-54,3.948029434471476e-53,7.02866209678632e-10
86,106,0.008,0.009000000000000001,0.008979720555899453,1.0016184873754281,0.9999665136080194,True,True,1.0000000000165126,0.9999999999834873,False,False,True,True,0.0,1.3734071597704833e-53,0.0,3.848211901598828e-54,1.6983740410307803e-53,7.29341920191473e-10
89,101,0.008,0.009000000000000001,0.008937173613696727,1.0015618361447371,0.9998953424039917,True,True,1.000000000016659,0.9999999999833412,False,False,True,True,0.0,1.4384964014461427e-53,0.0,4.031109111657234e-54,1.7813594071747534e-53,7.246869770938247e-10
90,102,0.008,0.009000000000000001,0.008726146899847208,1.001241543909795,0.9995317987688667,True,True,1.0000000000170972,0.9999999999829026,False,False,True,True,0.0,3.6465222434995665e-54,0.0,3.942806676878655e-54,9.635257692048105e-55,7.017906256123752e-10
93,158,0.008,0.009000000000000001,0.008726146899847464,1.001241543909795,0.9995317987688671,True,True,1.0000000000170974,0.999999999982903,False,False,True,True,0.0,3.6460486937854007e-54,0.0,3.9422946506628896e-54,9.634006424877528e-55,7.017639802597841e-10
94,157,0.008,0.009000000000000001,0.00897972055589974,1.0016184873754288,0.9999665136080198,True,True,1.0000000000165128,0.9999999999834878,False,False,True,True,0.0,1.376397886294619e-53,0.0,3.8565917540866116e-54,1.7020724142744836e-53,7.291518500096572e-10
97,162,0.008,0.009000000000000001,0.008726146899847464,1.001241543909795,0.9995317987688671,True,True,1.0000000000170974,0.999999999982903,False,False,True,True,0.0,3.636940600274713e-54,0.0,3.9324465133091836e-54,9.609939979580045e-55,7.017639802597841e-10
98,161,0.008,0.009000000000000001,0.00897972055589974,1.0016184873754288,0.9999665136080198,True,True,1.0000000000165126,0.9999999999834878,False,False,True,True,0.0,1.3732224888097449e-53,0.0,3.847694463650151e-54,1.6981456744002912e-53,7.291518500096572e-10
103,123,0.008,0.009000000000000001,0.008077764129597348,1.0001434208386215,0.9983002097744851,True,True,1.0000000000184421,0.9999999999815579,False,False,True,True,0.0,1.7779094270236824e-53,0.0,7.851592773999751e-54,2.433493429154905e-53,7.55219442538646e-10
104,116,0.008,0.009000000000000001,0.008038888066342488,1.0000724322195886,0.9982109581041205,True,True,1.0000000000186253,0.9999999999813747,False,False,True,True,0.0,3.1870755443589923e-53,0.0,8.255635894856159e-54,3.8625995388998775e-53,7.592282358359626e-10
109,174,0.008,0.009000000000000001,0.008937173613696654,1.0015618361447371,0.9998953424039917,True,True,1.000000000016659,0.9999999999833412,False,False,True,True,0.0,1.4384964014496454e-53,0.0,4.031109111657204e-54,1.7813594071782238e-53,7.248024402883857e-10
110,173,0.008,0.009000000000000001,0.008740484882058874,1.0012621570770261,0.9995576818010093,True,True,1.0000000000170446,0.9999999999829556,False,False,True,True,0.0,3.581291435238095e-53,0.0,3.881996071734997e-54,3.9581649473756387e-53,7.032325832767583e-10
113,176,0.008,0.009000000000000001,0.008077764129597561,1.0001434208386217,0.9983002097744855,True,True,1.0000000000184421,0.9999999999815579,False,False,True,True,0.0,1.777909427023316e-53,0.0,7.851592773999732e-54,2.433493429154542e-53,7.551994585242028e-10
126,191,0.008,0.009000000000000001,0.00803888806634244,1.0000724322195889,0.9982109581041205,True,True,1.000000000018625,0.9999999999813749,False,False,True,True,0.0,3.1868855728866483e-53,0.0,8.255143802543492e-54,3.8623693015813204e-53,7.592939610390204e-10
132,152,0.008,0.009000000000000001,0.008077764129597348,1.0001434208386215,0.9983002097744851,True,True,1.0000000000184421,0.9999999999815579,False,False,True,True,0.0,1.7792422880999606e-53,0.0,7.857478946976085e-54,2.4353177676866185e-53,7.55219442538646e-10
139,151,0.008,0.009000000000000001,0.008038888066342488,1.0000724322195886,0.9982109581041205,True,True,1.0000000000186249,0.9999999999813747,False,False,True,True,0.0,3.184688546011963e-53,0.0,8.249452737611628e-54,3.8597065987775624e-53,7.592282358359626e-10
149,169,0.008,0.009000000000000001,0.00897972055589949,1.0016184873754281,0.9999665136080194,True,True,1.0000000000165126,0.9999999999834873,False,False,True,True,0.0,1.376582984283441e-53,0.0,3.857110388542908e-54,1.7023013089735757e-53,7.294134185542589e-10
150,170,0.008,0.009000000000000001,0.008740484882059158,1.0012621570770264,0.9995576818010096,True,True,1.0000000000170441,0.9999999999829559,False,False,True,True,0.0,3.5810581658647074e-53,0.0,3.881743215797233e-54,3.957907130139869e-53,7.02866209678632e-10
153,165,0.008,0.009000000000000001,0.008726146899847208,1.001241543909795,0.9995317987688667,True,True,1.0000000000170972,0.9999999999829035,False,False,True,True,0.0,3.636468282617557e-54,0.0,3.931935819235301e-54,9.608691967802899e-55,7.017906256123752e-10
154,166,0.008,0.009000000000000001,0.008937173613696657,1.0015618361447371,0.9998953424039917,True,True,1.0000000000166587,0.9999999999833412,False,False,True,True,0.0,1.4351777405427484e-53,0.0,4.0218092036466145e-54,1.7772497494699314e-53,7.247833444523621e-10
209,237,0.008,0.009000000000000001,0.008937173613695792,1.0015618361447363,0.9998953424039904,True,True,1.000000000016659,0.9999999999833419,False,False,True,True,0.0,1.4382088191175922e-53,0.0,4.0303032175677336e-54,1.7810032801201286e-53,7.245444244574628e-10
210,238,0.008,0.009000000000000001,0.008726146899847218,1.0012415439097953,0.9995317987688664,True,True,1.000000000017097,0.9999999999829035,False,False,True,True,0.0,3.64557519324739e-54,0.0,3.941782677643324e-54,9.632755287748327e-55,7.014251401926686e-10
221,225,0.008,0.009000000000000001,0.008740484882060681,1.0012621570770281,0.9995576818010125,True,True,1.0000000000170441,0.9999999999829559,False,False,True,True,0.0,3.5721209670888417e-53,0.0,3.8720556013876655e-54,3.9480294344651673e-53,7.034879345724221e-10
222,226,0.008,0.009000000000000001,0.0089797205559005,1.0016184873754301,0.9999665136080215,True,True,1.0000000000165132,0.9999999999834871,False,False,True,True,0.0,1.3734995027020862e-53,0.0,3.848470641447771e-54,1.698488233560025e-53,7.288796233240191e-10
224,252,0.008,0.009000000000000001,0.008038888066342238,1.000072432219588,0.9982109581041203,True,True,1.0000000000186253,0.9999999999813749,False,False,True,True,0.0,3.186885572885117e-53,0.0,8.255143802543491e-54,3.8623693015798047e-53,7.593055073584765e-10
239,243,0.008,0.009000000000000001,0.008077764129597969,1.0001434208386222,0.9983002097744851,True,True,1.0000000000184421,0.9999999999815574,False,False,True,True,0.0,1.7781234988742476e-53,0.0,7.852538156743656e-54,2.4337864375752077e-53,7.54976525740858e-10
9,202,0.009000000000000001,0.01,0.009983253328302539,1.0014783332998456,0.9999748224655773,True,True,1.0000000000150344,0.9999999999849656,False,False,True,True,0.0,2.8416396964786032e-53,0.0,1.8286413804611046e-54,3.0189165628396547e-53,7.947762448168305e-10
18,210,0.009000000000000001,0.01,0.00982014117288946,0.9987151610821337,1.00028178490195,False,True,0.9999999999843328,1.000000000015666,True,True,False,False,2.658950949016105e-54,0.0,2.3484255151721923e-54,0.0,7.376843386488338e-55,7.764846543523163e-10
29,221,0.009000000000000001,0.01,0.009839798050024278,0.9986891847213526,1.000250070733082,False,True,0.9999999999843903,1.0000000000156086,True,True,False,False,1.8086923122627327e-53,0.0,2.3123169061184753e-54,0.0,1.5878716717265538e-53,7.787694933369949e-10
31,35,0.009000000000000001,0.01,0.009983253328302457,1.0014783332998451,0.9999748224655773,True,True,1.0000000000150344,0.9999999999849662,False,False,True,True,0.0,2.841010225972076e-53,0.0,1.8282363059488226e-54,3.018247822555604e-53,7.949045865984772e-10
34,226,0.009000000000000001,0.01,0.009839798050024278,0.9986891847213526,1.000250070733082,False,True,0.9999999999843903,1.000000000015609,True,True,False,False,1.8034864814050836e-53,0.0,2.3056615282959012e-54,0.0,1.583301413263806e-53,7.787694933369949e-10
37,41,0.009000000000000001,0.01,0.009839798050022636,0.9986891847213553,1.0002500707330848,False,True,0.9999999999843903,1.0000000000156095,True,True,False,False,1.8034864814069584e-53,0.0,2.305661528295877e-54,0.0,1.5833014132656817e-53,7.790363909521147e-10
38,42,0.009000000000000001,0.01,0.009820141172889579,0.9987151610821337,1.0002817849019499,False,True,0.9999999999843331,1.0000000000156668,True,True,False,False,2.6586683304413774e-54,0.0,2.3481759021885562e-54,0.0,7.376059305480249e-55,7.764313636471343e-10
45,237,0.009000000000000001,0.01,0.00982014117288946,0.9987151610821337,1.00028178490195,False,True,0.9999999999843328,1.000000000015666,True,True,False,False,2.666630519264854e-54,0.0,2.355208227250554e-54,0.0,7.398149152591972e-55,7.764846543523163e-10
53,246,0.009000000000000001,0.01,0.009983253328302539,1.0014783332998456,0.9999748224655773,True,True,1.0000000000150344,0.9999999999849656,False,False,True,True,0.0,2.835089718249059e-53,0.0,1.82442636289677e-54,3.0119579615124125e-53,7.947762448168305e-10
66,129,0.009000000000000001,0.01,0.0099832533283026,1.001478333299845,0.9999748224655776,True,True,1.0000000000150344,0.9999999999849656,False,False,True,True,0.0,2.835089718250635e-53,0.0,1.824426362896751e-54,3.0119579615139857e-53,7.948846025840339e-10
81,93,0.009000000000000001,0.01,0.009820141172889674,0.9987151610821337,1.0002817849019496,False,True,0.9999999999843328,1.0000000000156668,True,True,False,False,2.658950949014421e-54,0.0,2.3484255151721685e-54,0.0,7.376843386479749e-55,7.763882869937788e-10
82,94,0.009000000000000001,0.01,0.009839798050024278,0.9986891847213526,1.000250070733082,False,True,0.9999999999843903,1.000000000015609,True,True,False,False,1.8034864814053785e-53,0.0,2.3056615282958728e-54,0.0,1.5833014132641023e-53,7.787694933369949e-10
84,104,0.009000000000000001,0.01,0.009983253328302587,1.0014783332998447,0.9999748224655778,True,True,1.0000000000150344,0.9999999999849656,False,False,True,True,0.0,2.8350897182514055e-53,0.0,1.824426362896747e-54,3.011957961514756e-53,7.948854907624536e-10
85,149,0.009000000000000001,0.01,0.009839798050022695,0.9986891847213553,1.0002500707330846,False,True,0.9999999999843903,1.0000000000156095,True,True,False,False,1.8034864814063193e-53,0.0,2.305661528295849e-54,0.0,1.5833014132650446e-53,7.78623832076164e-10
90,154,0.009000000000000001,0.01,0.009820141172889615,0.9987151610821337,1.0002817849019499,False,True,0.999999999984333,1.0000000000156668,True,True,False,False,2.6664415600296064e-54,0.0,2.3550413356087554e-54,0.0,7.397624914759044e-55,7.763856224585197e-10
101,165,0.009000000000000001,0.01,0.009820141172889615,0.9987151610821337,1.0002817849019499,False,True,0.9999999999843331,1.0000000000156666,True,True,False,False,2.6586683304444636e-54,0.0,2.3481759021885295e-54,0.0,7.376059305497179e-55,7.763856224585197e-10
106,170,0.009000000000000001,0.01,0.009839798050022695,0.9986891847213553,1.0002500707330846,False,True,0.9999999999843903,1.0000000000156095,True,True,False,False,1.80869231226444e-53,0.0,2.3123169061184176e-54,0.0,1.5878716717282647e-53,7.78623832076164e-10
126,189,0.009000000000000001,0.01,0.00998325332830265,1.001478333299845,0.9999748224655776,True,True,1.0000000000150342,0.999999999984966,False,False,True,True,0.0,2.8412200370809913e-53,0.0,1.828371322809341e-54,3.0184707228170413e-53,7.949569891252395e-10
151,171,0.009000000000000001,0.01,0.009983253328302587,1.0014783332998447,0.9999748224655778,True,True,1.0000000000150344,0.9999999999849658,False,False,True,True,0.0,2.8414298605828926e-53,0.0,1.8285063476466423e-54,3.018693636244771e-53,7.948854907624536e-10
161,173,0.009000000000000001,0.01,0.009839798050024278,0.9986891847213526,1.000250070733082,False,True,0.9999999999843903,1.0000000000156086,True,True,False,False,1.8086923122625602e-53,0.0,2.312316906118441e-54,0.0,1.587871671726384e-53,7.787694933369949e-10
162,174,0.009000000000000001,0.01,0.009820141172889674,0.9987151610821337,1.0002817849019496,False,True,0.9999999999843331,1.0000000000156664,True,True,False,False,2.666347084435449e-54,0.0,2.3549578933358368e-54,0.0,7.397362807020812e-55,7.763882869937788e-10
213,217,0.009000000000000001,0.01,0.00982014117288952,0.9987151610821337,1.00028178490195,False,True,0.999999999984333,1.0000000000156668,True,True,False,False,2.666441560034595e-54,0.0,2.3550413356087798e-54,0.0,7.397624914785317e-55,7.762275266998131e-10
214,218,0.009000000000000001,0.01,0.009839798050022695,0.9986891847213553,1.0002500707330846,False,True,0.9999999999843903,1.0000000000156095,True,True,False,False,1.8086923122650845e-53,0.0,2.3123169061184472e-54,0.0,1.5878716717289068e-53,7.78623832076164e-10
220,224,0.009000000000000001,0.01,0.009983253328302457,1.0014783332998451,0.9999748224655773,True,True,1.0000000000150353,0.9999999999849662,False,False,True,True,0.0,2.8344616986725415e-53,0.0,1.8240222220810765e-54,3.0112907626751934e-53,7.949045865984772e-10
