run_id,role,solution,resolution,support_ratio,dt,step,time,labeled_position_l1,labeled_position_l2,labeled_position_linf,labeled_velocity_l1,labeled_velocity_l2,labeled_velocity_linf,labeled_density_l1,labeled_density_l2,labeled_density_linf,labeled_pressure_l1,labeled_pressure_l2,labeled_pressure_linf,field_velocity_l1,field_velocity_l2,field_velocity_linf,field_density_l1,field_density_l2,field_density_linf,field_pressure_l1,field_pressure_l2,field_pressure_linf,unwrapped_periodic_position_l2,pressure_pair_residual,viscosity_pair_residual,normalized_internal_force_residual,internal_force_x,internal_force_y,external_force_x,external_force_y,total_force_x,total_force_y,assembly_defect,momentum_update_defect,viscous_power,external_power,kinetic_energy_update_defect,edge_count,edge_hash,topology_structural_defects,minimum_separation_over_dx,current_rss_bytes,peak_rss_bytes,step_time_seconds
f3b_fixed_a_n24,fixed_ratio_diagnostic,MMS_A,24,4.5,6.25e-05,0,0.0,0.0,0.0,0.0,0.0,0.0,0.0,0.00017698581884501848,0.00019796055027160672,0.00035132696969009114,0.07079432753800739,0.07918422010864269,0.14053078787603646,0.0,0.0,0.0,0.00017698581884501848,0.00019796055027160672,0.00035132696969009114,0.07079432753800739,0.07918422010864269,0.14053078787603646,0.0,0.0,0.0,5.729190576877559e-18,-2.3592239273284576e-16,-3.8163916471489756e-17,3.122502256758253e-17,3.686287386450715e-17,-2.1684043449710089e-16,-1.22514845490862e-17,1.6351336033930967e-17,0.0,0.0,1.5612511283791264e-17,0.0,39744,b1ff31716451a2619bcacf9f73b87cc80e4a9e04e16cb445ebc84281b67dc56a,0,0.9999999999999991,256032768,256032768,0.0
f3b_fixed_a_n24,fixed_ratio_diagnostic,MMS_A,24,4.5,6.25e-05,16,0.0010000000000000005,1.4640045515755276e-07,1.5275165753215842e-07,2.126604978326776e-07,0.0002926149776246061,0.0003053093130325458,0.00042505054846140905,0.0001769866069669795,0.00019767976743857572,0.0003500799477059724,0.07079464278679179,0.07907190697543029,0.14003197908238896,0.0002926149776246061,0.0003053093130325458,0.00042505054846140905,0.00017698575865303262,0.00019767900650006213,0.0003500798902864588,0.07079430346121304,0.07907160260002485,0.14003195611458352,1.5275165754528327e-07,0.0,0.0,2.6075374299685284e-18,9.71445146547012e-17,4.7704895589362195e-18,-1.457167719820518e-16,1.214306433183765e-16,-5.637851296924623e-18,1.3731420514528914e-16,4.4349335918576556e-17,2.313492261718053e-18,-1.4172326915421132e-07,0.002712880861032121,1.5358638510275818e-13,39744,b1ff31716451a2619bcacf9f73b87cc80e4a9e04e16cb445ebc84281b67dc56a,0,0.9999993360175474,306577408,308936704,0.04705758299678564
f3b_fixed_a_n24,fixed_ratio_diagnostic,MMS_A,24,4.5,6.25e-05,32,0.0020000000000000013,5.845320474575685e-07,6.098904298966034e-07,8.490860228598792e-07,0.0005831288947105474,0.0006084263820216375,0.0008470452046721819,0.00017698897068790952,0.00019684913486270775,0.00034634808094236025,0.0707955882751638,0.07873965394508312,0.1385392323769441,0.0005831288947105474,0.0006084263820216375,0.0008470452046721819,0.00017698558363083623,0.0001968460838744406,0.000346347851687967,0.0707942334523345,0.07873843354977623,0.1385391406751868,6.098904298962974e-07,0.0,0.0,9.100895477024593e-18,3.608224830031759e-16,9.063930161978817e-17,1.6306400674181987e-16,1.227316859253591e-16,5.598820018715145e-16,2.437286483747414e-16,4.708783775344788e-17,5.393344111019856e-18,-5.628297272359419e-07,0.00540628249680904,3.0378627272024876e-13,39744,b1ff31716451a2619bcacf9f73b87cc80e4a9e04e16cb445ebc84281b67dc56a,0,0.9999973488730065,309035008,309035008,0.046369959018193185
f3b_fixed_a_n24,fixed_ratio_diagnostic,MMS_A,24,4.5,6.25e-05,48,0.0030000000000000022,1.311304501456696e-06,1.3681919281300007e-06,1.904782032022011e-06,0.0008695669796624833,0.0009072907344843729,0.001263112000487496,0.0001769929085335638,0.00019550363371144413,0.0003401579364709084,0.07079716341342553,0.07820145348457766,0.13606317458836337,0.0008695669796624833,0.0009072907344843729,0.001263112000487496,0.00017698531021065835,0.00019549674229294418,0.0003401574221890691,0.07079412408426333,0.07819869691717767,0.13606296887562763,1.3681919281267716e-06,0.0,0.0,4.72917830984369e-18,1.700029006457271e-16,6.201636426617085e-17,2.1510571102112408e-16,2.6020852139652106e-17,3.456436525883788e-16,7.995991022080595e-17,4.0283071758146897e-17,1.1943475882435815e-18,-1.2515659470683791e-06,0.00806189651569071,4.4565080888398994e-13,39744,b1ff31716451a2619bcacf9f73b87cc80e4a9e04e16cb445ebc84281b67dc56a,0,0.9999940524455182,310263808,310263808,0.046257083013188094
f3b_fixed_a_n24,fixed_ratio_diagnostic,MMS_A,24,4.5,6.25e-05,64,0.004000000000000003,2.32166588339693e-06,2.422384973805306e-06,3.3724011420709045e-06,0.0011499829283805891,0.0011998716026377797,0.0016704204998735405,0.0001769984179882651,0.00019370156837268549,0.0003315529368853598,0.07079936719530605,0.07748062734907418,0.13262117475414392,0.0011499829283805891,0.0011998716026377797,0.0016704204998735405,0.0001769849651500729,0.00019368925381779207,0.0003315520263824645,0.07079398606002917,0.07747570152711682,0.1326208105529858,2.4223849737954206e-06,0.0,0.0,1.5957129492588541e-18,3.469446951953614e-17,-2.862293735361732e-17,-2.463307335887066e-16,-3.426078865054194e-16,-1.9905951886833861e-16,-3.9351117850361383e-16,2.5584931560095605e-17,1.94356706057886e-18,-2.1889211135192746e-06,0.010661678447833138,5.752376471715029e-13,39744,b1ff31716451a2619bcacf9f73b87cc80e4a9e04e16cb445ebc84281b67dc56a,0,0.999989469430103,310296576,310296576,0.04662062501301989
f3b_fixed_a_n24,fixed_ratio_diagnostic,MMS_A,24,4.5,6.25e-05,80,0.005000000000000004,3.6086377015439577e-06,3.7651882246028465e-06,5.24179434277551e-06,0.0014224721289293927,0.001484181722736479,0.0020662010872640186,0.00017700549482901914,0.0001915246874008318,0.00032059305115283987,0.07080219793160765,0.07660987496033272,0.12823722046113595,0.0014224721289293927,0.001484181722736479,0.0020662010872640186,0.00017698458466266224,0.00019150532936796795,0.00032059163599562623,0.07079383386506491,0.07660213174718718,0.1282366543982505,3.765188224606044e-06,0.0,0.0,3.4086195926316403e-18,-1.457167719820518e-16,1.734723475976807e-17,-4.0939474033052647e-16,-3.465110143263672e-16,-5.919743861770854e-16,-3.346932106462752e-16,3.727527434661551e-17,8.457507678302822e-18,-3.349148734377607e-06,0.013187970351306397,6.890487407354235e-13,39744,b1ff31716451a2619bcacf9f73b87cc80e4a9e04e16cb445ebc84281b67dc56a,0,0.9999836311838539,310329344,310329344,0.04833774996222928
f3b_fixed_a_n24,fixed_ratio_diagnostic,MMS_A,24,4.5,6.25e-05,96,0.0060000000000000045,5.163363094290906e-06,5.387360456290825e-06,7.500081286290852e-06,0.0016851845976381139,0.0017582908332326415,0.0024477638315404935,0.00017701413222767734,0.00018907811101735313,0.0003073543704508186,0.07080565289107094,0.07563124440694124,0.12294174818032744,0.0016851845976381139,0.0017582908332326415,0.0024477638315404935,0.00017698421324100877,0.00018905005517228069,0.00030735234570855585,0.07079368529640351,0.07562002206891227,0.12294093828342234,5.387360456289403e-06,0.0,0.0,3.4288711674777896e-18,1.700029006457271e-16,-2.862293735361732e-17,-1.1796119636642288e-16,-5.312590645178972e-16,6.114900252818245e-17,-5.192786305119323e-16,4.1612217522719885e-17,1.553469463538664e-18,-4.700470842422577e-06,0.015623620743226032,7.840796122413544e-13,39744,b1ff31716451a2619bcacf9f73b87cc80e4a9e04e16cb445ebc84281b67dc56a,0,0.9999765775145413,310411264,310411264,0.04636141698574647
f3b_fixed_a_n24,fixed_ratio_diagnostic,MMS_A,24,4.5,6.25e-05,112,0.007000000000000005,6.975167773383296e-06,7.277764153884869e-06,1.013173917989138e-05,0.0019363375387663909,0.0020203387800569973,0.002812516796608059,0.00017702431965392154,0.00018648977462754532,0.0002919285721599829,0.07080972786156862,0.07459590985101813,0.11677142886399317,0.0019363375387663909,0.0020203387800569973,0.002812516796608059,0.00017698390220655385,0.00018645134909919144,0.0002919258371224531,0.07079356088262154,0.07458053963967659,0.11677033484898125,7.277764153883311e-06,0.0,0.0,7.79499648107877e-18,-3.157196726277789e-16,-7.19910242530375e-17,-2.0469737016526324e-16,-6.860831347488272e-16,-5.633514488234681e-16,-7.594836218260959e-16,4.295753492273932e-17,7.710950386714763e-19,-6.2059454257623365e-06,0.017952101041368178,8.580396565098291e-13,39744,b1ff31716451a2619bcacf9f73b87cc80e4a9e04e16cb445ebc84281b67dc56a,0,0.9999683564131177,312803328,312803328,0.046311457990668714
f3b_fixed_a_n24,fixed_ratio_diagnostic,MMS_A,24,4.5,6.25e-05,128,0.008000000000000005,9.031633303142508e-06,9.423441974658621e-06,1.311870965925007e-05,0.0021742274424664514,0.002268548140032069,0.0031579836733467885,0.0001770360416164657,0.00018390897603299262,0.00027442227591001345,0.07081441664658628,0.07356359041319704,0.10976891036400538,0.0021742274424664514,0.002268548140032069,0.0031579836733467885,0.00017698370802619762,0.00018385852486641207,0.0002744187347749616,0.07079348321047904,0.07354340994656482,0.10976749390998464,9.423441974652575e-06,0.0,0.0,6.531369636532089e-19,1.734723475976807e-17,-1.6046192152785466e-17,7.632783294297951e-17,-6.522560269672795e-16,9.194034422677078e-17,-6.903657333301449e-16,2.2131604660225337e-17,7.813269504902396e-19,-7.824473405833345e-06,0.020157617725785566,9.0850176012132e-13,39744,b1ff31716451a2619bcacf9f73b87cc80e4a9e04e16cb445ebc84281b67dc56a,0,0.9999590237317206,312868864,312868864,0.04636274999938905
f3b_fixed_a_n24,fixed_ratio_diagnostic,MMS_A,24,4.5,6.25e-05,144,0.009000000000000006,1.1318682212355203e-05,1.180970555764667e-05,1.6440522904430817e-05,0.002397241638944519,0.0025012362767429064,0.0034818206125645213,0.0001770492762886433,0.00018150349881029004,0.0002549562964303531,0.07081971051545732,0.07260139952411601,0.10198251857214125,0.002397241638944519,0.0025012362767429064,0.0034818206125645213,0.00017698369044467344,0.00018143943600678865,0.00025495185895774153,0.07079347617786937,0.07257577440271545,0.10198074358309661,1.1809705557641119e-05,0.0,0.0,3.0656878257165414e-18,7.979727989493313e-17,8.543513119185775e-17,1.8735013540549517e-16,-5.993469609499869e-16,2.992397996059992e-16,-4.908183234841879e-16,3.9537718225019244e-17,1.9059695818860865e-18,-9.51191771148631e-06,0.02222521945931887,9.342056671963674e-13,39744,b1ff31716451a2619bcacf9f73b87cc80e4a9e04e16cb445ebc84281b67dc56a,0,0.9999486428094109,315260928,315260928,0.046636875020340085
f3b_fixed_a_n24,fixed_ratio_diagnostic,MMS_A,24,4.5,6.25e-05,160,0.010000000000000007,1.3820674355782485e-05,1.4420236071125875e-05,2.0074438138732473e-05,0.002603869230457312,0.0027168267470900785,0.0037818321441275547,0.0001770639940673287,0.0001794547287022938,0.00023366479863384804,0.07082559762693148,0.07178189148091751,0.09346591945353921,0.002603869230457312,0.0027168267470900785,0.0037818321441275547,0.00017698391048516312,0.00017937561415786184,0.00023365938076069792,0.07079356419406525,0.07175024566314474,0.09346375230427917,1.442023607110241e-05,0.0,0.0,6.338724178443826e-18,-1.942890293094024e-16,1.8778381627448937e-16,2.220446049250313e-16,-3.469446951953614e-16,-9.107298248878237e-18,-1.984089975648473e-16,5.3845021001408505e-17,4.235380982227274e-18,-1.122230397527476e-05,0.024140898440489715,9.344027776394846e-13,39744,b1ff31716451a2619bcacf9f73b87cc80e4a9e04e16cb445ebc84281b67dc56a,0,0.9999372840478755,315342848,315342848,0.0468299170024693
f3b_fixed_a_n24,fixed_ratio_diagnostic,MMS_A,24,4.5,6.25e-05,176,0.011000000000000008,1.652051386532697e-05,1.7237195809435433e-05,2.3995599549249782e-05,0.002792711327040495,0.0029138599812003063,0.004055986073838742,0.00017708015611846034,0.00017795027016466453,0.00021069436109555362,0.07083206244738413,0.0711801080658658,0.08427774443822145,0.002792711327040495,0.0029138599812003063,0.004055986073838742,0.00017698442837510875,0.00017785490419750858,0.00021068788550759887,0.0707937713500435,0.07114196167900344,0.08427515420303955,1.7237195809419742e-05,0.0,0.0,6.603956500122124e-19,-1.3877787807814457e-17,-1.9949319973733282e-17,4.0592529337857286e-16,-2.198762005800603e-16,3.3393426912553537e-16,-2.2892928872031426e-16,5.912593439690681e-17,3.83894931844699e-18,-1.2909070185837698e-05,0.025891685301724976,9.093084207783906e-13,39744,b1ff31716451a2619bcacf9f73b87cc80e4a9e04e16cb445ebc84281b67dc56a,0,0.9999250244399907,315392000,315392000,0.04641058301785961
f3b_fixed_a_n24,fixed_ratio_diagnostic,MMS_A,24,4.5,6.25e-05,192,0.012000000000000009,1.9399765960160002e-05,2.024135007645566e-05,2.8177206544778735e-05,0.0029624905166318253,0.0030910031633475748,0.004302427256769607,0.00017709771296476603,0.00017717390571961306,0.00018620295469617965,0.07083908518590641,0.07086956228784522,0.07448118187847186,0.0029624905166318253,0.0030910031633475748,0.004302427256769607,0.00017698530145701972,0.00017706143201603832,0.00018619535135344645,0.07079412058280789,0.07082457280641531,0.07447814054137858,2.0241350076429808e-05,0.0,0.0,1.0054570271642897e-18,-1.0408340855860843e-17,1.3877787807814457e-17,-6.938893903907228e-17,6.591949208711867e-17,-1.0386656812411132e-16,2.5885326868091418e-17,5.904091221371535e-17,6.96281983188545e-18,-1.452633132699511e-05,0.027465736910021264,8.596200381684895e-13,39744,b1ff31716451a2619bcacf9f73b87cc80e4a9e04e16cb445ebc84281b67dc56a,0,0.9999119470541671,315686912,315686912,0.04975337500218302
f3b_fixed_a_n24,fixed_ratio_diagnostic,MMS_A,24,4.5,6.25e-05,208,0.01300000000000001,2.2438782816848718e-05,2.3412198522090245e-05,3.259069719259526e-05,0.0031120595054861823,0.003247059247004669,0.004519490153579545,0.00017711660316977138,0.0001772933722963473,0.00019143350348116428,0.07084664126790856,0.07091734891853892,0.07657340139246571,0.0031120595054861823,0.003247059247004669,0.004519490153579545,0.00017698658214315827,0.0001771633716610729,0.0001914248765786386,0.0707946328572633,0.07086534866442916,0.07656995063145544,2.341219852206389e-05,0.0,0.0,1.3245130510547351e-18,-5.551115123125783e-17,5.637851296924623e-18,-1.942890293094024e-16,3.946495907847236e-17,-2.3548871186385156e-16,1.2197274440461925e-17,3.588303820543319e-17,2.6840624536096756e-18,-1.603012465446545e-05,0.028852416475667768,7.862967423948442e-13,39744,b1ff31716451a2619bcacf9f73b87cc80e4a9e04e16cb445ebc84281b67dc56a,0,0.9998981404779141,315736064,315736064,0.04659645800711587
f3b_fixed_a_n24,fixed_ratio_diagnostic,MMS_A,24,4.5,6.25e-05,224,0.01400000000000001,2.5616837640858714e-05,2.6728115035593714e-05,3.7205943560134404e-05,0.0032404088704469786,0.0033809750430629087,0.004705710084793555,0.00017713675217301947,0.0001784472642839859,0.00021819985939020015,0.07085470086920778,0.07137890571359436,0.08727994375608006,0.0032404088704469786,0.0033809750430629087,0.004705710084793555,0.0001769883159739733,0.00017829981702697421,0.0002181900093831679,0.07079532638958932,0.07131992681078968,0.08727600375326716,2.6728115035570146e-05,0.0,0.0,1.3313918043948054e-18,-6.245004513516506e-17,7.068998164605489e-17,-4.5102810375396984e-17,3.0487765090292385e-16,-1.0126448291014611e-16,3.623403660446556e-16,1.464596221277561e-17,3.1111059811897694e-18,-1.7379601814454523e-05,0.030042365427152933,6.922811471714492e-13,39744,b1ff31716451a2619bcacf9f73b87cc80e4a9e04e16cb445ebc84281b67dc56a,0,0.9998836982241612,316096512,316096512,0.04653695900924504
f3b_fixed_a_n24,fixed_ratio_diagnostic,MMS_A,24,4.5,6.25e-05,240,0.015000000000000012,2.8912266023960256e-05,3.016649524052487e-05,4.199145763454848e-05,0.003346673870702664,0.003491848326590434,0.004859833107072414,0.00017715807132670551,0.0001807331169379449,0.0002459626232020895,0.0708632285306822,0.07229324677517797,0.0983850492808358,0.003346673870702664,0.003491848326590434,0.004859833107072414,0.00017699053983557124,0.00018056881405572646,0.0002459515045574179,0.07079621593422851,0.07222752562229058,0.09838060182296715,3.0166495240505274e-05,0.0,0.0,2.2258468954818345e-18,-4.5102810375396984e-17,-1.1145598333150986e-16,1.2836953722228372e-16,1.8865117801247777e-16,7.621941272573096e-17,1.05574186545776e-16,2.9240927064391866e-17,3.080136750543992e-18,-1.8538135478942475e-05,0.03102756656660049,5.790821484408046e-13,39744,b1ff31716451a2619bcacf9f73b87cc80e4a9e04e16cb445ebc84281b67dc56a,0,0.9998687181042154,316112896,316112896,0.04661966598359868
f3b_fixed_a_n24,fixed_ratio_diagnostic,MMS_A,24,4.5,6.25e-05,256,0.01600000000000001,3.230261362399195e-05,3.370391058579213e-05,4.6914606398253746e-05,0.0034301402730723277,0.0035789339141972395,0.004980824445033181,0.00017718045718081651,0.0001841989569404855,0.00027453367475405166,0.0708721828723266,0.0736795827761942,0.10981346990162066,0.0034301402730723277,0.0035789339141972395,0.004980824445033181,0.00017699328038912868,0.00018401885108002138,0.0002745212505319561,0.07079731215565148,0.07360754043200857,0.10980850021278243,3.370391058574752e-05,0.0,0.0,3.697726974348464e-18,-1.3877787807814457e-16,-7.37257477290143e-18,4.85722573273506e-16,4.518954654919582e-16,3.802297018906664e-16,4.552971498081315e-16,3.4985373081117865e-17,2.700297490865552e-18,-1.9474310519508242e-05,0.03180139807953316,4.5040720836748594e-13,39744,b1ff31716451a2619bcacf9f73b87cc80e4a9e04e16cb445ebc84281b67dc56a,0,0.999853301571469,316129280,316129280,0.04658745898632333
f3b_fixed_a_n24,fixed_ratio_diagnostic,MMS_A,24,4.5,6.25e-05,272,0.01700000000000001,3.5764789159838394e-05,3.731626798180846e-05,5.194183458882721e-05,0.0034902491515920284,0.0036416486710995496,0.005067875422153245,0.0001772037910565351,0.00018884004256825048,0.00030371940291984423,0.07088151642261403,0.07553601702730019,0.12148776116793769,0.0034902491515920284,0.0036416486710995496,0.005067875422153245,0.00017699655275772198,0.00018864554589200088,0.0003037056450247988,0.07079862110308881,0.07545821835680035,0.12148225800991952,3.731626798175134e-05,0.0,0.0,7.708020208764423e-18,3.7816971776294395e-16,-4.380176776841438e-17,5.828670879282072e-16,8.070800971982095e-16,9.4504482364699e-16,7.637662204074136e-16,1.5999422717923778e-17,1.5612314428849483e-18,-2.016277290053651e-05,0.032358678035136944,3.093871861875105e-13,39744,b1ff31716451a2619bcacf9f73b87cc80e4a9e04e16cb445ebc84281b67dc56a,0,0.99983755304013,316162048,316162048,0.04611720802495256
f3b_fixed_a_n24,fixed_ratio_diagnostic,MMS_A,24,4.5,6.25e-05,288,0.018000000000000013,3.927522167965787e-05,4.0978973894578887e-05,5.7038893622149204e-05,0.0035266006291618554,0.0036795754142714683,0.00512040884473203,0.00017722793894201527,0.000194601269059151,0.0003333220078163279,0.07089117557680612,0.07784050762366039,0.13332880312653117,0.0035266006291618554,0.0036795754142714683,0.00512040884473203,0.00017700035951096293,0.00019439401943282755,0.00033330689718757966,0.07080014380438518,0.07775760777313102,0.13332275887503187,4.097897389451675e-05,0.0,0.0,1.2739037040547683e-18,4.5102810375396984e-17,2.5587171270657905e-17,3.920475055707584e-16,7.277164981722706e-16,4.83554168928535e-16,7.114128080035198e-16,6.25152928789911e-17,1.1431491201394021e-18,-2.0584913357088818e-05,0.03269569907799082,1.6023991629341806e-13,39744,b1ff31716451a2619bcacf9f73b87cc80e4a9e04e16cb445ebc84281b67dc56a,0,0.9998215791834233,316260352,316260352,0.046687666967045516
f3b_fixed_a_n24,fixed_ratio_diagnostic,MMS_A,24,4.5,6.25e-05,304,0.019000000000000013,4.281002103104494e-05,4.4667101779733375e-05,6.217107511208064e-05,0.003538956536220677,0.0036924656855953303,0.005138082803419649,0.00017760550307334652,0.0002013843110978954,0.000363140832742026,0.07104220122933862,0.08055372443915815,0.1452563330968104,0.003538956536220677,0.0036924656855953303,0.005138082803419649,0.00017735790693180174,0.0002011660339690882,0.000363124359483491,0.0709431627727207,0.08046641358763527,0.1452497437933964,4.4667101779701106e-05,0.0,0.0,1.0794118801439111e-17,5.204170427930421e-16,-1.3010426069826053e-18,2.185751579730777e-16,5.572799166575493e-16,7.566951893637347e-16,5.917893624176696e-16,3.994730131532909e-17,4.252134909103751e-18,-2.0729367426556077e-05,0.03281025307904521,6.815693464034517e-15,39744,b1ff31716451a2619bcacf9f73b87cc80e4a9e04e16cb445ebc84281b67dc56a,0,0.9998054882159515,316325888,316325888,0.046235499961767346
f3b_fixed_a_n24,fixed_ratio_diagnostic,MMS_A,24,4.5,6.25e-05,320,0.020000000000000014,4.634514044070384e-05,4.835556171673383e-05,6.730344738583898e-05,0.0035272419687888182,0.003680241376619745,0.0051207928678010705,0.00018035255780322445,0.00020905762354456406,0.00039297371705315776,0.07214102312128978,0.08362304941782563,0.1571894868212631,0.0035272419687888182,0.003680241376619745,0.0051207928678010705,0.00018009303980846554,0.00020883001292714405,0.0003929558805015887,0.07203721592338622,0.08353200517085763,0.15718235220063548,4.83555617166957e-05,0.0,0.0,4.072591528399335e-18,-1.5959455978986625e-16,-1.2967057982926633e-16,5.30825383648903e-16,4.909267437014364e-16,3.36617669502437e-16,3.2703603280309634e-16,4.8673276290983166e-17,4.746161693267804e-20,-2.05923184036146e-05,0.03270164558201342,1.4662226371548913e-13,39744,b1ff31716451a2619bcacf9f73b87cc80e4a9e04e16cb445ebc84281b67dc56a,0,0.9997893891648832,316358656,316358656,0.04689837497426197
