path,bytes,sha256,classification
06_experiments/stage_01f5b_requalification_execution/analyze_stage01f5b.py,20174,da229fa064fe85bff67718a7478bf602825df0725264b932201dd34547ecd702,stage01f5b_implementation
06_experiments/stage_01f5b_requalification_execution/checkpoints/f5_hold_a_dt1e3.npz,371323,38c133a28051cfe47b2c74f1bd05712e6cb65c9149c98832508385a13c27c5c6,checkpoint
06_experiments/stage_01f5b_requalification_execution/checkpoints/f5_hold_a_dt1p25e4.npz,382932,4347413ce0348420a46f4d9decbf75e10d07fd92bdc6d9553fc82213f6d43243,checkpoint
06_experiments/stage_01f5b_requalification_execution/checkpoints/f5_hold_a_dt2p5e4.npz,377409,f457d5e71c2ac913e445ed7d2271f395bf9300e5bc3864d96671c078102233d8,checkpoint
06_experiments/stage_01f5b_requalification_execution/checkpoints/f5_hold_a_dt5e4.npz,374540,59342a9877fe647446dd1070907ea80aeda67caa2aab3301012870ac34dc90bc,checkpoint
06_experiments/stage_01f5b_requalification_execution/checkpoints/f5_hold_a_dt6p25e5.npz,386702,43d2ad77c278567416cf82f9c352dacb4e3247dd38067c8f882f02e54077b7a0,checkpoint
06_experiments/stage_01f5b_requalification_execution/checkpoints/f5_hold_a_dt6p25e5_rep2.npz,386702,43d2ad77c278567416cf82f9c352dacb4e3247dd38067c8f882f02e54077b7a0,checkpoint
06_experiments/stage_01f5b_requalification_execution/checkpoints/f5_hold_b_dt1e3.npz,375236,7a94dffdfc4a6fee2d901b83654ae362a8c2d55ae2da788afcb1310d19b64541,checkpoint
06_experiments/stage_01f5b_requalification_execution/checkpoints/f5_hold_b_dt1p25e4.npz,382159,bf760fff8bc9030855d5ce3929d6436a9d43106c032eba5bde8166a70a06c31b,checkpoint
06_experiments/stage_01f5b_requalification_execution/checkpoints/f5_hold_b_dt2p5e4.npz,379604,091c8c5326aceceb1fa2e117d0420e44417c223cb95e12533d38895838216d86,checkpoint
06_experiments/stage_01f5b_requalification_execution/checkpoints/f5_hold_b_dt5e4.npz,377510,ad6a30dab1a005e627a2c6492a28c0d47fa89c7387db35bae7fe6359c42fb104,checkpoint
06_experiments/stage_01f5b_requalification_execution/checkpoints/f5_hold_b_dt6p25e5.npz,388046,0294d93e4d6c08d2088edcfa5f3037cf7df652467fc5d83486e87ed68eea704e,checkpoint
06_experiments/stage_01f5b_requalification_execution/checkpoints/f5_hold_b_dt6p25e5_rep2.npz,388046,0294d93e4d6c08d2088edcfa5f3037cf7df652467fc5d83486e87ed68eea704e,checkpoint
06_experiments/stage_01f5b_requalification_execution/checkpoints/f5_main_a_dt1e3.npz,184762,c3ff8f7252793a97989069b7c11de021500cff2b2a6f7ba87e7ac8bd70ecd227,checkpoint
06_experiments/stage_01f5b_requalification_execution/checkpoints/f5_main_a_dt1p25e4.npz,191493,7db932aa1855b8ab4c8d02a00e8a155f71bb0e7e5582f2e83d4c48c7c40b1088,checkpoint
06_experiments/stage_01f5b_requalification_execution/checkpoints/f5_main_a_dt2p5e4.npz,188731,b6392905504f42c9a77cca6b34684e79c22b44c195196de4c24fc2ecc88e7982,checkpoint
06_experiments/stage_01f5b_requalification_execution/checkpoints/f5_main_a_dt5e4.npz,186433,2780f1d57f40a295cc1a56bf73b3f561157ff70023aaf75f088abf72de43b485,checkpoint
06_experiments/stage_01f5b_requalification_execution/checkpoints/f5_main_a_dt6p25e5.npz,193433,ee754a10d5e2163ceeefd923e5cc866a4cfd1af7d58a9d0a2dba5b6191235b33,checkpoint
06_experiments/stage_01f5b_requalification_execution/checkpoints/f5_main_a_dt6p25e5_rep2.npz,193433,ee754a10d5e2163ceeefd923e5cc866a4cfd1af7d58a9d0a2dba5b6191235b33,checkpoint
06_experiments/stage_01f5b_requalification_execution/checkpoints/f5_main_b_dt1e3.npz,184325,34d285021cebf5ab1d6ad299fb60881cc032828b62963a46d1421183f635edf1,checkpoint
06_experiments/stage_01f5b_requalification_execution/checkpoints/f5_main_b_dt1p25e4.npz,189948,f8830f42b03f78a97caf2fd499929820420e0b20c96704391990120c199ac83b,checkpoint
06_experiments/stage_01f5b_requalification_execution/checkpoints/f5_main_b_dt2p5e4.npz,187257,316de484f30c9e81973887d288908b082c32bc9a14004b96b92eedf243b6eac1,checkpoint
06_experiments/stage_01f5b_requalification_execution/checkpoints/f5_main_b_dt5e4.npz,186481,3ad17347eb2d7c194af804c1e1d3f0f476602193236bfc0a2a726a7e8917a4ae,checkpoint
06_experiments/stage_01f5b_requalification_execution/checkpoints/f5_main_b_dt6p25e5.npz,192155,bdf9c18d44bbefd8d16be5eec7b68009c56933c29df2b8f3a4dfaee50ef2a498,checkpoint
06_experiments/stage_01f5b_requalification_execution/checkpoints/f5_main_b_dt6p25e5_rep2.npz,192155,bdf9c18d44bbefd8d16be5eec7b68009c56933c29df2b8f3a4dfaee50ef2a498,checkpoint
06_experiments/stage_01f5b_requalification_execution/checkpoints/f5_n64_smoke_a_infra_retry1.npz,167976,0595783de3114be9cad219b65c53e3a3da518682f2ea628495a7e296efe99009,checkpoint
06_experiments/stage_01f5b_requalification_execution/checkpoints/f5_n64_smoke_b.npz,187752,7181a1e8313aadad66f0457c68ffa242b7964015d991b9e97d9339a087d76d31,checkpoint
06_experiments/stage_01f5b_requalification_execution/checkpoints/f5_space_a_n16.npz,162665,601e65573234fc1183b2edbc981a9bea565cbe88883d656a7cf074a6173dde35,checkpoint
06_experiments/stage_01f5b_requalification_execution/checkpoints/f5_space_a_n24.npz,377364,2ada2a1ec7eea12c027cb56b17d42474a6c65a4f3af3d2dfc559adc7fb1ae953,checkpoint
06_experiments/stage_01f5b_requalification_execution/checkpoints/f5_space_a_n32.npz,672750,12880b1e3dd9ca928a49608df769221da1fca727fbd340509facc40db2583aee,checkpoint
06_experiments/stage_01f5b_requalification_execution/checkpoints/f5_space_a_n32_rep2.npz,672750,12880b1e3dd9ca928a49608df769221da1fca727fbd340509facc40db2583aee,checkpoint
06_experiments/stage_01f5b_requalification_execution/checkpoints/f5_space_a_n48.npz,1571572,9ffa37ea7a13b69cd6dea11fdd16a07741d314a6facc2234dd5a8659896a2c77,checkpoint
06_experiments/stage_01f5b_requalification_execution/checkpoints/f5_space_a_n64.npz,2828156,6eefaaf15dd960e8e6939fa679f509a488306e6b9115fc3def851e1d819cdc09,checkpoint
06_experiments/stage_01f5b_requalification_execution/checkpoints/f5_space_b_n16.npz,160906,0531b6410766cbde6a6df5b98c2b8fb23360d529e018dc7d2859a2a214d0cb3b,checkpoint
06_experiments/stage_01f5b_requalification_execution/checkpoints/f5_space_b_n24.npz,375370,b2993023e956d3a9efd071dfda500984a3d4ed09a8a2fc4e2caeb0e7935300c2,checkpoint
06_experiments/stage_01f5b_requalification_execution/checkpoints/f5_space_b_n32.npz,678794,93d6fe9d0529fe7ce42ae6835f9e3884e279d692dade39be90f53e71484f68a7,checkpoint
06_experiments/stage_01f5b_requalification_execution/checkpoints/f5_space_b_n32_rep2.npz,678794,93d6fe9d0529fe7ce42ae6835f9e3884e279d692dade39be90f53e71484f68a7,checkpoint
06_experiments/stage_01f5b_requalification_execution/checkpoints/f5_space_b_n48.npz,1593243,ce0405b1b72a119a56547b7a5d6ba6f2d577ff95dc83e6d0fe7bbff67faf98b4,checkpoint
06_experiments/stage_01f5b_requalification_execution/checkpoints/f5_space_b_n64.npz,2965742,8cb418c4e0ac820977e997965897320c4176b5a0e777e500b1bf578c3b27ca5f,checkpoint
06_experiments/stage_01f5b_requalification_execution/checkpoints/f5_space_iso_a_dt3p125e5.npz,686596,aa6fd1080df4c7cbb2dcdcb486aabcd8d2f9f437592b5c31946d2194dd75f435,checkpoint
06_experiments/stage_01f5b_requalification_execution/checkpoints/f5_space_iso_a_dt6p25e5.npz,672750,12880b1e3dd9ca928a49608df769221da1fca727fbd340509facc40db2583aee,checkpoint
06_experiments/stage_01f5b_requalification_execution/checkpoints/f5_space_iso_b_dt3p125e5.npz,685905,f69fd9c4ba19176cb9316f36e15dda3196e98de67a2e2ef1a782c547f3543bb5,checkpoint
06_experiments/stage_01f5b_requalification_execution/checkpoints/f5_space_iso_b_dt6p25e5.npz,678794,93d6fe9d0529fe7ce42ae6835f9e3884e279d692dade39be90f53e71484f68a7,checkpoint
06_experiments/stage_01f5b_requalification_execution/configs/stage01f5b_execution.yml,8196,3be8e6e711796ec720cb02666ce8ba70478b28e031452a278e9824fc5dd4bbd7,stage01f5b_implementation
06_experiments/stage_01f5b_requalification_execution/evaluate_stage01f5b.py,14297,6c6fae47dc73a6c9472f164af5ba62ae40fcd7f158271e01768c592b83e57c21,stage01f5b_implementation
06_experiments/stage_01f5b_requalification_execution/generate_stage01f5b_reports.py,13831,dc74117e1073c8ece0743e14bfafa3b56b60ae84a91519c285ef8f719336bbfb,stage01f5b_implementation
06_experiments/stage_01f5b_requalification_execution/logs/f5_hold_a_dt1e3.log,48,6a2d9b1e95d704d6fb9e39dc858c525ed8eb9d86b55c1ecc5d7eebf743537285,log
06_experiments/stage_01f5b_requalification_execution/logs/f5_hold_a_dt1p25e4.log,51,c5cde5015a5eafe7878c21dde96088dfbfd3b15af39ec6a14eff2f74f3af9252,log
06_experiments/stage_01f5b_requalification_execution/logs/f5_hold_a_dt2p5e4.log,50,ce292fd5828416b2fd2a07a87584e8c0e9a436185551bc63f4a8dd3c52abe27d,log
06_experiments/stage_01f5b_requalification_execution/logs/f5_hold_a_dt5e4.log,48,091a012d27d4fed2945455384668f58c9b355fc933af522a01824164ad9cc362,log
06_experiments/stage_01f5b_requalification_execution/logs/f5_hold_a_dt6p25e5.log,51,85ed43560a86e03f7f9efff4fc827f0a4261eba16a3874f3b11f003c8052eddd,log
06_experiments/stage_01f5b_requalification_execution/logs/f5_hold_a_dt6p25e5_rep2.log,56,afe97db19f9208e4bfe12c9f309e099f9d3321fa4bd4b59f6c7afa5ee0a3f69e,log
06_experiments/stage_01f5b_requalification_execution/logs/f5_hold_b_dt1e3.log,48,1c1785d011c9780301ada1c329a5600552b46e7c92fc2c09d3445660c2541345,log
06_experiments/stage_01f5b_requalification_execution/logs/f5_hold_b_dt1p25e4.log,51,6ba4411d7c9cb45c40dfc204fbc29aae01788552ad511e6d1041ac7858a86198,log
06_experiments/stage_01f5b_requalification_execution/logs/f5_hold_b_dt2p5e4.log,50,893adca7d387ddf3f20866588f6c2bcbee309ba252d4ed58121bd465d9f535ab,log
06_experiments/stage_01f5b_requalification_execution/logs/f5_hold_b_dt5e4.log,48,156ad7798810fa29713ecc91c750bf82f1579b5ec5372ddb29155aa517c06bb7,log
06_experiments/stage_01f5b_requalification_execution/logs/f5_hold_b_dt6p25e5.log,51,9d2bb164c5d125414a07e6b1b91d547aee97c752b578be952f8a6ffc7110088f,log
06_experiments/stage_01f5b_requalification_execution/logs/f5_hold_b_dt6p25e5_rep2.log,56,f9648e5a6ad2ff051377767264231794f3facaf1742605922ff8145e4a4b852c,log
06_experiments/stage_01f5b_requalification_execution/logs/f5_main_a_dt1e3.log,48,06fd8cee58d09bc63beae77c23f6b6139a5b21bf24b1121c85a0daa5ce410015,log
06_experiments/stage_01f5b_requalification_execution/logs/f5_main_a_dt1p25e4.log,51,4cefd1b3317f8f2988d733973b2cc756ebdfac7019e85eb83da5de42457e6338,log
06_experiments/stage_01f5b_requalification_execution/logs/f5_main_a_dt2p5e4.log,50,147e72a5c24441406eac461a5dbe2863753ce43e987685c4e46e9eab2b0b8db5,log
06_experiments/stage_01f5b_requalification_execution/logs/f5_main_a_dt5e4.log,48,daccd98170ceb2a0c4d9ffe9f34228152bda33b7e2101ad94e29291813e05373,log
06_experiments/stage_01f5b_requalification_execution/logs/f5_main_a_dt6p25e5.log,51,873794685cf4c17c9c9ef301b60523f9acab8a5ab587f6833ca5a560c4975fd8,log
06_experiments/stage_01f5b_requalification_execution/logs/f5_main_a_dt6p25e5_rep2.log,56,fc8276b93da95e073604a5cb2661eec1aafbd7018bea29e7947c26cc612c1847,log
06_experiments/stage_01f5b_requalification_execution/logs/f5_main_b_dt1e3.log,48,b96e10da5829fa5b2ff45b5f05c31ab60281555c23bc8ebcf673f68190976ad5,log
06_experiments/stage_01f5b_requalification_execution/logs/f5_main_b_dt1p25e4.log,51,525e011704d62e290a55f5b9981a91cf190bc982de0513182d311465ec6249ed,log
06_experiments/stage_01f5b_requalification_execution/logs/f5_main_b_dt2p5e4.log,50,c5e75c14764be550b26a21bbcf5def0c672768a1571c384c7ea3a3ca946aef4d,log
06_experiments/stage_01f5b_requalification_execution/logs/f5_main_b_dt5e4.log,48,c509b41cda4392b64511264e054f1dd06fb663bb106a37975c96e8d78b87443a,log
06_experiments/stage_01f5b_requalification_execution/logs/f5_main_b_dt6p25e5.log,51,0ae81fbfacadc8970ca80fe770a685e4fb08f23443c2ad039a3852a3075287c7,log
06_experiments/stage_01f5b_requalification_execution/logs/f5_main_b_dt6p25e5_rep2.log,56,290a0d6c9b1bfcfb270b9c8e83ca14e6bdc217397a020520931a7fa30a5cdb6d,log
06_experiments/stage_01f5b_requalification_execution/logs/f5_n64_smoke_a_infra_retry1.log,60,87bee19520cee721c5bf5cf833025eaffb03642d0d41c44df72cbc5e16478fc9,log
06_experiments/stage_01f5b_requalification_execution/logs/f5_n64_smoke_b.log,47,7381ac06f35120875c567e6a251ec9ba6648ea08144442f652dfb819bcd61aec,log
06_experiments/stage_01f5b_requalification_execution/logs/f5_ref_hold_a_baseline.log,55,816b2c9e06e0f614c31749b01bb7b100b2e8e7056d34a5e13b61884d8702e7dc,log
06_experiments/stage_01f5b_requalification_execution/logs/f5_ref_hold_a_third.log,52,363bfa158f5543123917949f900229b8a8630d4bb9014fdf1b128d934b9a43c8,log
06_experiments/stage_01f5b_requalification_execution/logs/f5_ref_hold_a_tighter.log,54,6ac72864391a651a32335850a352431c5cc7e2dd86feef90552b80c12a3e2b50,log
06_experiments/stage_01f5b_requalification_execution/logs/f5_ref_hold_b_baseline.log,55,06a29853b548e62326755bf280e23bf59335ee58f4dbb290e22773357e653dc2,log
06_experiments/stage_01f5b_requalification_execution/logs/f5_ref_hold_b_third.log,52,b2fa05572eb970e563a23083671e22d4e1cddc13cccbb55dbc52723c49918711,log
06_experiments/stage_01f5b_requalification_execution/logs/f5_ref_hold_b_tighter.log,54,3dfd4d52664afcf8335ecaaf132652f31aa4a4280e975c1d28fd609f069e654a,log
06_experiments/stage_01f5b_requalification_execution/logs/f5_ref_main_a_baseline.log,55,c097c00f8daf95abdef1075f8923c0a8dd3b02b3ca739d77bcab59024c32dfbd,log
06_experiments/stage_01f5b_requalification_execution/logs/f5_ref_main_a_third.log,52,d20211efd9b20b075ede7a4d8f568ac26fcd07c79b2fdfe9a7365f0a8596f019,log
06_experiments/stage_01f5b_requalification_execution/logs/f5_ref_main_a_tighter.log,54,4d5464cb61f3a6e6c9a13b292b9dd5dc8a6e96d70a4bf03d0674e7bbe867211d,log
06_experiments/stage_01f5b_requalification_execution/logs/f5_ref_main_b_baseline.log,55,ceaa725d78e90b844f52bcd86127eaeabd3555f3ce44ceba0993262ee0b6bd3a,log
06_experiments/stage_01f5b_requalification_execution/logs/f5_ref_main_b_third.log,52,14617a6260146d278b16ec4e3895bc047435175de0cc14f4207fc07e1fe85591,log
06_experiments/stage_01f5b_requalification_execution/logs/f5_ref_main_b_tighter.log,54,984adba0ca0e06b17f948348f799a125dfdd454320e14d376b04250cc1965e2a,log
06_experiments/stage_01f5b_requalification_execution/logs/f5_ref_space_b_n16_baseline.log,60,9a844b6f618a00cf214a87506ad3f8f2c6416e70e2d2beaa724f17112dc16704,log
06_experiments/stage_01f5b_requalification_execution/logs/f5_ref_space_b_n16_third.log,57,94aab81bfaee1c1385fb7a42e0b1b740224882bd6b5ab8618467be8e634e27eb,log
06_experiments/stage_01f5b_requalification_execution/logs/f5_ref_space_b_n16_tighter.log,59,8b90a835da86f058e45f8c0a05cbfe33708a1752bf102ed59e3927b111217a11,log
06_experiments/stage_01f5b_requalification_execution/logs/f5_ref_space_b_n24_baseline.log,60,4ef45fa9e079e14e1024b6a83401ccc195cb00991ca429ea48219569464dcc6e,log
06_experiments/stage_01f5b_requalification_execution/logs/f5_ref_space_b_n24_third.log,57,dd2c69b49ba35e869712342265b965b47210b0ce4afacddfdd2c77d78f14b903,log
06_experiments/stage_01f5b_requalification_execution/logs/f5_ref_space_b_n24_tighter.log,59,2abfdff9b0c9bbc329b46fe7fcf1ea3bff2c9bf8659ebbd80cdf5a985f3c301d,log
06_experiments/stage_01f5b_requalification_execution/logs/f5_ref_space_b_n32_baseline.log,60,3651f2c3e229b03a2c2f3ab89d8968fcc1cad67de313bf1ec0e80b30d869c65f,log
06_experiments/stage_01f5b_requalification_execution/logs/f5_ref_space_b_n32_third.log,57,f2bd58fc7f4eaf6b6dc3c97b8c812d6690f953008ca9a2f2f7ccf8e5e844b017,log
06_experiments/stage_01f5b_requalification_execution/logs/f5_ref_space_b_n32_tighter.log,59,e122dd968c9d0b346fdade6e5597af9344968f9802616a0e36f3c0290a936a43,log
06_experiments/stage_01f5b_requalification_execution/logs/f5_ref_space_b_n48_baseline.log,60,3a5c68075eaca3a74f2f00d59a427f359efb6c6a00e3dd968ef28c900b6e581a,log
06_experiments/stage_01f5b_requalification_execution/logs/f5_ref_space_b_n48_third.log,57,f0aeda1cd0801fc715cba69d4b62c0ca78475945ace70406efaa062cf2ea6639,log
06_experiments/stage_01f5b_requalification_execution/logs/f5_ref_space_b_n48_tighter.log,59,a90949002363a5bfa571eea24d4a8cd210830a2bdbbb8462f22dfdcf25faff09,log
06_experiments/stage_01f5b_requalification_execution/logs/f5_ref_space_b_n64_baseline.log,60,e44eb1c67aa49163c79360de05828e5de41793a0b5166a76e11ee20f75f74e8c,log
06_experiments/stage_01f5b_requalification_execution/logs/f5_ref_space_b_n64_third.log,57,430973f4a236266e77bed08d8e1748944d8fe43a57a5d3a0acb8b5e47f904408,log
06_experiments/stage_01f5b_requalification_execution/logs/f5_ref_space_b_n64_tighter.log,59,c941423fc05c2e267105f013644898b1e9124afe2ae5628c3c26b3f13fe5b9fd,log
06_experiments/stage_01f5b_requalification_execution/logs/f5_space_a_n16.log,47,7318fa1231c390e7e766138ce87d3575d659694c5f37527b0e622248d5314f05,log
06_experiments/stage_01f5b_requalification_execution/logs/f5_space_a_n24.log,47,5886b58bb42b34e194e1e8761bc530b35bb36bf6c2ae8e1dbbaccd7ac1823237,log
06_experiments/stage_01f5b_requalification_execution/logs/f5_space_a_n32.log,47,3f00825f3453557f252a0335bd18c172a627ec9149d5b0950ea72eb9d8e138ac,log
06_experiments/stage_01f5b_requalification_execution/logs/f5_space_a_n32_rep2.log,52,a761d915d5552cd363f0c9277d643e7f19462b6c94b653bd7719737c1a9a862e,log
06_experiments/stage_01f5b_requalification_execution/logs/f5_space_a_n48.log,47,768b8c403a7ea5816d3edbfcf6a1ffa7e9923df84277821f597019eacf4c17b0,log
06_experiments/stage_01f5b_requalification_execution/logs/f5_space_a_n64.log,47,37f1b90f9dcec00f8fd397a8202ec6300785a4e2b9d079b47eea749a63077746,log
06_experiments/stage_01f5b_requalification_execution/logs/f5_space_b_n16.log,47,82245fb75b19787ed854a968172f11ec56c3ec69725751e4e1c07bf56f03ec0c,log
06_experiments/stage_01f5b_requalification_execution/logs/f5_space_b_n24.log,47,45e4e5023026a6f36a826c9c165a27782547e94aeb35c51172fb95323e8e340f,log
06_experiments/stage_01f5b_requalification_execution/logs/f5_space_b_n32.log,47,d427cd566e7c2212a28cf658a631c3bfdcede3fd11e4e314c06a6de46d566a28,log
06_experiments/stage_01f5b_requalification_execution/logs/f5_space_b_n32_rep2.log,52,2c258971b00de098ee031d95c76564d5c71c9d900b923ff092a7d284ed073282,log
06_experiments/stage_01f5b_requalification_execution/logs/f5_space_b_n48.log,47,924a3cb8462d9c31f0930cf32ef40ee17083cbdc783be84c4357fdb7dc6a2b17,log
06_experiments/stage_01f5b_requalification_execution/logs/f5_space_b_n64.log,47,4d2abc797a6ca3dd9bb709a59fcf2be4a628713a23e188121ffd392e429ef507,log
06_experiments/stage_01f5b_requalification_execution/logs/f5_space_iso_a_dt3p125e5.log,57,bde31b0a4ab5c72b9a944b00e5173fa4b5f5fe2c4b151940ffd357e87b21bd8b,log
06_experiments/stage_01f5b_requalification_execution/logs/f5_space_iso_a_dt6p25e5.log,56,0f2cf1337ea9166f59ee4003222c3f7c7f1cbe7a121466bcbad9558b3891acd2,log
06_experiments/stage_01f5b_requalification_execution/logs/f5_space_iso_b_dt3p125e5.log,57,c62a6222f12a594b77f65bdfdbaf616244a787f070d203cc9c2dc8e9727e0bb5,log
06_experiments/stage_01f5b_requalification_execution/logs/f5_space_iso_b_dt6p25e5.log,56,9b6d433f05cc40929416788a5154583e6f7df0f575e2bba6d3008f575d4983d8,log
06_experiments/stage_01f5b_requalification_execution/logs/phase_f_space_step_decision.log,47,8415c6d6d33086407f20aff1ff60c4f78298f4e9f3ac757b3d3c491ca21f0757,log
06_experiments/stage_01f5b_requalification_execution/logs/phase_j_n64.log,41,90cf66a4b324a17e66fbd2d670eb67aed6d35dc279132daeee69cc6ac23cd4a1,log
06_experiments/stage_01f5b_requalification_execution/logs/phase_j_space.log,42,296205532af9cacb379d2d4e6994495833c8af57dd559419e7457cc2d31b9921,log
06_experiments/stage_01f5b_requalification_execution/manifests/n64_trigger_decision.json,3132,179543fce038f59f5f25605cab67f786326e0b274df89e81f40b8c4e58af18ee,manifest
06_experiments/stage_01f5b_requalification_execution/manifests/numerical_source_identity.csv,18982,45aff07f5936b3a58ddc867da3b14eb3cb27cebe9c2b9eeafa3aecd14c8335fb,manifest
06_experiments/stage_01f5b_requalification_execution/manifests/postexecution_evaluator_amendment.json,1227,8932128638970f38308d9b871ade50e47b8eff533f8420da0c6183c75cc889f7,manifest
06_experiments/stage_01f5b_requalification_execution/manifests/preexecution_artifact_manifest.csv,1037,b917fc7172823424ec159db6d16d302e5e7367835a969e632b6a731ff2c5049c,manifest
06_experiments/stage_01f5b_requalification_execution/manifests/space_step_decision.json,1980,4661c53708a9b525be59d8c3c6e26be7021e744c6b208e2c48f2eba0742df01a,manifest
06_experiments/stage_01f5b_requalification_execution/manifests/stage01f5b_preexecution_commit.txt,300,ab2aac4b131878019b57c3c2fb41ba847b3df5605ef16db3c88427a836d14f29,manifest
06_experiments/stage_01f5b_requalification_execution/manifests/stage01f5q_frozen_sha256_manifest.csv,1561,9002f88f9c8d0c9e2cdd6d2ba481ad2da0a0729f52e88331a8401854bef58b63,manifest
06_experiments/stage_01f5b_requalification_execution/references/f5_ref_hold_a_baseline.npz,250123,184713053599359e639a9ac6da2459190c10add758871856303609d62969f438,reference
06_experiments/stage_01f5b_requalification_execution/references/f5_ref_hold_a_third.npz,254082,2bd5548329fc57e3c9a8b1c2cb01c458c232fdbc80c3c1f2a30d3a0e708bece7,reference
06_experiments/stage_01f5b_requalification_execution/references/f5_ref_hold_a_tighter.npz,252376,ad31d7752b844b69acbfb5257b9190af8784b0b7ee07364bbcba73671ea44194,reference
06_experiments/stage_01f5b_requalification_execution/references/f5_ref_hold_b_baseline.npz,279594,c37dbffbedf33763c0373d0b859964dc0804734ba420dc3df3e1649b2922968e,reference
06_experiments/stage_01f5b_requalification_execution/references/f5_ref_hold_b_third.npz,281586,f17ca3aab5768375a50256c863d44b47c8e27f2532a28471c940d2a625220617,reference
06_experiments/stage_01f5b_requalification_execution/references/f5_ref_hold_b_tighter.npz,281919,7dadc7d1b8255370233fadd6b51713ca120eef54ff51ffd7b94b03df5337ce32,reference
06_experiments/stage_01f5b_requalification_execution/references/f5_ref_main_a_baseline.npz,119931,eb730781edd316b8243a0eb4df7fb72bc2e0fed268031ce68a1740b2af87106a,reference
06_experiments/stage_01f5b_requalification_execution/references/f5_ref_main_a_third.npz,121431,483d8628ce35d865bfc8ffe5194b772519f374493ef105d71744fbb6d7f4b215,reference
06_experiments/stage_01f5b_requalification_execution/references/f5_ref_main_a_tighter.npz,119374,9f25effcbe9b8d03ebbd5268fab90822d1fb0a5e454a5eb8866d7f444f3790ad,reference
06_experiments/stage_01f5b_requalification_execution/references/f5_ref_main_b_baseline.npz,116478,487089c56d9f4e384a151fcfabf4cf0c5b92ca3963a31b7ecbf8c2ec0b71094f,reference
06_experiments/stage_01f5b_requalification_execution/references/f5_ref_main_b_third.npz,119450,a82c930ae0feb1eb8d931392fdcf4d0adfd69d4c9ab2ccc8587164fc5699a944,reference
06_experiments/stage_01f5b_requalification_execution/references/f5_ref_main_b_tighter.npz,117714,51383796546e0afa95c06eaf1376dda16a0d76662e8b6b91d5cbb12852b5b9a8,reference
06_experiments/stage_01f5b_requalification_execution/references/f5_ref_space_b_n16_baseline.npz,91423,89f06cd30399bb69b822c585e73753b2a3f372ab6009d248a508548fe92dce95,reference
06_experiments/stage_01f5b_requalification_execution/references/f5_ref_space_b_n16_third.npz,93732,b0815f6eb5c656226fe46f0e264194f807baf1209cce288018a6e102b86e88fb,reference
06_experiments/stage_01f5b_requalification_execution/references/f5_ref_space_b_n16_tighter.npz,92803,0fead23a4c4c8053bee7988a87b5ebdc01c5e5c0728b2cb7b425c5d4957499d0,reference
06_experiments/stage_01f5b_requalification_execution/references/f5_ref_space_b_n24_baseline.npz,268463,a562b88a8bbc92f03ba5b20f7b5a0fae0b13a273e3266c51bb895fb4e61e0d33,reference
06_experiments/stage_01f5b_requalification_execution/references/f5_ref_space_b_n24_third.npz,272729,e592e6fa3108f821bf06234d205f5ac78f4cd6c8bd4f752ab17b5687d9547172,reference
06_experiments/stage_01f5b_requalification_execution/references/f5_ref_space_b_n24_tighter.npz,269240,c5a1c6769afe71342181e6f3ef6ded425f5372c80f15749133a03f3049bdcd90,reference
06_experiments/stage_01f5b_requalification_execution/references/f5_ref_space_b_n32_baseline.npz,534938,8ffeba854501a9b49b06f421acbc02ea8c10d51a1048fe23852088041d0b79da,reference
06_experiments/stage_01f5b_requalification_execution/references/f5_ref_space_b_n32_third.npz,539642,1fc7d0c2834c6506acf42d86a748c3515e90ba439eba7b0011ab522b577dd42c,reference
06_experiments/stage_01f5b_requalification_execution/references/f5_ref_space_b_n32_tighter.npz,536932,c73152a8c7c4077d174d358391fc9290e34124b53871fb8f989dae185745f688,reference
06_experiments/stage_01f5b_requalification_execution/references/f5_ref_space_b_n48_baseline.npz,1324696,05ccdff17849adcf3c37a5600fdf96ea753650b679b9d444c1db23031642133c,reference
06_experiments/stage_01f5b_requalification_execution/references/f5_ref_space_b_n48_third.npz,1327713,820dd17fe77ee5c60c31afaa3c8e6766f7821749795ab42326a04e84c3ef9460,reference
06_experiments/stage_01f5b_requalification_execution/references/f5_ref_space_b_n48_tighter.npz,1327226,72ca47c15006a38b7fbcd5419097e21dd01d89570437ac055318984641b16872,reference
06_experiments/stage_01f5b_requalification_execution/references/f5_ref_space_b_n64_baseline.npz,2418812,1c148ba96006a9fd3bd6ace73e50d0f4c468f37d3ce62ce5e6e73911ad931afe,reference
06_experiments/stage_01f5b_requalification_execution/references/f5_ref_space_b_n64_third.npz,2420975,dab250b1bbb6bd34dab42ac3d4c8f688c3085d26fa6d627ce43d78f60092e1d4,reference
06_experiments/stage_01f5b_requalification_execution/references/f5_ref_space_b_n64_tighter.npz,2419701,26c8f1e543ee3c7972a8d4320aa0abd50b30ae3b1f51c6b4ed3215768b07920d,reference
06_experiments/stage_01f5b_requalification_execution/results/determinism.json,5605,2f73ab46845e10d4da1253bad789cc9431d99f608823339c04a1d4b70aaff7f7,aggregate_result
06_experiments/stage_01f5b_requalification_execution/results/phase_progress.json,70,6e26eea5b281e77b01a7ba4f4677a8025003693b017b1e77f917f174c1a966a8,aggregate_result
06_experiments/stage_01f5b_requalification_execution/results/preflight_audit.json,7950,74f824122ba17577630c0f0d926745984c87a361e1d2f9e0e0139932afffd2bf,aggregate_result
06_experiments/stage_01f5b_requalification_execution/results/preflight_audit_attempt2.json,7943,67e2699c493bc7758e9a9d068923c4990d9cb3a8ea1afbdd384dd2b30646cc0f,aggregate_result
06_experiments/stage_01f5b_requalification_execution/results/reference_qualification.json,10280,cde6f9f3af3df4cc1fdd3731b9c50cf7c7c1eb347993ccff16cc92f11e2ae44e,aggregate_result
06_experiments/stage_01f5b_requalification_execution/results/run_status_table.csv,3852,f6049e6bf12687d3f1b6097cef2c84e613fef73743bb361ef59e001df520b4ed,aggregate_result
06_experiments/stage_01f5b_requalification_execution/results/spatial_analysis.json,9082,40ec9202640d955ba0261de554ceae0c5d1258051d10d091225d7468d007da74,aggregate_result
06_experiments/stage_01f5b_requalification_execution/results/stage01f5b_evaluation.json,11066,4b3eec7d6283049c9873bb2e8416adb734442bdc77fa3c2cf97fabf89dbeea32,aggregate_result
06_experiments/stage_01f5b_requalification_execution/results/time_and_platform_analysis.json,71769,098e3c93fec707a4a8a40b54316f043a772cce771d8d3cf7a5f264e0ca4ae4dd,aggregate_result
06_experiments/stage_01f5b_requalification_execution/run_stage01f5b_campaign.py,17448,394601cac3d3dd007330e48ec8f1ae676f6e5aa558301fb5c403199022d2bc0b,stage01f5b_implementation
06_experiments/stage_01f5b_requalification_execution/runs/f5_hold_a_dt1e3/status.json,94,86149e81ddf02313cf3bb2b0ea0ec5465958884a11c43ee8a4bd4b9feb217123,run_evidence
06_experiments/stage_01f5b_requalification_execution/runs/f5_hold_a_dt1e3/summary.json,2063,250bc069add5b18e2df257b0ad4dccb1eb95e034149654ec2f3f39bb0db882b1,run_evidence
06_experiments/stage_01f5b_requalification_execution/runs/f5_hold_a_dt1p25e4/status.json,97,4250373b3946cba43a99f5f881a568426bf980dfd7b46ca84c202c505a7f8c90,run_evidence
06_experiments/stage_01f5b_requalification_execution/runs/f5_hold_a_dt1p25e4/summary.json,2074,8f832db757af207750f3853ed24a40dfdd2e2d30e2ccb42740f496c8192a584e,run_evidence
06_experiments/stage_01f5b_requalification_execution/runs/f5_hold_a_dt2p5e4/status.json,96,b234437a25d10262465973920c1b5b7c7af19804a5069a4abbdecc310ea38c29,run_evidence
06_experiments/stage_01f5b_requalification_execution/runs/f5_hold_a_dt2p5e4/summary.json,2070,e369b07f95ff3b13854d7d8d607ddf6617586ce9fc437c7dff001779eb9270b5,run_evidence
06_experiments/stage_01f5b_requalification_execution/runs/f5_hold_a_dt5e4/status.json,94,15e69760837b505d9899189dbb088ce25d416d352c190061643e38ee53454998,run_evidence
06_experiments/stage_01f5b_requalification_execution/runs/f5_hold_a_dt5e4/summary.json,2060,a757caced5d5a5d5c4dddc5ebc9e5d7059646be4e9f565c3624251b8aa0045f1,run_evidence
06_experiments/stage_01f5b_requalification_execution/runs/f5_hold_a_dt6p25e5/status.json,97,e1ff54d5fde9b47b70bbc153ce0e581fe4f940368e161b1856603ce810322464,run_evidence
06_experiments/stage_01f5b_requalification_execution/runs/f5_hold_a_dt6p25e5/summary.json,2074,31bf1b6d26b4604675b750dba89d804431a2a3126c631c13c0b67f781b533fb0,run_evidence
06_experiments/stage_01f5b_requalification_execution/runs/f5_hold_a_dt6p25e5_rep2/status.json,102,18278126a419a894a0033cd20644c88e9fa5a4afe4b35dfd9491b9f4f62100b4,run_evidence
06_experiments/stage_01f5b_requalification_execution/runs/f5_hold_a_dt6p25e5_rep2/summary.json,2091,37f682f92e661651abffa48777587d40e68aa5fa5ad91e2ec1acc92e83bb6455,run_evidence
06_experiments/stage_01f5b_requalification_execution/runs/f5_hold_b_dt1e3/status.json,94,38349f402d6cf80cd9c4e829555043defc2405bf5651df60172a3a4ce97523fd,run_evidence
06_experiments/stage_01f5b_requalification_execution/runs/f5_hold_b_dt1e3/summary.json,2055,1d8d9e1c5dfbbb2dc555896e04a0e0a8ced341fcd6baa85f44937ec6da661dd2,run_evidence
06_experiments/stage_01f5b_requalification_execution/runs/f5_hold_b_dt1p25e4/status.json,97,bedc3d2f1cd502642df38bd3f6716874438ba44addf484ec70d55ab49334922f,run_evidence
06_experiments/stage_01f5b_requalification_execution/runs/f5_hold_b_dt1p25e4/summary.json,2070,acd2e0b2ca32ac69c09cadf8056bdf0fcf670b666bf9d1a0f7d23b97cb027f7d,run_evidence
06_experiments/stage_01f5b_requalification_execution/runs/f5_hold_b_dt2p5e4/status.json,96,fadb173db04b0044b9c221d0c033249d7256cdac14b9cacb57645711a1d7b5af,run_evidence
06_experiments/stage_01f5b_requalification_execution/runs/f5_hold_b_dt2p5e4/summary.json,2061,8277f6cab8e3dc45737d7eacd6f8566caf1338f4985140071cbb4cc66b980567,run_evidence
06_experiments/stage_01f5b_requalification_execution/runs/f5_hold_b_dt5e4/status.json,94,b75bb5e8b8a85bc808acc7a2d2d9b312f4f9354ae1711308fcf1bff6bb56a515,run_evidence
06_experiments/stage_01f5b_requalification_execution/runs/f5_hold_b_dt5e4/summary.json,2059,52094b4346a04707da597e5d707ab2864a9071dd6394a062cd19dfc1e6494d0f,run_evidence
06_experiments/stage_01f5b_requalification_execution/runs/f5_hold_b_dt6p25e5/status.json,97,179587337accb02520cd554b47c370f9f7079f553510ac6f6e2dd85b8807d28d,run_evidence
06_experiments/stage_01f5b_requalification_execution/runs/f5_hold_b_dt6p25e5/summary.json,2073,8a090f14034f0f5edf789047915137347679dd60e0118ded03ef436c680847e0,run_evidence
06_experiments/stage_01f5b_requalification_execution/runs/f5_hold_b_dt6p25e5_rep2/status.json,102,7e0d7775aea5371540d350ecdc2d0b1ae86cff18f4c883c82c93fe492f7b299b,run_evidence
06_experiments/stage_01f5b_requalification_execution/runs/f5_hold_b_dt6p25e5_rep2/summary.json,2086,373be5d7335e43154ec711d6ef0b1daf8770b46fc6452014d9ce4e7813f9d7b8,run_evidence
06_experiments/stage_01f5b_requalification_execution/runs/f5_main_a_dt1e3/status.json,94,2d81a0ad08116a223ee8fba136d905d73bcd6d425d286b4b45eaa08880626f25,run_evidence
06_experiments/stage_01f5b_requalification_execution/runs/f5_main_a_dt1e3/summary.json,2072,cf146f773450918eb525ac4d69bfb06fb8eb7ead0131be092fa67ae33c152191,run_evidence
06_experiments/stage_01f5b_requalification_execution/runs/f5_main_a_dt1p25e4/status.json,97,0873df5a8a5a11d6b2ca9b9971c09bee56997febfee0b6ba21237d9de707db34,run_evidence
06_experiments/stage_01f5b_requalification_execution/runs/f5_main_a_dt1p25e4/summary.json,2083,fd120060d69022d29757a6390375bd93fa3c0a90f0e0ab38f0374e9b1aeb37c9,run_evidence
06_experiments/stage_01f5b_requalification_execution/runs/f5_main_a_dt2p5e4/status.json,96,e93daf5d85475f38839912cc6b2c47d172609bc3d085958fdfc7e5a47f6447e3,run_evidence
06_experiments/stage_01f5b_requalification_execution/runs/f5_main_a_dt2p5e4/summary.json,2080,963baad5c1e9851aaa7a51a400467fabfa9c7d64533373e0f99c2406a160d7f8,run_evidence
06_experiments/stage_01f5b_requalification_execution/runs/f5_main_a_dt5e4/status.json,94,c39083697db5454106eeda206a77ac4ac4dc6b0fe54477b5cbc1f65a8fc3eb8e,run_evidence
06_experiments/stage_01f5b_requalification_execution/runs/f5_main_a_dt5e4/summary.json,2073,52f9214515ce50410d98c429e0ecf0b91fcd30a811e3da273e11004a131138ec,run_evidence
06_experiments/stage_01f5b_requalification_execution/runs/f5_main_a_dt6p25e5/status.json,97,be679baa748d080f97b8cf5a041364857aef03c5d01e063d01841458a2bc7344,run_evidence
06_experiments/stage_01f5b_requalification_execution/runs/f5_main_a_dt6p25e5/summary.json,2082,216f52be2d94e56b713cdbb69ecca7994e773bdf66d1844e41543b32eaa4fcd5,run_evidence
06_experiments/stage_01f5b_requalification_execution/runs/f5_main_a_dt6p25e5_rep2/status.json,102,4924392c31bd6a681f96982991035175167cb4665ee8a4aebd9492219480acb0,run_evidence
06_experiments/stage_01f5b_requalification_execution/runs/f5_main_a_dt6p25e5_rep2/summary.json,2100,b2f7c4eaa0622dd6ff9a976ae6fad5186f69261524e7c64b8071dc66112a7806,run_evidence
06_experiments/stage_01f5b_requalification_execution/runs/f5_main_b_dt1e3/status.json,94,1f8bee4f8acc6e7f04a0ac564a6da44d32222a7cb88e2bdabf631ef7e7f3ac96,run_evidence
06_experiments/stage_01f5b_requalification_execution/runs/f5_main_b_dt1e3/summary.json,2071,09d56ad56d99bc15a9dd4bbe30efc45d316a45c623bc4fd11eb6c6a77bd192a1,run_evidence
06_experiments/stage_01f5b_requalification_execution/runs/f5_main_b_dt1p25e4/status.json,97,06c87882173b498931a4946a13e03c2a0b1c191855b31efe5995fa3ffcef51e0,run_evidence
06_experiments/stage_01f5b_requalification_execution/runs/f5_main_b_dt1p25e4/summary.json,2081,c7954d87e282357456e1c94a1f12cb7efd7978aceca7e8295e64cb398a21385f,run_evidence
06_experiments/stage_01f5b_requalification_execution/runs/f5_main_b_dt2p5e4/status.json,96,1e20c1961aeea6d9c4f894c37cef0abb49cc5e77ebceb0dca2373530f2e73053,run_evidence
06_experiments/stage_01f5b_requalification_execution/runs/f5_main_b_dt2p5e4/summary.json,2075,5b480c8d19a5795ea4f69b4881019a9d13d5a5b251c82cd5d9b41191b2321797,run_evidence
06_experiments/stage_01f5b_requalification_execution/runs/f5_main_b_dt5e4/status.json,94,dff6805844b86dac286f49a45eacb255bc50c626c6fc86f9f5f77d823f79a901,run_evidence
06_experiments/stage_01f5b_requalification_execution/runs/f5_main_b_dt5e4/summary.json,2065,de885e64e7de145157f548ee9b3bb90fba9de8f049f72b01867686185adbf2ff,run_evidence
06_experiments/stage_01f5b_requalification_execution/runs/f5_main_b_dt6p25e5/status.json,97,7fe718991cffda38b0d4c8e57603f61e112292d95ae064ba85d0435f3a450dce,run_evidence
06_experiments/stage_01f5b_requalification_execution/runs/f5_main_b_dt6p25e5/summary.json,2078,2a531734d31f5ef95f142049e2e32a5daa439dd1f79128a9394e17e3d7f422fd,run_evidence
06_experiments/stage_01f5b_requalification_execution/runs/f5_main_b_dt6p25e5_rep2/status.json,102,b1dede2ce3611d6dffec6e249053a47db601a78d2b332afa17ba3dc8e7ebaeca,run_evidence
06_experiments/stage_01f5b_requalification_execution/runs/f5_main_b_dt6p25e5_rep2/summary.json,2098,3fc744b289ed54094c23dfb1fb2960f2ca7c8d7caf310606b132e68c46ce1b76,run_evidence
06_experiments/stage_01f5b_requalification_execution/runs/f5_n64_smoke_a/infrastructure_failure.json,440,047609812d0959c727574c2714ff917a8c6631438c6c0ed1f5e57888c16462d4,run_evidence
06_experiments/stage_01f5b_requalification_execution/runs/f5_n64_smoke_a/status.json,223,08fa29a042093d7033e5fcf4454b0a35b29e3f93ef584e6eb5e8dc113428939f,run_evidence
06_experiments/stage_01f5b_requalification_execution/runs/f5_n64_smoke_a_infra_retry1/status.json,106,87e6c6d46e3273541a932ef8d7f88cec4629be35bd3e29e07d6594ed9d0fb720,run_evidence
06_experiments/stage_01f5b_requalification_execution/runs/f5_n64_smoke_a_infra_retry1/summary.json,2211,8f81864854fc97240946398734d33c2689f4ea7029c2a9ff380b9a5443a48b68,run_evidence
06_experiments/stage_01f5b_requalification_execution/runs/f5_n64_smoke_b/status.json,93,e1d25b9f721a6c8f4c4a2bf78e0fb2b50de7d69f98fa858ae7dd839936a17d66,run_evidence
06_experiments/stage_01f5b_requalification_execution/runs/f5_n64_smoke_b/summary.json,2182,12986dbd12487d23472505f8ff455f496c58f29233e5f76b253e92a49063895c,run_evidence
06_experiments/stage_01f5b_requalification_execution/runs/f5_ref_hold_a_baseline/status.json,101,b259ec8d08a291c71edb173d23b77c4dad5d990c2b770c9b70cf262995716fe1,run_evidence
06_experiments/stage_01f5b_requalification_execution/runs/f5_ref_hold_a_baseline/summary.json,3224,d3005aec4e50b344b712821e246fd5a30202b608a3586a9ed4fa12db9b0b2315,run_evidence
06_experiments/stage_01f5b_requalification_execution/runs/f5_ref_hold_a_third/status.json,98,5bb31775a250b88477611691b381c4084338ef6d01b36e77914e8f2745973396,run_evidence
06_experiments/stage_01f5b_requalification_execution/runs/f5_ref_hold_a_third/summary.json,3221,18975e4733dc35eb7b33f15bdd01733d2c4de8687f1ee018628f43294c87e011,run_evidence
06_experiments/stage_01f5b_requalification_execution/runs/f5_ref_hold_a_tighter/status.json,100,a057dee45600100997b7700e9730e556a7c2eeb8c705a6a32ee913a0389f38b2,run_evidence
06_experiments/stage_01f5b_requalification_execution/runs/f5_ref_hold_a_tighter/summary.json,3221,d6769e89193888e19afe803301904e5012cb3bad5cb2bb3b71c36fd2fdb19433,run_evidence
06_experiments/stage_01f5b_requalification_execution/runs/f5_ref_hold_b_baseline/status.json,101,a81d3ad17089ccc475b3bdd38a480afed219fa23a4c6167de8af28586d09881b,run_evidence
06_experiments/stage_01f5b_requalification_execution/runs/f5_ref_hold_b_baseline/summary.json,3222,540a66d543fdb4b0fa898166f7c0b2b5795740d6435057729c30ccdc1bacfc4c,run_evidence
06_experiments/stage_01f5b_requalification_execution/runs/f5_ref_hold_b_third/status.json,98,23b2be52526c190b5b84c01453abc4134e528be4365b0729a1ba695adabe70a9,run_evidence
06_experiments/stage_01f5b_requalification_execution/runs/f5_ref_hold_b_third/summary.json,3216,b49b42a55e729ec349b1532abaca1574b1d7c6126d3b002c54769bc69668e4b7,run_evidence
06_experiments/stage_01f5b_requalification_execution/runs/f5_ref_hold_b_tighter/status.json,100,efe98b2e0772fb040393e9dd2346b3108011afbb674a16b72ea57f207d2dba74,run_evidence
06_experiments/stage_01f5b_requalification_execution/runs/f5_ref_hold_b_tighter/summary.json,3220,a7d03cc1a27234e01b3a6d2585582afdedf4eac890ff492511521998bf26d86f,run_evidence
06_experiments/stage_01f5b_requalification_execution/runs/f5_ref_main_a_baseline/status.json,101,943aef2d186990cfb0f4ef6df0b24e768149ccbe58db151cc2f0eac5f81bb336,run_evidence
06_experiments/stage_01f5b_requalification_execution/runs/f5_ref_main_a_baseline/summary.json,3239,bfa9d5721136f4c2eb8389fc691b98701c91c1fa17de4b3a7067e0b7a49dfce0,run_evidence
06_experiments/stage_01f5b_requalification_execution/runs/f5_ref_main_a_third/status.json,98,9d56e7f5c23a195eb9892d9f295b35a3d2f8bfe83fcf72339b2eec4a48f99303,run_evidence
06_experiments/stage_01f5b_requalification_execution/runs/f5_ref_main_a_third/summary.json,3235,feeb9b4dc403df172638ee0fe6442eda47910f31fbf802e08f3cff288386b166,run_evidence
06_experiments/stage_01f5b_requalification_execution/runs/f5_ref_main_a_tighter/status.json,100,1d55b6566c596b6db0a8b6fd31a4ca61d27e32392ab1d13b39877c0fe7c39f4f,run_evidence
06_experiments/stage_01f5b_requalification_execution/runs/f5_ref_main_a_tighter/summary.json,3239,eb63b02e1a434cbe3f4e1d17233cf761ec9fc8f6c940b5f46d21cf92ffac6a92,run_evidence
06_experiments/stage_01f5b_requalification_execution/runs/f5_ref_main_b_baseline/status.json,101,982fbca43a0db471ce8e05cedbeb9b5a09d72175b2275ba7073202cccd75d897,run_evidence
06_experiments/stage_01f5b_requalification_execution/runs/f5_ref_main_b_baseline/summary.json,3236,de9076ac23bc832a0b33218a1ed23952a6cf66f9f32011c25bd16c22cc261e7b,run_evidence
06_experiments/stage_01f5b_requalification_execution/runs/f5_ref_main_b_third/status.json,98,e6a1f938ca5c35f4f77cd9b15ea5e79f7e4ce1e38c46191756fe0d4fbedafa1d,run_evidence
06_experiments/stage_01f5b_requalification_execution/runs/f5_ref_main_b_third/summary.json,3231,90f10fe988bce70f0ae6743f78a6c3c9dc74628819a8500d2a4da2ec293a7c61,run_evidence
06_experiments/stage_01f5b_requalification_execution/runs/f5_ref_main_b_tighter/status.json,100,1284272035d96c04daf0657a9fad2ce6ca5b5e79c47c05cfbf5b5404163e3e21,run_evidence
06_experiments/stage_01f5b_requalification_execution/runs/f5_ref_main_b_tighter/summary.json,3233,2a3987e5f5895c5e713c10501360e3f26c9eb94e2e52e47b5643c49a7020f9b5,run_evidence
06_experiments/stage_01f5b_requalification_execution/runs/f5_ref_space_b_n16_baseline/status.json,106,b6734a19e3718f4e89e467f36b1a235bb17b11823850226e9f248248d5b3baf7,run_evidence
06_experiments/stage_01f5b_requalification_execution/runs/f5_ref_space_b_n16_baseline/summary.json,3570,345f6333b0f408bce2e075491cd25e2e92780f86cf1fb87cb62951d3526de9af,run_evidence
06_experiments/stage_01f5b_requalification_execution/runs/f5_ref_space_b_n16_third/status.json,103,696cf76ff63e3e10a67eb126aae52befb246a35ebfbcebb4c6e54bedb6f1603e,run_evidence
06_experiments/stage_01f5b_requalification_execution/runs/f5_ref_space_b_n16_third/summary.json,3560,83a0bf348b758582a0e40365bc04d9e4be8bd33f1440e59f3ce572f4f68fab96,run_evidence
06_experiments/stage_01f5b_requalification_execution/runs/f5_ref_space_b_n16_tighter/status.json,105,c27a7b39f0ab3209c149db4e9d23494653e4750b577594b3ed8713bf37658afd,run_evidence
06_experiments/stage_01f5b_requalification_execution/runs/f5_ref_space_b_n16_tighter/summary.json,3571,fb588e9cb338bc4897469b28536d8c18a986824365310c94f712aefeaae57f37,run_evidence
06_experiments/stage_01f5b_requalification_execution/runs/f5_ref_space_b_n24_baseline/status.json,106,dffbf500bd34d67f23b1806a920e81aec190479c8cf04a341f532271189b9df5,run_evidence
06_experiments/stage_01f5b_requalification_execution/runs/f5_ref_space_b_n24_baseline/summary.json,4441,9728568bad47815b6291594dade9237b2d493cda1b41fec29b9275bd4180c693,run_evidence
06_experiments/stage_01f5b_requalification_execution/runs/f5_ref_space_b_n24_third/status.json,103,84bb8a8a8d635aa0448cf2a96cda6031ad7a89f01cd4e243ace27a7a9dd791e0,run_evidence
06_experiments/stage_01f5b_requalification_execution/runs/f5_ref_space_b_n24_third/summary.json,4517,177f39459097a6969c755d44555afdbed37c3dbb14b77cbb95175a960af6e317,run_evidence
06_experiments/stage_01f5b_requalification_execution/runs/f5_ref_space_b_n24_tighter/status.json,105,e5a262ac33263b3a527a55be08a4b17035c77ecdd4f7a66d6a8657cac878e4fe,run_evidence
06_experiments/stage_01f5b_requalification_execution/runs/f5_ref_space_b_n24_tighter/summary.json,4479,109ee5dd7449afb50780bbbec81f02d06ec9f42ef17c98a44bb7d9ef7901feec,run_evidence
06_experiments/stage_01f5b_requalification_execution/runs/f5_ref_space_b_n32_baseline/status.json,106,50115652a4a802cd28620098221e9ee37858d53b1e8d3753913a5b22f016385a,run_evidence
06_experiments/stage_01f5b_requalification_execution/runs/f5_ref_space_b_n32_baseline/summary.json,4272,ce70e645317ccc9d76034b00f2095cca561d41583ae0fe0d9454039b6818e378,run_evidence
06_experiments/stage_01f5b_requalification_execution/runs/f5_ref_space_b_n32_third/status.json,103,003a8485e18b06a324ff65b8a694282300c24b43ca06addf25039a43be1d7230,run_evidence
06_experiments/stage_01f5b_requalification_execution/runs/f5_ref_space_b_n32_third/summary.json,4276,689889cf69f249efffea0f08abeaf8af62f838e00ea1809a5d9f59514c389405,run_evidence
06_experiments/stage_01f5b_requalification_execution/runs/f5_ref_space_b_n32_tighter/status.json,105,08ece185488529c5c4bcb987885e4bab05149167e70572d6a1d812ad644a9d7b,run_evidence
06_experiments/stage_01f5b_requalification_execution/runs/f5_ref_space_b_n32_tighter/summary.json,4280,f61060e6c7425b5a0bacff3b7e9a173a3e8595d124d0914940192ec0e70293a7,run_evidence
06_experiments/stage_01f5b_requalification_execution/runs/f5_ref_space_b_n48_baseline/status.json,106,63b7251054d76f3a356a84f5a662a7808c57fe37a5b5d659108f3d573b88e13b,run_evidence
06_experiments/stage_01f5b_requalification_execution/runs/f5_ref_space_b_n48_baseline/summary.json,6277,5cc2173eb4b10dce53b4e3980a4c31165937368569ad626ad74885a5cda52530,run_evidence
06_experiments/stage_01f5b_requalification_execution/runs/f5_ref_space_b_n48_third/status.json,103,54038eebac3d33649ea03b74fe9fce7e9cce427a01d0d9fed0a9c9ea9fd3f675,run_evidence
06_experiments/stage_01f5b_requalification_execution/runs/f5_ref_space_b_n48_third/summary.json,6343,478921155800779552177598debd5b80a1751f34d9fc9902289c55e5dcfb0db3,run_evidence
06_experiments/stage_01f5b_requalification_execution/runs/f5_ref_space_b_n48_tighter/status.json,105,e8d6d7a65fb984941f554c7289fca7863e53941397e99356672468b3b1c11040,run_evidence
06_experiments/stage_01f5b_requalification_execution/runs/f5_ref_space_b_n48_tighter/summary.json,6303,0c643bca47f97030ba7e442c8739bc51fda56595fb7b3685956afc3314ad02ed,run_evidence
06_experiments/stage_01f5b_requalification_execution/runs/f5_ref_space_b_n64_baseline/status.json,106,ada7e0ad46cfd1c03a82a74df951ecb20b8cb5edee57a0fd2728b2f63a065a1b,run_evidence
06_experiments/stage_01f5b_requalification_execution/runs/f5_ref_space_b_n64_baseline/summary.json,8305,cfb6832ba922f00858ee6074765e72bb537fe3247641fd4e3e3b355b80c2a271,run_evidence
06_experiments/stage_01f5b_requalification_execution/runs/f5_ref_space_b_n64_third/status.json,103,b5a53dbb96d5226e80cc50f9197002544966f52671b8b737a8d4c8de2627b96d,run_evidence
06_experiments/stage_01f5b_requalification_execution/runs/f5_ref_space_b_n64_third/summary.json,9068,d4bacc75a113b4535f7345d6b422babab316eb1629e48fe429b9e491b1f1c2ea,run_evidence
06_experiments/stage_01f5b_requalification_execution/runs/f5_ref_space_b_n64_tighter/status.json,105,eaf13e1a857972de82bfa1b72dd76b5fdb1fcc279b4ae34d494d864387d49df9,run_evidence
06_experiments/stage_01f5b_requalification_execution/runs/f5_ref_space_b_n64_tighter/summary.json,8630,37ae4aa7133cb5e76dc25ef6eec406a35e6065abac6206bdd4e043698ac727b1,run_evidence
06_experiments/stage_01f5b_requalification_execution/runs/f5_space_a_n16/status.json,93,64ba1d68e2dfadb47518c1cdf3a9867104dc440933cac6149574570eded1ee23,run_evidence
06_experiments/stage_01f5b_requalification_execution/runs/f5_space_a_n16/summary.json,2076,6ffec77bc3eb7439eaa76a5f9e0708bf3e8cf5e01c61106f5c156d16cc82cc68,run_evidence
06_experiments/stage_01f5b_requalification_execution/runs/f5_space_a_n24/status.json,93,06acd1d3bb041ca7874b5ad49624909f4882e8a2564fbb2f7fe482ff5c3d9505,run_evidence
06_experiments/stage_01f5b_requalification_execution/runs/f5_space_a_n24/summary.json,2068,6b3617357934c6787a10000e68b4e7991ecbaaae4cb930baace2e003e0c581de,run_evidence
06_experiments/stage_01f5b_requalification_execution/runs/f5_space_a_n32/status.json,93,5577e5a9edae8c78571134c587bfa72ce7f06669e52d24c6eae663fbc20319a7,run_evidence
06_experiments/stage_01f5b_requalification_execution/runs/f5_space_a_n32/summary.json,2078,146351310470cb63f2cf1bf936fa03251adcd15d704d5600b1ef6b58a93acc78,run_evidence
06_experiments/stage_01f5b_requalification_execution/runs/f5_space_a_n32_rep2/status.json,98,2b0fec533b19b7e0c5451b93a16710388494edc68937e12190402ead241f0276,run_evidence
06_experiments/stage_01f5b_requalification_execution/runs/f5_space_a_n32_rep2/summary.json,2094,d244529f831545a93bc69e3efb209f4f3aa0d8a4a5dfec774641eb5bc37b6b89,run_evidence
06_experiments/stage_01f5b_requalification_execution/runs/f5_space_a_n48/status.json,93,e019c83f057c94de1192069751619cc6a11f1eabecd96a04d347651573c3f7fb,run_evidence
06_experiments/stage_01f5b_requalification_execution/runs/f5_space_a_n48/summary.json,2065,a19fbc8aa311f6742a9f9093129eabbeece042d188bb3fd8515d09d3190399b8,run_evidence
06_experiments/stage_01f5b_requalification_execution/runs/f5_space_a_n64/status.json,93,c0b9eaae7b737a52ba70b3055217c9428423007304c948a976f8dc88c4987903,run_evidence
06_experiments/stage_01f5b_requalification_execution/runs/f5_space_a_n64/summary.json,2078,aa21acb81dfe7835447da3cf18873619323c8926b193036ee39b134ef31ed125,run_evidence
06_experiments/stage_01f5b_requalification_execution/runs/f5_space_b_n16/status.json,93,1324d2809f87cdf6b31c5ff13f02c8fac5fb7bd5e39a3236755cf053660d59d8,run_evidence
06_experiments/stage_01f5b_requalification_execution/runs/f5_space_b_n16/summary.json,2074,90c0df38f196eeb8e354f7842a1c7f14cf3c43d5d744b460dce1ac6391b61942,run_evidence
06_experiments/stage_01f5b_requalification_execution/runs/f5_space_b_n24/status.json,93,e9a2fe524a12563cbc9f94732ba565c3cdc230b51732ea00a2177108b72ae390,run_evidence
06_experiments/stage_01f5b_requalification_execution/runs/f5_space_b_n24/summary.json,2065,62cddd7f40a02bb1071d4e7cea742d381b7b1962cb5256844ea263bfbea4a075,run_evidence
06_experiments/stage_01f5b_requalification_execution/runs/f5_space_b_n32/status.json,93,e46e164735cf6ede8327c9c8fa061e76e1e4cb58a9d451c10f4231be329926d9,run_evidence
06_experiments/stage_01f5b_requalification_execution/runs/f5_space_b_n32/summary.json,2099,ab8a72c311de745835596062d2d02fbf2f0b4cf672085c5fb7a0bae8b22a86de,run_evidence
06_experiments/stage_01f5b_requalification_execution/runs/f5_space_b_n32_rep2/status.json,98,1902963810936c27e85962b266f37e18b4fd678f2dcf35ad0bfc8fa9abcf1ef7,run_evidence
06_experiments/stage_01f5b_requalification_execution/runs/f5_space_b_n32_rep2/summary.json,2118,6a85713789028ddaddf5124e7641719491d47529303e258ed30cc0e88fffffef,run_evidence
06_experiments/stage_01f5b_requalification_execution/runs/f5_space_b_n48/status.json,93,93f67287544664e7a66fe7446f419e8ec7a0b5a3f082bbcd4b32560cb3ea5d34,run_evidence
06_experiments/stage_01f5b_requalification_execution/runs/f5_space_b_n48/summary.json,2063,6599d2a8f207daf1808fedbbb351609846b7f270db153b1c214e02be7ffbc6fd,run_evidence
06_experiments/stage_01f5b_requalification_execution/runs/f5_space_b_n64/status.json,93,b5a324f0c32c8c801b0290a44f0064382bd9cdfc6c29e72cd807164e6922f0ec,run_evidence
06_experiments/stage_01f5b_requalification_execution/runs/f5_space_b_n64/summary.json,2083,5d46df13cb45d9e43cca27d53284113ca192c46221aca6ba223bbdf04a60f22b,run_evidence
06_experiments/stage_01f5b_requalification_execution/runs/f5_space_iso_a_dt3p125e5/status.json,103,d34dcffd2f23a4d68cd1d4d2becd87bf5863aeb0df5602fb29ec5854434e904e,run_evidence
06_experiments/stage_01f5b_requalification_execution/runs/f5_space_iso_a_dt3p125e5/summary.json,2105,b6d4a19e45fb7edfdc383f33965795d34c0af60ee091599fb7d0c8fa9227b78d,run_evidence
06_experiments/stage_01f5b_requalification_execution/runs/f5_space_iso_a_dt6p25e5/status.json,102,e1f1fbb85862d3d6fa505be894b722e3aa08e91fa6bf474da1dc22c014b563a8,run_evidence
06_experiments/stage_01f5b_requalification_execution/runs/f5_space_iso_a_dt6p25e5/summary.json,2103,54285658e830bd95c44569a298029e312b4a64ed699390c8492f1f103d61a54d,run_evidence
06_experiments/stage_01f5b_requalification_execution/runs/f5_space_iso_b_dt3p125e5/status.json,103,104545c5a937f1495c59e0368b2be5d261d707f7a062c1c99a125abbbbea6a6c,run_evidence
06_experiments/stage_01f5b_requalification_execution/runs/f5_space_iso_b_dt3p125e5/summary.json,2125,1b8fd05970a2d8b1aca7431b8ab8cc1f10e8c84b4e4e67f7f8a6a501257302de,run_evidence
06_experiments/stage_01f5b_requalification_execution/runs/f5_space_iso_b_dt6p25e5/status.json,102,a82af6470551ead65d25ad861391083ab059fc4a53e6258c62f5a895d1d6362d,run_evidence
06_experiments/stage_01f5b_requalification_execution/runs/f5_space_iso_b_dt6p25e5/summary.json,2125,ec68d912eaa7d3f662be421cd8b86eed5d5fb05393a8ecf8aca352984b029a9a,run_evidence
06_experiments/stage_01f5b_requalification_execution/seal_stage01f5b_evidence.py,3674,edc6464fadc1bdcc53819c0f7fa53c533fb0f2bff086316bfc23ab6f4efbeeb4,stage01f5b_implementation
06_experiments/stage_01f5b_requalification_execution/stage01f5b_reference_worker.py,10523,c9f1f14cfdac9e2bc47d6850ad6ae3f214a2ef4c985a67a7c27a7ab6b362c666,stage01f5b_implementation
06_experiments/stage_01f5b_requalification_execution/stage01f5b_trajectory_worker.py,13465,ba2e201c10c1a3091ac5ffc53efe265eae7de4ad171bf67fe4ef8006f86f4b64,stage01f5b_implementation
06_experiments/stage_01f5p_branch_completeness/manifests/n64_dependency_dag.json,2097,d897d6804d5739a60a2842483884ebfb8b38e80fb479199b579c32461100bc85,frozen_input
06_experiments/stage_01f5p_branch_completeness/manifests/stage01f5_execution_run_matrix_v2.csv,12307,ebbfa5fd3ffced88d1995fc34000b4e1a25524cb93d23e9d6fd9b9a4c4ab061b,frozen_input
06_experiments/stage_01f5q_space_horizon_amendment/configs/formal_space_common_times.csv,189,b4c589e4096b104bed4f6300c85463c3417d11dab939b840c83b63ddf5cde029,frozen_input
06_experiments/stage_01f5q_space_horizon_amendment/configs/formal_space_horizon_amendment.yml,3674,8a983c3404b239fa5ec564bc98dbaa512016b80a0bb8154cce7e7072a7c3b44d,frozen_input
06_experiments/stage_01f5q_space_horizon_amendment/manifests/stage01f5_execution_bundle_v3.json,3014,7a0b4b2712458b90846bb495ef51c2a7e03226822dda5baeb48aba50345a9cce,frozen_input
06_experiments/stage_01f5q_space_horizon_amendment/manifests/stage01f5p_frozen_sha256_manifest.csv,1243,91afb4a920cbdba40d5b42a67e8782ae80049eb6aa24a499bb9bc6684c41ebb3,frozen_input
06_experiments/stage_01f5q_space_horizon_amendment/manifests/stage01f5q_space_parameter_binding.csv,5650,0e193804ba766dfbbae9d39271e80061e3268c2675fe5fdfbdefdd3dcb296333,frozen_input
06_experiments/stage_01f5q_space_horizon_amendment/results/stage01f5q_dry_resolution_audit.csv,28648,32218da705ef55d1aa69e2b4b02765224dbaafc8f9a6a29097dc2a51de6098aa,frozen_input
06_experiments/stage_01f5q_space_horizon_amendment/results/stage01f5q_evaluation.json,930,f51ce237011b3af2e96ffc030a4cd6cf38982278bc166f506b42a60136e88e3d,frozen_input
07_reports/stage_01f5b_balance_resources_determinism.md,811,aec9456f3af699b1bb2c9d4576d07f0e143d522d7379989d5859895ab1644a85,stage01f5b_report
07_reports/stage_01f5b_final_report.md,8090,f167ced0a0b9f4049a1f19a3295f8c3a6a4fe129214ec6ab8a8caad45e70f5ff,stage01f5b_report
07_reports/stage_01f5b_freeze_and_preflight.md,2071,1fb606f6a487f8cb5e4ee5e9891bba35c5d7633e4d3b070920f7926789f004a0,stage01f5b_report
07_reports/stage_01f5b_heldout_requalification.md,1379,5d198822d66da6ffcb996baa77d374389e5c2e216e8c1f22405fb71da0b4a00f,stage01f5b_report
07_reports/stage_01f5b_main_plateau_assessment.md,3950,5717cea956a87ad05b2547c505a60b9a309d472acfffe92cea834311d3aa9bf4,stage01f5b_report
07_reports/stage_01f5b_main_time_requalification.md,1212,4758995643702c4b5872505a186739894cd21da662188d110b924e5d83c5ec96,stage01f5b_report
07_reports/stage_01f5b_n64_branch.md,1254,f7c144e72ba9259030da0e2f42d4a744ae5516b218789cb604bddef1e5f166d4,stage01f5b_report
07_reports/stage_01f5b_reference_qualification.md,783,5ca0411bf24b4b5cd564238d918d13594112af3ba3308b5624b198b7b0ad7e4c,stage01f5b_report
07_reports/stage_01f5b_space_step_decision.md,875,98f9271565002448cd9312894c6a8d9246af042f3d6d314e00f119e2d0f4f992,stage01f5b_report
07_reports/stage_01f5b_spatial_requalification.md,1104,ffa273db6469844a16be46f9b7dcfbfa10068018a7b02964d160d306ce00c965,stage01f5b_report
07_reports/stage_01f5b_uncertainty_and_gci.md,721,7c2f94eed15e0ae48f648e9c805e5eb9bbb8525e042a661ba337b20ddbe8e34f,stage01f5b_report
07_reports/stage_01f5q_final_report.md,3551,549df334c9e66907b6bdf997f5e50ecbd76d0b839426093eed401b800a306b50,frozen_input
tests/test_stage01f5b_bundle_resolution_identity.py,786,37b9ed4210fe3fed79daf78e931575680b8c48318e060dba80af115812d4b3b1,stage01f5b_test
tests/test_stage01f5b_final_status.py,682,6d68fa89b5d6da28156475823182797548309e7ce24b383e4e12d633ee482d93,stage01f5b_test
tests/test_stage01f5b_gate_immutability.py,863,f7236f3b16078e560424a525b680895dcf7d50f16aa319a4b5a8c2b1cee476d3,stage01f5b_test
tests/test_stage01f5b_n64_branch.py,1669,319a1cc91e256fcaf9ca7908cbdbbff4c32675d0ea083b4f7176731f98e41424,stage01f5b_test
tests/test_stage01f5b_no_old_data_reuse.py,608,f598e0ced206a1bf5c15c853f99037855e6a8a2a663cdbe1bda710f3b47e75ad,stage01f5b_test
tests/test_stage01f5b_no_training_artifacts.py,461,c034b81603e7c42d821e11491dc6e369f60c6c6d8ec8d9d5d01804d873171952,stage01f5b_test
tests/test_stage01f5b_numerical_source_identity.py,804,e556cb6a4011eb080a81948726423f19d288669909b7503da11824077578e94e,stage01f5b_test
tests/test_stage01f5b_run_matrix_identity.py,712,64f9b5d44275ce21ad45516aea4a467e16645a070bbaacf7f730ea0f29a30f8d,stage01f5b_test
tests/test_stage01f5b_run_order.py,636,edeec1543b04b198ba3ca6e9266c0cff27808f9faad7aeffe1ed99f5871f41a8,stage01f5b_test
tests/test_stage01f5b_space_step_decision.py,823,83efcfe19e1132f0e765d6958cabc9632dbf3d9a5275f661a368297993f56669,stage01f5b_test
tests/test_stage01f5b_stage01f5q_identity.py,841,cbca9355e27615c46af8985ec106e5cb6d652e06a00b3539dcc8f20fa57e14ce,stage01f5b_test
